id,unemployment_rate,pct_college,pct_married,median_income,act_avg,pct_lunch,year,state,zip,sch_type,level,charter
100001600143,0.12,0.45,0.35,42820.0,20.43,0.07,2016-2017,DE,19804,Regular School,High,Yes
100008000024,0.06,0.66,0.77,89320.0,19.5,0.11,2016-2017,DE,19709,Regular School,High,No
100008000225,0.06,0.7,0.71,84140.0,19.55,0.1,2016-2017,DE,19709,Regular School,High,No
100017000029,0.04,0.69,0.64,56500.0,17.74,0.3,2016-2017,DE,19958,Regular School,High,No
100018000040,0.08,0.64,0.83,54015.0,18.25,0.26,2016-2017,DE,19934,Regular School,High,No
100019000050,0.08,0.67,0.48,50649.0,17.03,0.43,2016-2017,DE,19904,Regular School,High,No
100020000238,0.08,0.75,0.5104698735341139,12825.0,18.39,0.34,2016-2017,DE,19711,Regular School,High,No
100020000239,0.08,0.62,0.6,59861.0,15.54,0.37,2016-2017,DE,19702,Regular School,High,No
100020000240,0.11,0.59,0.67,62078.0,14.98,0.35,2016-2017,DE,19713,Regular School,High,No
100023000209,0.04,0.54,0.84,61031.0,15.11,0.36,2016-2017,DE,19720,Regular School,High,No
100027000080,0.09,0.55,0.43,55347.0,17.85,0.17,2016-2017,DE,19940,Regular School,High,No
100068000085,0.11,0.47,0.51,46644.0,18.01,0.3,2016-2017,DE,19945,Regular School,High,No
100068000090,0.05,0.42,0.62,59500.0,16.07,0.45,2016-2017,DE,19947,Regular School,High,No
100079000095,0.14,0.53,0.51,40625.0,17.18,0.39,2016-2017,DE,19943,Regular School,High,No
100081000100,0.08,0.43,0.46,39428.0,16.16,0.47,2016-2017,DE,19956,Regular School,High,No
100108000111,0.09,0.3,0.69,37917.0,17.29,0.35,2016-2017,DE,19963,Regular School,High,No
100124000242,0.06,0.86,0.96,105708.0,17.97,0.3,2016-2017,DE,19803,Regular School,High,No
100124000246,0.03,0.79,0.69,102383.0,18.31,0.28,2016-2017,DE,19809,Regular School,High,No
100124000247,0.07,0.72,0.71,86429.0,18.97,0.17,2016-2017,DE,19810,Regular School,High,No
100130000274,0.08,0.83,0.66,95065.0,15.57,0.45,2016-2017,DE,19808,Regular School,High,No
100130000276,0.03,0.81,0.84,151750.0,18.77,0.3,2016-2017,DE,19807,Regular School,High,No
100153000158,0.08,0.53,0.64,57929.0,15.62,0.53,2016-2017,DE,19973,Regular School,High,No
100162000299,0.1,0.5,0.54,51103.0,17.03,0.28,2016-2017,DE,19977,Regular School,High,No
100185000194,0.12,0.37,0.55,50739.0,16.0,0.45,2016-2017,DE,19950,Regular School,High,No
120003000013,0.12,0.73,0.36,19782.0,24.04,0.38,2016-2017,FL,32609,Regular School,High,No
120003000019,0.04,0.65,0.65,54225.0,21.69,0.43,2016-2017,FL,32669,Regular School,High,No
120003000020,0.05,0.64,0.6,46554.0,22.67,0.36,2016-2017,FL,32615,Regular School,High,No
120003000028,0.12,0.38,0.45,33354.0,26.72,0.49,2016-2017,FL,32641,Regular School,High,No
120003000029,0.03,0.81,0.68,75341.0,23.35,0.26,2016-2017,FL,32606,Regular School,High,No
120006000035,0.09,0.38,0.79,65391.0,17.49,0.39,2016-2017,FL,32040,Regular School,High,No
120009000039,0.21,0.55,0.75,25747.0,22.62,0.48,2016-2017,FL,32401,Regular School,High,No
120009000064,0.11,0.35,0.42,35256.0,20.37,0.46,2016-2017,FL,32401,Regular School,High,No
120009000067,0.04,0.52,0.57,43151.0,23.16,0.3,2016-2017,FL,32444,Regular School,High,No
120009004305,0.08,0.65,0.4,48778.0,23.28,0.36,2016-2017,FL,32407,Regular School,High,No
120009007903,0.18,0.67,0.37,25392.0,22.74,0.13,2016-2017,FL,32404,Regular School,High,Yes
120012000070,0.13,0.47,0.51,33636.0,17.98,0.41,2016-2017,FL,32091,Regular School,High,No
120015000078,0.2,0.63,0.5,29099.0,22.03,0.32,2016-2017,FL,32780,Regular School,High,No
120015000088,0.09,0.59,0.35,41615.0,22.86,0.33,2016-2017,FL,32796,Regular School,High,No
120015000090,0.16,0.35,0.12,20625.0,22.64,0.27,2016-2017,FL,32955,Regular School,High,No
120015000100,0.18,0.4,0.32,30345.0,20.01,0.6,2016-2017,FL,32926,Regular School,High,No
120015000103,0.18,0.64,0.47,28940.0,23.06,0.22,2016-2017,FL,32901,Regular School,High,No
120015000104,0.11,0.69,0.55,42364.0,22.55,0.44,2016-2017,FL,32901,Regular School,High,No
120015000109,0.15,0.54,0.62,42823.0,21.54,0.35,2016-2017,FL,32935,Regular School,High,No
120015000118,0.16,0.68,0.58,37185.0,22.35,0.22,2016-2017,FL,32953,Regular School,High,No
120015000119,0.16,0.68,0.58,37185.0,25.84,0.08,2016-2017,FL,32953,Regular School,High,No
120015000127,0.1,0.84,0.54,64151.0,24.55,0.2,2016-2017,FL,32931,Regular School,High,No
120015000131,0.03,0.89,0.72,61726.0,23.82,0.15,2016-2017,FL,32937,Regular School,High,No
120015002977,0.11,0.54,0.94,56912.0,23.52,0.31,2016-2017,FL,32927,Regular School,High,No
120015003293,0.09,0.54,0.56,42979.0,21.54,0.38,2016-2017,FL,32908,Regular School,High,No
120015003296,0.1,0.69,0.79,39558.0,26.23,0.08,2016-2017,FL,32935,Regular School,High,No
120015004244,0.11,0.68,0.75,66603.0,22.96,0.08,2016-2017,FL,32940,Regular School,High,No
120015007530,0.22,0.52,0.67,48565.0,19.3,0.48,2016-2017,FL,32907,Regular School,High,No
120018000153,0.12,0.52,0.44,35256.0,20.57,0.58,2016-2017,FL,33020,Regular School,High,No
120018000157,0.12,0.62,0.41,42275.0,19.08,0.72,2016-2017,FL,33312,Regular School,High,No
120018000160,0.12,0.46,0.64,51500.0,19.32,0.58,2016-2017,FL,33024,Regular School,High,No
120018000168,0.31,0.26,0.16,15942.0,17.69,0.76,2016-2017,FL,33060,Regular School,High,No
120018000171,0.11,0.46,0.42,25477.0,17.27,0.74,2016-2017,FL,33009,Regular School,High,No
120018000217,0.12,0.53,0.85,31934.0,21.3,0.57,2016-2017,FL,33305,Regular School,High,No
120018000225,0.2,0.49,0.56,45759.0,20.05,0.48,2016-2017,FL,33065,Regular School,High,No
120018000231,0.2,0.45,0.43,43669.0,18.47,0.64,2016-2017,FL,33334,Regular School,High,No
120018000234,0.09,0.6,0.64,38598.0,21.52,0.42,2016-2017,FL,33314,Regular School,High,No
120018000241,0.06,0.63,0.5,58329.0,19.05,0.56,2016-2017,FL,33313,Regular School,High,No
120018000247,0.09,0.87,0.98,84063.0,18.83,0.59,2016-2017,FL,33021,Regular School,High,No
120018000249,0.09,0.71,0.76,59410.0,17.25,0.72,2016-2017,FL,33066,Regular School,High,No
120018000251,0.19,0.32,0.28,28689.0,20.18,0.61,2016-2017,FL,33441,Regular School,High,No
120018000252,0.15,0.64,0.31,36660.0,18.05,0.78,2016-2017,FL,33309,Regular School,High,No
120018000253,0.17,0.62,0.42,50984.0,20.49,0.59,2016-2017,FL,33025,Regular School,High,No
120018000264,0.12,0.56,0.53,42384.0,18.2,0.54,2016-2017,FL,33351,Regular School,High,No
120018000265,0.11,0.64,0.53,71325.0,22.25,0.19,2016-2017,FL,33328,Regular School,High,No
120018000272,0.06,0.35,0.73,40247.0,19.96,0.54,2016-2017,FL,33317,Regular School,High,No
120018002117,0.06,0.73,0.73,86518.0,20.93,0.4,2016-2017,FL,33071,Regular School,High,No
120018002120,0.08,0.51,0.63,53952.0,21.32,0.31,2016-2017,FL,33325,Regular School,High,No
120018002721,0.06,0.74,0.78,97143.0,22.96,0.18,2016-2017,FL,33076,Regular School,High,No
120018003029,0.07,0.79,0.79,82178.0,20.86,0.37,2016-2017,FL,33028,Regular School,High,No
120018003301,0.09,0.71,0.47,43324.0,22.72,0.28,2016-2017,FL,33060,Regular School,High,No
120018003684,0.13,0.65,0.84,45954.0,26.55,0.2,2016-2017,FL,33314,Regular School,High,No
120018003815,0.09,0.72,0.85,113203.0,23.06,0.13,2016-2017,FL,33332,Regular School,High,No
120018003823,0.1,0.64,0.87,85717.0,20.3,0.27,2016-2017,FL,33029,Regular School,High,Yes
120018004037,0.13,0.7,0.6,67855.0,20.42,0.44,2016-2017,FL,33065,Regular School,High,No
120018004050,0.08,0.71,0.89,83802.0,19.81,0.39,2016-2017,FL,33073,Regular School,High,No
120018004052,0.06,0.81,0.72,89750.0,20.2,0.37,2016-2017,FL,33027,Regular School,High,No
120018007555,0.1,0.64,0.87,85717.0,21.84,0.19,2016-2017,FL,33029,Regular School,High,No
120024000296,0.24,0.51,0.14,26636.0,21.94,0.4,2016-2017,FL,33950,Regular School,High,No
120024000298,0.22,0.58,0.71,44063.0,22.84,0.35,2016-2017,FL,34224,Regular School,High,No
120024002122,0.06,0.56,0.52,38237.0,21.18,0.48,2016-2017,FL,33948,Regular School,High,No
120024007659,0.24,0.51,0.14,26636.0,23.23,0.01,2016-2017,FL,33950,Regular School,High,Yes
120027000305,0.19,0.54,0.38,32095.0,20.15,0.47,2016-2017,FL,34452,Regular School,High,No
120027000314,0.12,0.39,0.54,29109.0,21.35,0.49,2016-2017,FL,34428,Regular School,High,No
120027002425,0.11,0.49,0.54,35531.0,21.74,0.42,2016-2017,FL,34461,Regular School,High,No
120030000323,0.12,0.55,0.52,39375.0,20.89,0.38,2016-2017,FL,32073,Regular School,High,No
120030000328,0.2,0.57,0.73,55221.0,21.42,0.36,2016-2017,FL,32656,Regular School,High,No
120030000330,0.12,0.49,0.26,37944.0,21.64,0.3,2016-2017,FL,32043,Regular School,High,No
120030002053,0.04,0.62,0.6,58974.0,20.32,0.33,2016-2017,FL,32068,Regular School,High,No
120030002494,0.08,0.55,0.58,47981.0,21.91,0.27,2016-2017,FL,32065,Regular School,High,No
120030004062,0.12,0.68,0.65,86081.0,22.91,0.11,2016-2017,FL,32003,Regular School,High,No
120030007558,0.09,0.71,0.73,82955.0,20.1,0.21,2016-2017,FL,32065,Regular School,High,No
120033000343,0.1,0.65,0.8,61088.0,21.69,0.37,2016-2017,FL,34102,Regular School,High,No
120033000354,0.17,0.32,0.65,44471.0,20.54,0.61,2016-2017,FL,34113,Regular School,High,No
120033000355,0.08,0.09,0.35,18861.0,17.54,0.87,2016-2017,FL,34142,Regular School,High,No
120033000357,0.05,0.7,0.66,48660.0,22.81,0.24,2016-2017,FL,34109,Regular School,High,No
120033003336,0.08,0.72,0.77,63483.0,22.33,0.2,2016-2017,FL,34119,Regular School,High,No
120033003959,0.12,0.6,0.49,43057.0,18.64,0.67,2016-2017,FL,34116,Regular School,High,No
120033003960,0.06,0.56,0.57,59273.0,20.42,0.4,2016-2017,FL,34120,Regular School,High,No
120036000358,0.13,0.56,0.48,44231.0,21.45,0.45,2016-2017,FL,32025,Regular School,High,No
120039000589,0.09,0.58,0.59,33465.0,18.37,0.7,2016-2017,FL,33015,Regular School,High,No
120039000590,0.03,0.93,0.79,122750.0,20.47,0.61,2016-2017,FL,33146,Regular School,High,No
120039000591,0.08,0.38,0.47,38911.0,15.51,0.76,2016-2017,FL,33013,Regular School,High,No
120039000592,0.1,0.72,0.82,66385.0,15.32,0.73,2016-2017,FL,33014,Regular School,High,No
120039000593,0.21,0.24,0.56,25114.0,15.78,0.86,2016-2017,FL,33034,Regular School,High,No
120039000594,0.0,0.68,1.0,36250.0,19.57,0.58,2016-2017,FL,33139,Regular School,High,No
120039000595,0.2,0.39,0.54,45873.0,16.27,0.81,2016-2017,FL,33056,Regular School,High,No
120039000596,0.28,0.34,0.53,21844.0,14.68,0.78,2016-2017,FL,33147,Regular School,High,No
120039000599,0.17,0.6,0.7,37332.0,19.22,0.69,2016-2017,FL,33165,Regular School,High,No
120039000600,0.2,0.26,0.27,24715.0,14.63,0.88,2016-2017,FL,33127,Regular School,High,No
120039000601,0.2,0.21,0.44,15170.0,15.9,0.87,2016-2017,FL,33142,Regular School,High,No
120039000602,0.02,0.76,0.82,94439.0,19.59,0.51,2016-2017,FL,33176,Regular School,High,No
120039000603,0.18,0.5,0.58,59688.0,15.73,0.75,2016-2017,FL,33169,Regular School,High,No
120039000604,0.21,0.34,0.11,23190.0,15.51,0.81,2016-2017,FL,33150,Regular School,High,No
120039000605,0.09,0.85,0.87,97500.0,22.28,0.3,2016-2017,FL,33156,Regular School,High,No
120039000606,0.08,0.61,0.22,23644.0,18.13,0.82,2016-2017,FL,33135,Regular School,High,No
120039000607,0.1,0.76,0.74,70306.0,18.98,0.71,2016-2017,FL,33166,Regular School,High,No
120039000608,0.05,0.61,0.82,65854.0,18.32,0.6,2016-2017,FL,33183,Regular School,High,No
120039000609,0.15,0.55,0.71,29519.0,18.88,0.69,2016-2017,FL,33162,Regular School,High,No
120039000610,0.2,0.4,0.67,32333.0,16.44,0.83,2016-2017,FL,33161,Regular School,High,No
120039000612,0.09,0.68,0.78,60673.0,18.2,0.75,2016-2017,FL,33030,Regular School,High,No
120039000613,0.05,0.83,0.85,60521.0,18.3,0.68,2016-2017,FL,33155,Regular School,High,No
120039000614,0.11,0.34,0.35,27561.0,16.59,0.78,2016-2017,FL,33157,Regular School,High,No
120039000615,0.08,0.53,0.49,52715.0,19.47,0.66,2016-2017,FL,33165,Regular School,High,No
120039001443,0.08,0.74,0.65,36651.0,26.14,0.27,2016-2017,FL,33176,Regular School,High,No
120039001478,0.28,0.34,0.53,21844.0,16.78,0.79,2016-2017,FL,33147,Regular School,High,No
120039002735,0.1,0.61,0.9,85893.0,18.86,0.64,2016-2017,FL,33185,Regular School,High,No
120039002736,0.13,0.58,0.46,37350.0,23.11,0.29,2016-2017,FL,33137,Regular School,High,No
120039002810,0.10128729072435963,0.34,0.6248579173179427,36103.26295072074,22.62,0.24,2016-2017,FL,33132,Regular School,High,No
120039002988,0.15,0.41,0.62,34725.0,19.42,0.54,2016-2017,FL,33018,Regular School,High,No
120039003052,0.15,0.53,0.61,56169.0,22.55,0.32,2016-2017,FL,33157,Regular School,High,No
120039003345,0.07,0.53,0.58,61118.0,21.4,0.48,2016-2017,FL,33179,Regular School,High,No
120039003562,0.35,0.3,0.24,16328.0,14.8,0.89,2016-2017,FL,33136,Regular School,High,No
120039003699,0.04,0.85,0.72,62158.0,20.23,0.4,2016-2017,FL,33172,Regular School,High,Yes
120039003838,0.2,0.38,0.5,29637.0,20.37,0.61,2016-2017,FL,33016,Regular School,High,Yes
120039003973,0.05,0.91,0.97,64236.0,19.3,0.28,2016-2017,FL,33133,Regular School,High,Yes
120039003975,0.16,0.56,0.49,44224.0,17.08,0.65,2016-2017,FL,33032,Regular School,High,Yes
120039003977,0.04,0.31,0.8,25616.0,19.81,0.52,2016-2017,FL,33135,Regular School,High,Yes
120039004077,0.12,0.52,0.93,48171.0,19.98,0.48,2016-2017,FL,33185,Regular School,High,No
120039004078,0.13,0.39,0.52,37760.0,19.32,0.59,2016-2017,FL,33177,Regular School,High,No
120039004339,0.06,0.7,0.67,55098.0,20.49,0.6,2016-2017,FL,33014,Regular School,High,No
120039004340,0.08,0.76,0.79,62765.0,18.37,0.57,2016-2017,FL,33196,Regular School,High,No
120039004726,0.0,0.75,0.86,48250.0,20.67,0.34,2016-2017,FL,33178,Regular School,High,No
120039005493,0.04,0.85,0.72,62158.0,20.98,0.32,2016-2017,FL,33172,Regular School,High,Yes
120039005861,0.14,0.3,0.45,25490.0,19.76,0.79,2016-2017,FL,33012,Regular School,High,No
120039006229,0.12,0.39,0.6,43882.0,18.17,0.7,2016-2017,FL,33018,Regular School,High,No
120039007077,0.07,0.61,0.83,78531.0,19.0,0.54,2016-2017,FL,33015,Regular School,High,Yes
120039007242,0.07,0.25,0.32,16258.0,19.47,0.85,2016-2017,FL,33130,Regular School,High,Yes
120039007453,0.13,0.62,0.69,50703.0,18.13,0.51,2016-2017,FL,33185,Regular School,High,Yes
120039007456,0.05,0.61,0.82,65854.0,24.38,0.31,2016-2017,FL,33183,Regular School,High,Yes
120039007496,0.3,0.4,0.13,14000.0,20.62,0.65,2016-2017,FL,33128,Regular School,High,No
120039007634,0.11,0.74,0.64,43660.0,22.59,0.27,2016-2017,FL,33173,Regular School,High,No
120039007635,0.19,0.6,0.38,25060.0,19.32,0.52,2016-2017,FL,33160,Regular School,High,No
120039007923,0.1,0.29,0.64,28661.0,18.15,0.54,2016-2017,FL,33030,Regular School,High,No
120042000620,0.13,0.34,0.41,37471.0,19.4,0.7,2016-2017,FL,34266,Regular School,High,No
120048000648,0.06,0.83,0.74,45172.0,17.71,0.53,2016-2017,FL,32205,Regular School,High,No
120048000649,0.24,0.35,0.14,20212.0,15.98,0.69,2016-2017,FL,32206,Regular School,High,No
120048000671,0.15,0.33,0.07,26369.0,23.52,0.19,2016-2017,FL,32254,Regular School,High,No
120048000681,0.13,0.45,0.58,42854.0,17.71,0.53,2016-2017,FL,32211,Regular School,High,No
120048000685,0.1,0.51,0.4,33693.0,16.47,0.59,2016-2017,FL,32207,Regular School,High,No
120048000691,0.18,0.39,0.1,25517.0,16.1,0.54,2016-2017,FL,32208,Regular School,High,No
120048000706,0.19,0.4,0.18,19228.0,26.45,0.09,2016-2017,FL,32209,Regular School,High,No
120048000714,0.15,0.39,0.2,27548.0,15.32,0.63,2016-2017,FL,32209,Regular School,High,No
120048000748,0.03,0.84,0.93,68026.0,21.67,0.25,2016-2017,FL,32266,Regular School,High,No
120048000749,0.1,0.5,0.53,26196.0,17.15,0.59,2016-2017,FL,32217,Regular School,High,No
120048000759,0.1,0.68,0.72,55728.0,20.47,0.35,2016-2017,FL,32246,Regular School,High,No
120048000762,0.19,0.49,0.34,43768.0,15.73,0.48,2016-2017,FL,32244,Regular School,High,No
120048000767,0.18,0.46,0.17,30587.0,18.64,0.54,2016-2017,FL,32210,Regular School,High,No
120048000772,0.19,0.49,0.34,43768.0,17.34,0.45,2016-2017,FL,32210,Regular School,High,No
120048000773,0.19,0.4,0.18,19228.0,14.88,0.61,2016-2017,FL,32209,Regular School,High,No
120048002469,0.17,0.49,0.45,28571.0,22.11,0.13,2016-2017,FL,32207,Regular School,High,No
120048002744,0.08,0.83,0.87,97904.0,21.3,0.18,2016-2017,FL,32258,Regular School,High,No
120048002745,0.12,0.57,0.78,54417.0,17.71,0.4,2016-2017,FL,32218,Regular School,High,No
120048007629,0.05,0.88,0.72,50886.0,20.37,0.22,2016-2017,FL,32256,Regular School,High,No
120051000794,0.08,0.56,0.34,28712.0,18.66,0.51,2016-2017,FL,32506,Regular School,High,No
120051000805,0.09,0.83,0.73,48417.0,25.74,0.55,2016-2017,FL,32501,Regular School,High,No
120051000812,0.11,0.73,0.61,54590.0,22.67,0.31,2016-2017,FL,32533,Regular School,High,No
120051000837,0.11,0.72,0.72,66625.0,19.22,0.6,2016-2017,FL,32526,Regular School,High,No
120051002169,0.09,0.6,0.33,35275.0,22.52,0.44,2016-2017,FL,32504,Regular School,High,No
120051003703,0.11,0.72,0.72,66625.0,20.89,0.31,2016-2017,FL,32526,Regular School,High,No
120054000842,0.14,0.53,0.57,38319.0,19.88,0.5,2016-2017,FL,32164,Regular School,High,No
120054005533,0.08,0.63,0.69,60167.0,21.06,0.41,2016-2017,FL,32137,Regular School,High,No
120060004082,0.04,0.57,0.46,50250.0,15.12,0.45,2016-2017,FL,32333,Regular School,High,No
120072000872,0.17,0.33,0.43,35773.0,15.42,0.36,2016-2017,FL,32052,Regular School,High,No
120075000877,0.11,0.23,0.66,33143.0,17.47,0.62,2016-2017,FL,33873,Regular School,High,No
120078000888,0.21,0.44,0.48,39688.0,17.08,0.67,2016-2017,FL,33935,Regular School,High,No
120078002663,0.08,0.41,0.71,53138.0,17.74,0.69,2016-2017,FL,33440,Regular School,High,No
120081000896,0.2,0.48,0.48,35543.0,21.45,0.42,2016-2017,FL,34609,Regular School,High,No
120081002604,0.07,0.61,0.69,33239.0,19.79,0.53,2016-2017,FL,34613,Regular School,High,No
120081004083,0.13,0.5,0.72,56182.0,19.91,0.4,2016-2017,FL,34604,Regular School,High,No
120081006808,0.15,0.56,0.84,49339.0,20.69,0.53,2016-2017,FL,34614,Regular School,High,No
120084000905,0.19,0.41,0.47,22204.0,20.64,0.51,2016-2017,FL,33870,Regular School,High,No
120084000906,0.22,0.29,0.34,28787.0,18.88,0.63,2016-2017,FL,33825,Regular School,High,No
120084000907,0.08,0.48,0.64,32711.0,21.3,0.54,2016-2017,FL,33852,Regular School,High,No
120087000918,0.07,0.57,0.73,57019.0,19.18,0.48,2016-2017,FL,33510,Regular School,High,No
120087000930,0.15,0.31,0.76,30043.0,18.69,0.66,2016-2017,FL,33612,Regular School,High,No
120087000945,0.06,0.67,0.64,61186.0,18.52,0.45,2016-2017,FL,33534,Regular School,High,No
120087000960,0.03,0.68,0.57,52647.0,21.45,0.58,2016-2017,FL,33603,Regular School,High,No
120087000965,0.14,0.53,0.34,43207.0,23.01,0.54,2016-2017,FL,33610,Regular School,High,No
120087000972,0.08,0.43,0.64,38314.0,16.71,0.74,2016-2017,FL,33614,Regular School,High,No
120087000999,0.04,0.92,0.87,104888.0,23.01,0.16,2016-2017,FL,33629,Regular School,High,No
120087001000,0.14,0.4,0.41,39747.0,19.03,0.52,2016-2017,FL,33563,Regular School,High,No
120087001007,0.08,0.64,0.18,30407.0,22.18,0.37,2016-2017,FL,33616,Regular School,High,No
120087001011,0.08,0.59,0.6,50577.0,18.98,0.61,2016-2017,FL,33607,Regular School,High,No
120087002325,0.11,0.53,0.33,37460.0,20.18,0.59,2016-2017,FL,33610,Regular School,High,No
120087002437,0.11,0.68,0.52,48358.0,20.15,0.38,2016-2017,FL,33618,Regular School,High,No
120087002505,0.14,0.5,0.5,39696.0,17.03,0.66,2016-2017,FL,33584,Regular School,High,No
120087002562,0.09,0.75,0.81,95625.0,21.3,0.29,2016-2017,FL,33596,Regular School,High,No
120087002997,0.03,0.83,0.91,101176.0,19.76,0.37,2016-2017,FL,33567,Regular School,High,No
120087003179,0.13,0.68,0.28,39063.0,19.86,0.53,2016-2017,FL,33607,Regular School,High,No
120087003181,0.04,0.72,0.68,85205.0,20.62,0.29,2016-2017,FL,33626,Regular School,High,No
120087003185,0.17,0.83,0.16,53991.0,20.57,0.41,2016-2017,FL,33647,Regular School,High,No
120087003379,0.12,0.64,0.65,54093.0,19.37,0.35,2016-2017,FL,33569,Regular School,High,No
120087003711,0.05,0.76,0.72,90417.0,19.35,0.47,2016-2017,FL,33635,Regular School,High,No
120087003858,0.09,0.82,0.81,56399.0,20.62,0.47,2016-2017,FL,33647,Regular School,High,No
120087003862,0.23,0.32,0.29,25625.0,17.56,0.67,2016-2017,FL,33610,Regular School,High,No
120087004091,0.07,0.77,0.96,151250.0,22.28,0.12,2016-2017,FL,33547,Regular School,High,No
120087004169,0.1,0.66,0.66,51774.0,17.78,0.62,2016-2017,FL,33578,Regular School,High,No
120087004872,0.05,0.46,0.62,41898.0,17.49,0.65,2016-2017,FL,33570,Regular School,High,No
120087006917,0.07,0.71,0.58,40956.0,21.74,0.16,2016-2017,FL,33558,Regular School,High,No
120087006987,0.2,0.46,0.41,34000.0,19.32,0.29,2016-2017,FL,33612,Regular School,High,Yes
120087007001,0.13,0.68,0.77,72152.0,21.15,0.41,2016-2017,FL,33527,Regular School,High,No
120093001052,0.16,0.59,0.45,30590.0,22.16,0.42,2016-2017,FL,32960,Regular School,High,No
120093002283,0.11,0.39,0.74,39489.0,21.96,0.49,2016-2017,FL,32958,Regular School,High,No
120093003408,0.08,0.6,0.52,31906.0,21.96,0.07,2016-2017,FL,32966,Regular School,High,Yes
120105001092,0.14,0.48,0.55,34444.0,21.74,0.43,2016-2017,FL,32726,Regular School,High,No
120105001097,0.19,0.35,0.61,27109.0,20.96,0.55,2016-2017,FL,34748,Regular School,High,No
120105001099,0.09,0.57,0.39,43818.0,21.37,0.38,2016-2017,FL,32757,Regular School,High,No
120105001102,0.1,0.48,0.5,33375.0,21.81,0.38,2016-2017,FL,32778,Regular School,High,No
120105001105,0.09,0.47,0.85,46387.0,20.89,0.48,2016-2017,FL,32784,Regular School,High,No
120105001714,0.12,0.43,0.7,55245.0,20.25,0.41,2016-2017,FL,34736,Regular School,High,No
120105003868,0.08,0.69,0.78,59939.0,21.25,0.39,2016-2017,FL,34711,Regular School,High,No
120105007689,0.08,0.69,0.78,59939.0,21.08,0.38,2016-2017,FL,34715,Regular School,High,No
120108001133,0.2,0.24,0.28,23221.0,23.45,0.29,2016-2017,FL,33901,Regular School,High,No
120108001139,0.19,0.45,0.54,35398.0,20.3,0.36,2016-2017,FL,33903,Regular School,High,No
120108001150,0.14,0.74,0.83,51198.0,20.37,0.47,2016-2017,FL,33919,Regular School,High,No
120108001157,0.1,0.33,0.64,28321.0,21.57,0.42,2016-2017,FL,33905,Regular School,High,No
120108002075,0.14,0.59,0.56,43225.0,20.84,0.49,2016-2017,FL,33991,Regular School,High,No
120108002398,0.15,0.47,0.52,43531.0,18.49,0.68,2016-2017,FL,33971,Regular School,High,No
120108002565,0.14,0.49,0.66,53664.0,20.81,0.49,2016-2017,FL,33993,Regular School,High,No
120108002566,0.13,0.65,0.71,60846.0,21.23,0.43,2016-2017,FL,33928,Regular School,High,No
120108003952,0.13,0.64,0.97,38692.0,18.91,0.54,2016-2017,FL,33912,Regular School,High,No
120108003955,0.08,0.74,0.86,87128.0,19.18,0.48,2016-2017,FL,33913,Regular School,High,Yes
120108003965,0.1,0.75,0.67,63850.0,19.96,0.39,2016-2017,FL,33914,Regular School,High,No
120108003966,0.17,0.6,0.52,55500.0,16.78,0.78,2016-2017,FL,33974,Regular School,High,No
120108004368,0.28,0.3,0.23,25878.0,16.32,0.74,2016-2017,FL,33916,Regular School,High,No
120108007353,0.06,0.55,0.71,47647.0,18.61,0.63,2016-2017,FL,33909,Regular School,High,No
120108007441,0.1,0.75,0.67,63850.0,21.4,0.11,2016-2017,FL,33914,Regular School,High,Yes
120108007882,0.06,0.62,0.47,45375.0,23.06,0.14,2016-2017,FL,33919,Regular School,High,Yes
120111001162,0.08,0.91,0.71,38407.0,23.35,0.24,2016-2017,FL,32308,Regular School,High,No
120111001166,0.33,0.51,0.36,35076.0,21.98,0.45,2016-2017,FL,32301,Regular School,High,No
120111001176,0.16,0.82,0.24,28291.0,18.64,0.47,2016-2017,FL,32303,Regular School,High,No
120111001194,0.09,0.61,0.42,40780.0,22.91,0.19,2016-2017,FL,32311,Regular School,High,No
120111003598,0.02,0.85,0.81,94519.0,23.45,0.07,2016-2017,FL,32312,Regular School,High,No
120123001220,0.13,0.49,0.51,38516.0,19.27,0.66,2016-2017,FL,34210,Regular School,High,No
120123001223,0.09,0.49,0.8,55921.0,20.89,0.45,2016-2017,FL,34205,Regular School,High,No
120123001232,0.05,0.37,0.51,32221.0,19.42,0.52,2016-2017,FL,34221,Regular School,High,No
120123001236,0.19,0.18,0.35,28025.0,21.3,0.65,2016-2017,FL,34208,Regular School,High,No
120123003425,0.07,0.84,0.89,81605.0,22.33,0.18,2016-2017,FL,34211,Regular School,High,No
120123005608,0.06,0.61,0.6,71000.0,20.93,0.28,2016-2017,FL,34203,Regular School,High,No
120126001269,0.09,0.35,0.78,50869.0,20.32,0.57,2016-2017,FL,32113,Regular School,High,No
120126001271,0.11,0.67,0.89,67853.0,21.37,0.35,2016-2017,FL,34480,Regular School,High,No
120126001277,0.17,0.43,0.39,26862.0,23.55,0.43,2016-2017,FL,34475,Regular School,High,No
120126001280,0.12,0.5,0.68,31653.0,19.1,0.63,2016-2017,FL,34472,Regular School,High,No
120126002442,0.14,0.54,0.44,34348.0,19.03,0.57,2016-2017,FL,34432,Regular School,High,No
120126002914,0.08,0.36,0.59,32384.0,20.18,0.47,2016-2017,FL,34420,Regular School,High,No
120126004386,0.1,0.6,0.66,49149.0,20.25,0.49,2016-2017,FL,34481,Regular School,High,No
120129001282,0.14,0.47,0.27,31571.0,21.69,0.31,2016-2017,FL,34994,Regular School,High,No
120129002344,0.1,0.7,0.86,54792.0,21.94,0.34,2016-2017,FL,34997,Regular School,High,No
120129004042,0.18,0.73,0.46,43632.0,22.4,0.23,2016-2017,FL,34957,Regular School,High,No
120129004044,0.12,0.36,0.47,26471.0,23.33,0.17,2016-2017,FL,34997,Regular School,High,Yes
120132001292,0.1,0.63,0.54,60625.0,22.08,0.26,2016-2017,FL,33070,Regular School,High,No
120132001294,0.1,0.65,0.42,59052.0,20.89,0.28,2016-2017,FL,33040,Regular School,High,No
120135001317,0.06,0.48,0.65,59347.0,18.1,0.28,2016-2017,FL,32011,Regular School,High,No
120135004995,0.11,0.44,0.72,47933.0,19.2,0.32,2016-2017,FL,32097,Regular School,High,No
120138001333,0.06,0.72,0.55,44362.0,23.5,0.11,2016-2017,FL,32578,Regular School,High,No
120138001347,0.09,0.41,0.23,32256.0,23.47,0.27,2016-2017,FL,32547,Regular School,High,No
120138001348,0.14,0.56,0.66,58252.0,22.59,0.27,2016-2017,FL,32536,Regular School,High,No
120138001351,0.08,0.51,0.36,39018.0,22.67,0.26,2016-2017,FL,32548,Regular School,High,No
120138004392,0.06,0.72,0.55,44362.0,25.6,0.1,2016-2017,FL,32578,Regular School,High,Yes
120141001358,0.31,0.28,0.38,26513.0,18.52,0.52,2016-2017,FL,34972,Regular School,High,No
120144000865,0.1,0.62,0.72,54449.0,20.37,0.59,2016-2017,FL,32824,Regular School,High,No
120144001363,0.05,0.82,0.71,51944.0,21.59,0.37,2016-2017,FL,32806,Regular School,High,No
120144001364,0.05,0.82,0.77,78750.0,20.81,0.51,2016-2017,FL,32804,Regular School,High,No
120144001403,0.1,0.49,0.34,34977.0,18.35,0.68,2016-2017,FL,32807,Regular School,High,No
120144001404,0.2,0.4,0.52,36048.0,17.2,0.77,2016-2017,FL,32808,Regular School,High,No
120144001406,0.11,0.34,0.53,26480.0,15.76,1.0,2016-2017,FL,32809,Regular School,High,No
120144001447,0.09,0.85,0.9,44916.0,22.94,0.29,2016-2017,FL,32792,Regular School,High,No
120144001454,0.11,0.6,0.76,55829.0,21.54,0.29,2016-2017,FL,34787,Regular School,High,No
120144001455,0.09,0.62,0.6,57540.0,19.86,0.45,2016-2017,FL,32712,Regular School,High,No
120144001459,0.27,0.36,0.09,15852.0,17.2,0.77,2016-2017,FL,32805,Regular School,High,No
120144002572,0.05,0.79,0.78,88504.0,21.79,0.43,2016-2017,FL,32819,Regular School,High,No
120144002779,0.07,0.67,0.27,34063.0,21.54,0.47,2016-2017,FL,32817,Regular School,High,No
120144003745,0.05,0.82,0.8,79113.0,21.76,0.24,2016-2017,FL,32828,Regular School,High,No
120144003746,0.07,0.84,0.86,102981.0,21.74,0.33,2016-2017,FL,32835,Regular School,High,No
120144004117,0.07,0.59,0.65,37476.0,20.79,0.46,2016-2017,FL,32837,Regular School,High,No
120144005017,0.14,0.51,0.5,39438.0,18.98,0.57,2016-2017,FL,32703,Regular School,High,No
120144005634,0.1,0.33,0.61,33846.0,20.91,0.0,2016-2017,FL,34761,Regular School,High,Yes
120144005638,0.1,0.33,0.61,33846.0,20.54,0.53,2016-2017,FL,34761,Regular School,High,No
120144007614,0.11,0.67,0.62,46386.0,20.62,0.48,2016-2017,FL,32833,Regular School,High,No
120144007646,0.06,0.74,0.75,88626.0,21.67,0.32,2016-2017,FL,32832,Regular School,High,No
120144007822,0.05,0.76,0.76,77545.0,19.47,0.0,2016-2017,FL,32809,Regular School,High,Yes
120147001469,0.12,0.33,0.38,22885.0,17.69,0.65,2016-2017,FL,34741,Regular School,High,No
120147001473,0.18,0.45,0.61,38225.0,20.18,0.43,2016-2017,FL,34769,Regular School,High,No
120147002476,0.16,0.53,0.57,44718.0,19.88,0.61,2016-2017,FL,34744,Regular School,High,No
120147002866,0.1,0.46,0.76,45761.0,16.37,0.63,2016-2017,FL,34758,Regular School,High,No
120147003467,0.19,0.57,0.68,42475.0,19.0,0.46,2016-2017,FL,34759,Regular School,High,Yes
120147004013,0.07,0.68,0.58,41971.0,20.67,0.3,2016-2017,FL,34771,Regular School,High,No
120147004118,0.12,0.57,0.9,47083.0,21.15,0.54,2016-2017,FL,34747,Regular School,High,No
120147007417,0.07,0.6,0.71,52821.0,17.34,0.62,2016-2017,FL,34746,Regular School,High,No
120150001477,0.06,0.68,0.65,50441.0,20.91,0.24,2016-2017,FL,33458,Regular School,High,No
120150001484,0.24,0.57,0.28,27386.0,25.57,0.22,2016-2017,FL,33404,Regular School,High,No
120150001507,0.21,0.42,0.38,30985.0,15.88,0.73,2016-2017,FL,33405,Regular School,High,No
120150001516,0.17,0.15,0.23,34018.0,15.02,0.75,2016-2017,FL,33460,Regular School,High,No
120150001527,0.05,0.67,0.05,37782.0,19.27,0.58,2016-2017,FL,33445,Regular School,High,No
120150001535,0.06,0.61,0.43,46832.0,21.23,0.28,2016-2017,FL,33486,Regular School,High,No
120150001541,0.26,0.25,0.08,15408.0,15.32,0.88,2016-2017,FL,33430,Regular School,High,No
120150001548,0.18,0.31,0.38,23377.0,16.64,0.74,2016-2017,FL,33463,Regular School,High,No
120150001549,0.04,0.66,0.56,44923.0,17.81,0.57,2016-2017,FL,33410,Regular School,High,No
120150001557,0.11,0.46,0.34,30571.0,17.17,0.79,2016-2017,FL,33404,Regular School,High,Yes
120150002233,0.12,0.56,0.67,44569.0,16.93,0.63,2016-2017,FL,33462,Regular School,High,No
120150002234,0.09,0.67,0.63,43932.0,17.42,0.73,2016-2017,FL,33426,Regular School,High,Yes
120150002383,0.1,0.84,0.76,93465.0,22.64,0.2,2016-2017,FL,33496,Regular School,High,No
120150002627,0.1,0.68,0.38,55088.0,14.58,0.75,2016-2017,FL,33407,Regular School,High,No
120150002631,0.08,0.68,0.51,73693.0,20.89,0.3,2016-2017,FL,33414,Regular School,High,No
120150002783,0.03,0.75,0.48,61447.0,24.18,0.18,2016-2017,FL,33401,Regular School,High,No
120150002876,0.09,0.73,0.84,74375.0,18.96,0.34,2016-2017,FL,33434,Regular School,High,No
120150002877,0.05,0.85,0.8,87351.0,19.1,0.37,2016-2017,FL,33410,Regular School,High,No
120150003223,0.13,0.6,0.79,66021.0,16.88,0.57,2016-2017,FL,33411,Regular School,High,No
120150003755,0.1,0.72,0.61,66129.0,15.32,0.71,2016-2017,FL,33426,Regular School,High,No
120150003944,0.11,0.49,0.78,69524.0,19.08,0.34,2016-2017,FL,33470,Regular School,High,No
120150004020,0.05,0.7,0.85,67025.0,20.18,0.27,2016-2017,FL,33467,Regular School,High,No
120150004026,0.08,0.81,0.84,107500.0,21.03,0.27,2016-2017,FL,33498,Regular School,High,No
120150004121,0.08726192060712389,0.5987272455244584,0.6740517865521948,56931.63172499516,19.15,0.33,2016-2017,FL,33411,Regular School,High,No
120150004131,0.09,0.66,0.63,71761.0,19.88,0.41,2016-2017,FL,33406,Regular School,High,Yes
120153001563,0.15,0.56,0.29,31588.0,21.08,0.55,2016-2017,FL,33525,Regular School,High,No
120153001569,0.31,0.43,0.61,27434.0,20.32,0.52,2016-2017,FL,33542,Regular School,High,No
120153001578,0.12,0.36,0.56,34771.0,22.47,0.52,2016-2017,FL,34652,Regular School,High,No
120153001586,0.1,0.64,0.85,71298.0,22.42,0.23,2016-2017,FL,34638,Regular School,High,No
120153001590,0.19,0.74,0.63,36929.0,21.08,0.65,2016-2017,FL,34653,Regular School,High,No
120153003650,0.04,0.68,0.63,72910.0,20.84,0.36,2016-2017,FL,33545,Regular School,High,No
120153004423,0.03,0.79,0.88,80757.0,21.45,0.22,2016-2017,FL,34655,Regular School,High,No
120153006440,0.09,0.78,0.64,69809.0,21.42,0.21,2016-2017,FL,33543,Regular School,High,No
120153007331,0.09,0.56,0.88,54524.0,20.93,0.2,2016-2017,FL,34638,Regular School,High,No
120153007618,0.12,0.49,0.61,37500.0,19.59,0.58,2016-2017,FL,34691,Regular School,High,No
120153007713,0.07,0.6,0.8,36875.0,21.06,0.55,2016-2017,FL,34669,Regular School,High,No
120156001605,0.05,0.72,0.59,44722.0,18.39,0.34,2016-2017,FL,33707,Regular School,High,No
120156001610,0.04,0.59,0.84,61750.0,20.57,0.45,2016-2017,FL,33764,Regular School,High,No
120156001614,0.05,0.46,0.68,50074.0,17.69,0.34,2016-2017,FL,33709,Regular School,High,No
120156001616,0.11,0.64,0.48,41875.0,20.2,0.37,2016-2017,FL,34698,Regular School,High,No
120156001624,0.19,0.48,0.44,36853.0,17.52,0.46,2016-2017,FL,33711,Regular School,High,No
120156001633,0.07,0.63,0.06,27188.0,18.42,0.49,2016-2017,FL,33705,Regular School,High,No
120156001635,0.06,0.57,0.65,38177.0,21.2,0.39,2016-2017,FL,33770,Regular School,High,No
120156001647,0.09,0.55,0.63,43546.0,19.66,0.41,2016-2017,FL,33703,Regular School,High,No
120156001667,0.08,0.59,0.54,47240.0,20.42,0.42,2016-2017,FL,33773,Regular School,High,No
120156001675,0.07,0.52,0.33,32343.0,23.21,0.31,2016-2017,FL,33713,Regular School,High,No
120156001680,0.06,0.73,0.75,63208.0,22.16,0.23,2016-2017,FL,33776,Regular School,High,No
120156001693,0.15,0.63,0.56,47174.0,21.67,0.32,2016-2017,FL,34689,Regular School,High,No
120156002242,0.07,0.87,0.58,75237.0,21.62,0.31,2016-2017,FL,33761,Regular School,High,No
120156002397,0.16,0.63,0.7,47115.0,21.72,0.12,2016-2017,FL,33777,Regular School,High,No
120156003014,0.08,0.76,0.71,71071.0,24.21,0.13,2016-2017,FL,34683,Regular School,High,No
120156003110,0.06,0.79,0.92,94067.0,22.35,0.14,2016-2017,FL,34688,Regular School,High,No
120156004033,0.07,0.68,0.68,51969.0,24.5,0.18,2016-2017,FL,33710,Regular School,High,Yes
120159001703,0.1,0.66,0.84,44286.0,21.15,0.38,2016-2017,FL,33801,Regular School,High,No
120159001726,0.13,0.37,0.55,32104.0,17.88,0.48,2016-2017,FL,33880,Regular School,High,No
120159001745,0.12,0.31,0.41,33750.0,19.79,0.46,2016-2017,FL,33823,Regular School,High,No
120159001753,0.09,0.54,0.67,53173.0,19.03,0.41,2016-2017,FL,33830,Regular School,High,No
120159001762,0.06,0.62,0.73,53276.0,19.03,0.52,2016-2017,FL,33860,Regular School,High,No
120159001766,0.32,0.28,0.42,22485.0,20.01,0.54,2016-2017,FL,33815,Regular School,High,No
120159001790,0.1,0.51,0.49,42060.0,20.27,0.48,2016-2017,FL,33853,Regular School,High,Yes
120159001795,0.07,0.4,0.57,29920.0,19.13,0.59,2016-2017,FL,33844,Regular School,High,No
120159001985,0.05,0.71,0.85,86712.0,21.37,0.31,2016-2017,FL,33813,Regular School,High,No
120159002405,0.16,0.4,0.27,40677.0,19.05,0.49,2016-2017,FL,33809,Regular School,High,No
120159003016,0.13,0.35,0.55,40493.0,18.98,0.52,2016-2017,FL,33839,Regular School,High,No
120159004179,0.14,0.59,0.8,52860.0,18.74,0.55,2016-2017,FL,33837,Regular School,High,No
120159004186,0.01,0.72,0.85,61842.0,22.08,0.15,2016-2017,FL,33803,Regular School,High,Yes
120159005349,0.13,0.58,0.49,48915.0,22.28,0.19,2016-2017,FL,33881,Regular School,High,Yes
120159007310,0.18,0.31,0.9,39952.0,18.64,0.64,2016-2017,FL,33801,Regular School,High,No
120162001811,0.05,0.45,0.42,31275.0,18.44,0.57,2016-2017,FL,32177,Regular School,High,No
120165001821,0.05,0.78,0.86,85529.0,24.62,0.14,2016-2017,FL,32561,Regular School,High,No
120165001826,0.23,0.48,0.69,32449.0,18.49,0.44,2016-2017,FL,32570,Regular School,High,No
120165001830,0.07,0.6,0.81,51946.0,22.23,0.22,2016-2017,FL,32571,Regular School,High,No
120165003122,0.05,0.71,0.78,65580.0,23.23,0.18,2016-2017,FL,32566,Regular School,High,No
120168001838,0.1,0.6,0.39,45469.0,21.2,0.41,2016-2017,FL,34237,Regular School,High,No
120168001847,0.07,0.51,0.49,45455.0,23.01,0.3,2016-2017,FL,34231,Regular School,High,No
120168001851,0.11,0.61,0.82,41595.0,21.69,0.3,2016-2017,FL,34285,Regular School,High,No
120168002461,0.22,0.28,0.29,19714.0,21.45,0.59,2016-2017,FL,34234,Regular School,High,No
120168003800,0.12,0.52,0.56,45903.0,20.4,0.5,2016-2017,FL,34291,Regular School,High,No
120168003933,0.13,0.43,0.17,38851.0,21.13,0.26,2016-2017,FL,34236,Regular School,High,Yes
120168007003,0.08,0.56,0.58,58154.0,21.54,0.3,2016-2017,FL,34233,Regular School,High,No
120171001872,0.08,0.59,0.3,31516.0,23.16,0.37,2016-2017,FL,32773,Regular School,High,No
120171001886,0.04,0.76,0.66,58792.0,22.86,0.23,2016-2017,FL,32765,Regular School,High,No
120171001887,0.2,0.67,0.79,57750.0,22.25,0.37,2016-2017,FL,32750,Regular School,High,No
120171001888,0.08,0.82,0.83,82466.0,22.77,0.27,2016-2017,FL,32714,Regular School,High,No
120171001895,0.05,0.79,0.83,55152.0,21.69,0.33,2016-2017,FL,32792,Regular School,High,No
120171002261,0.03,0.87,0.65,57200.0,22.16,0.31,2016-2017,FL,32746,Regular School,High,No
120171002533,0.22,0.36,0.34,19833.0,23.03,0.33,2016-2017,FL,32771,Regular School,High,No
120171003270,0.06,0.78,0.79,88111.0,21.86,0.37,2016-2017,FL,32708,Regular School,High,No
120171005736,0.1,0.87,0.77,97031.0,23.11,0.17,2016-2017,FL,32765,Regular School,High,No
120174001916,0.09,0.48,0.52,42024.0,22.64,0.35,2016-2017,FL,32084,Regular School,High,No
120174002262,0.05,0.74,0.93,73403.0,23.47,0.09,2016-2017,FL,32081,Regular School,High,No
120174004444,0.12,0.69,0.76,52393.0,21.32,0.31,2016-2017,FL,32086,Regular School,High,No
120174004445,0.03,0.77,0.82,112375.0,22.47,0.05,2016-2017,FL,32259,Regular School,High,No
120174007246,0.04,0.86,0.92,141591.0,23.86,0.03,2016-2017,FL,32081,Regular School,High,No
120174007388,0.04,0.86,0.85,106951.0,23.08,0.05,2016-2017,FL,32259,Regular School,High,No
120177001933,0.11,0.38,0.64,27144.0,19.74,0.6,2016-2017,FL,34981,Regular School,High,No
120177002104,0.17,0.41,0.17,29421.0,20.98,0.68,2016-2017,FL,34947,Regular School,High,No
120177002671,0.17,0.46,0.38,33750.0,19.1,0.54,2016-2017,FL,34952,Regular School,High,No
120177003503,0.14,0.58,0.78,49083.0,19.49,0.49,2016-2017,FL,34986,Regular School,High,No
120177004148,0.12,0.48,0.65,41963.0,19.32,0.47,2016-2017,FL,34953,Regular School,High,No
120183001946,0.16,0.4,0.53,38725.0,20.23,0.49,2016-2017,FL,32064,Regular School,High,No
120192001969,0.14,0.61,0.49,44120.0,21.2,0.42,2016-2017,FL,32724,Regular School,High,No
120192001986,0.17,0.44,0.21,29652.0,20.37,0.58,2016-2017,FL,32114,Regular School,High,No
120192001990,0.08,0.42,0.47,38316.0,20.86,0.4,2016-2017,FL,32168,Regular School,High,No
120192001995,0.08,0.6,0.63,42979.0,23.28,0.27,2016-2017,FL,32127,Regular School,High,No
120192002005,0.09,0.63,0.78,30074.0,21.94,0.36,2016-2017,FL,32118,Regular School,High,No
120192002641,0.07,0.52,0.71,50935.0,19.27,0.53,2016-2017,FL,32725,Regular School,High,No
120192002968,0.14,0.49,0.51,33397.0,19.25,0.47,2016-2017,FL,32129,Regular School,High,No
120192002970,0.15,0.51,0.69,46538.0,19.25,0.53,2016-2017,FL,32738,Regular School,High,No
120192007281,0.11,0.53,0.35,28289.0,20.47,0.45,2016-2017,FL,32763,Regular School,High,No
120195002017,0.04,0.67,0.68,59738.0,22.35,0.29,2016-2017,FL,32327,Regular School,High,No
120198002022,0.07,0.4,0.52,36717.0,18.08,0.44,2016-2017,FL,32439,Regular School,High,No
120198002025,0.14,0.4,0.6,32247.0,16.83,0.46,2016-2017,FL,32433,Regular School,High,No
120198003941,0.05,0.78,0.79,59353.0,19.54,0.21,2016-2017,FL,32459,Regular School,High,No
130000100608,0.14,0.48,0.23,39269.0,20.79,0.44,2016-2017,GA,30240,Regular School,High,No
130000101964,0.27,0.27,0.18,18240.0,20.03,0.51,2016-2017,GA,30241,Regular School,High,No
130000102444,0.14,0.55,0.54,43480.0,19.93,0.55,2016-2017,GA,30230,Regular School,High,No
130006000010,0.04,0.42,0.58,41856.0,19.0,0.72,2016-2017,GA,31513,Regular School,High,No
130009000015,0.1,0.26,0.61,27891.0,17.49,0.69,2016-2017,GA,31642,Regular School,High,No
130012000066,0.09,0.84,0.31,57625.0,21.35,0.39,2016-2017,GA,30309,Regular School,High,No
130012000089,0.25,0.49,0.03,29926.0,15.51,1.0,2016-2017,GA,30318,Regular School,High,No
130012001865,0.24,0.66,0.43,58750.0,17.66,0.7,2016-2017,GA,30331,Regular School,High,No
130012001939,0.11,0.92,0.78,61806.0,17.0,1.0,2016-2017,GA,30316,Regular School,High,No
130012002212,0.02,0.87,0.53,54437.0,20.57,0.37,2016-2017,GA,30327,Regular School,High,No
130012003540,0.19,0.57,0.16,16726.0,19.37,0.99,2016-2017,GA,30315,Regular School,High,No
130012003542,0.19,0.57,0.16,16726.0,16.68,0.99,2016-2017,GA,30315,Regular School,High,No
130012004059,0.24,0.58,0.42,27381.0,18.27,0.99,2016-2017,GA,30314,Regular School,High,Yes
130015002357,0.07,0.3,0.71,34320.0,18.61,0.55,2016-2017,GA,31510,Regular School,High,No
130021000158,0.04,0.31,0.3,26069.0,17.81,0.66,2016-2017,GA,31061,Regular School,High,No
130023104095,0.17,0.78,0.0,24083.0,17.83,0.67,2016-2017,GA,30303,Regular School,High,Yes
130024000169,0.07,0.4,0.72,38125.0,20.59,0.5,2016-2017,GA,30547,Regular School,High,No
130029000173,0.12,0.46,0.76,46000.0,19.32,0.43,2016-2017,GA,30680,Regular School,High,No
130029002350,0.11,0.56,0.68,55648.0,20.08,0.44,2016-2017,GA,30680,Regular School,High,No
130033000181,0.09,0.46,0.88,64975.0,20.27,0.5,2016-2017,GA,30184,Regular School,High,No
130033001914,0.09,0.55,0.4,45934.0,20.81,0.42,2016-2017,GA,30120,Regular School,High,No
130033002352,0.12,0.46,0.71,45913.0,20.86,0.43,2016-2017,GA,30103,Regular School,High,No
130036000931,0.23,0.42,0.58,22365.0,17.32,0.74,2016-2017,GA,31750,Regular School,High,No
130039000192,0.17,0.46,0.61,31389.0,18.32,0.5,2016-2017,GA,31639,Regular School,High,No
130042001918,0.22,0.45,0.25,30024.0,15.9,0.8,2016-2017,GA,31206,Regular School,High,No
130042001942,0.06,0.37,0.33,23973.0,17.66,0.73,2016-2017,GA,31204,Regular School,High,No
130042001943,0.14,0.58,0.66,25419.0,15.0,0.84,2016-2017,GA,31211,Regular School,High,No
130042001944,0.31,0.38,0.4,21781.0,15.05,0.9,2016-2017,GA,31206,Regular School,High,No
130042002610,0.09,0.63,0.86,65728.0,16.95,0.59,2016-2017,GA,31216,Regular School,High,No
130042003726,0.01,0.89,0.98,85373.0,19.62,0.54,2016-2017,GA,31210,Regular School,High,No
130044000253,0.09,0.45,0.54,39063.0,20.05,0.46,2016-2017,GA,31014,Regular School,High,No
130048000258,0.17,0.34,0.56,31263.0,19.88,0.49,2016-2017,GA,31553,Regular School,High,No
130051002455,0.12,0.5,0.54,44851.0,21.18,0.19,2016-2017,GA,30110,Regular School,High,No
130057001873,0.07,0.7,0.47,47331.0,21.42,0.16,2016-2017,GA,31324,Regular School,High,No
130057002396,0.11,0.42,0.65,43534.0,19.08,0.56,2016-2017,GA,31321,Regular School,High,No
130060000274,0.14,0.33,0.58,36708.0,21.98,0.3,2016-2017,GA,30518,Regular School,High,No
130063000285,0.09,0.68,0.35,27238.0,19.32,0.54,2016-2017,GA,30458,Regular School,High,No
130063003550,0.07,0.62,0.74,47366.0,20.76,0.38,2016-2017,GA,30415,Regular School,High,No
130066001991,0.09,0.46,0.47,37308.0,18.2,1.0,2016-2017,GA,30830,Regular School,High,No
130069000301,0.13,0.38,0.49,40080.0,18.91,0.77,2016-2017,GA,30233,Regular School,High,No
130072000305,0.05,0.44,0.57,35970.0,19.66,0.46,2016-2017,GA,30701,Regular School,High,No
130078000315,0.08,0.71,0.91,74048.0,20.74,0.34,2016-2017,GA,31548,Regular School,High,No
130081000317,0.05,0.4,0.59,37292.0,18.42,0.59,2016-2017,GA,30439,Regular School,High,No
130084000324,0.17,0.48,0.55,42063.0,19.84,0.52,2016-2017,GA,30180,Regular School,High,No
130084000330,0.13,0.34,0.67,40962.0,18.54,0.48,2016-2017,GA,30108,Regular School,High,No
130084000331,0.18,0.21,0.52,25474.0,19.37,0.5,2016-2017,GA,30116,Regular School,High,No
130084002097,0.09,0.38,0.75,43429.0,19.27,0.54,2016-2017,GA,30179,Regular School,High,No
130084003582,0.24,0.31,0.74,33324.0,20.35,0.62,2016-2017,GA,30117,Regular School,High,No
130087000334,0.18,0.21,0.52,25474.0,19.74,0.44,2016-2017,GA,30117,Regular School,High,No
130090000341,0.09,0.55,0.4,45934.0,21.47,0.37,2016-2017,GA,30120,Regular School,High,No
130093000350,0.1,0.51,0.55,41522.0,22.67,0.46,2016-2017,GA,30742,Regular School,High,No
130093000353,0.06,0.55,0.73,52234.0,21.42,0.34,2016-2017,GA,30736,Regular School,High,No
130093003688,0.06,0.7,0.72,63986.0,21.4,0.24,2016-2017,GA,30736,Regular School,High,No
130099000358,0.15,0.43,0.63,44593.0,18.98,0.49,2016-2017,GA,31537,Regular School,High,No
130102000376,0.11,0.38,0.08,24727.0,16.39,0.78,2016-2017,GA,31405,Regular School,High,No
130102000382,0.2,0.5,0.34,30147.0,16.17,0.65,2016-2017,GA,31404,Regular School,High,No
130102000388,0.12,0.52,0.31,43333.0,18.22,0.57,2016-2017,GA,31406,Regular School,High,No
130102000413,0.04,0.41,0.53,26748.0,16.25,0.68,2016-2017,GA,31408,Regular School,High,No
130102000415,0.09,0.62,0.51,41975.0,18.69,0.48,2016-2017,GA,31419,Regular School,High,No
130102002245,0.03,0.88,0.68,68571.0,24.35,0.08,2016-2017,GA,31405,Regular School,High,No
130102003941,0.19,0.48,0.26,35536.0,15.29,0.82,2016-2017,GA,31404,Regular School,High,No
130102003978,0.06,0.81,0.82,55000.0,19.93,0.22,2016-2017,GA,31410,Regular School,High,No
130102004088,0.1,0.7,0.65,64188.0,18.52,0.41,2016-2017,GA,31302,Regular School,High,No
130105003525,0.18,0.44,0.57,36000.0,18.3,0.39,2016-2017,GA,31805,Regular School,High,No
130108000418,0.12,0.25,0.67,28977.0,17.98,0.66,2016-2017,GA,30747,Regular School,High,No
130111000425,0.07,0.79,0.85,85417.0,22.52,0.2,2016-2017,GA,30189,Regular School,High,No
130111000432,0.18,0.43,0.65,50000.0,23.11,0.32,2016-2017,GA,30114,Regular School,High,No
130111001428,0.04,0.65,0.65,57431.0,23.06,0.21,2016-2017,GA,30189,Regular School,High,No
130111002100,0.05,0.84,0.85,87297.0,22.74,0.17,2016-2017,GA,30115,Regular School,High,No
130111003308,0.08,0.78,0.75,85872.0,22.62,0.13,2016-2017,GA,30115,Regular School,High,No
130111004019,0.1,0.63,0.75,59083.0,21.96,0.19,2016-2017,GA,30188,Regular School,High,No
130114002457,0.08,0.51,0.62,43139.0,19.86,0.13,2016-2017,GA,30707,Regular School,High,No
130117000449,0.07,0.83,0.56,15747.0,20.49,0.71,2016-2017,GA,30605,Regular School,High,No
130117000453,0.09,0.63,0.67,27917.0,18.88,0.75,2016-2017,GA,30605,Regular School,High,No
130117002831,0.24,0.35,0.16,16211.0,18.91,0.57,2016-2017,GA,30606,Regular School,High,No
130123000467,0.15,0.58,0.34,30978.0,17.22,1.0,2016-2017,GA,30349,Regular School,High,No
130123000473,0.08,0.65,0.8,57882.0,17.0,1.0,2016-2017,GA,30236,Regular School,High,No
130123000474,0.15,0.4,0.71,35594.0,18.42,1.0,2016-2017,GA,30297,Regular School,High,No
130123000477,0.07,0.4,0.26,39153.0,17.66,1.0,2016-2017,GA,30274,Regular School,High,No
130123000487,0.13,0.45,0.49,42455.0,17.25,1.0,2016-2017,GA,30260,Regular School,High,No
130123002067,0.1,0.64,0.55,55619.0,17.64,1.0,2016-2017,GA,30228,Regular School,High,No
130123002068,0.12,0.63,0.44,55972.0,17.05,1.0,2016-2017,GA,30236,Regular School,High,No
130123002523,0.11,0.56,0.29,40686.0,16.88,1.0,2016-2017,GA,30238,Regular School,High,No
130123003855,0.28,0.45,0.45,25583.0,16.93,1.0,2016-2017,GA,30274,Regular School,High,No
130126000504,0.1,0.36,0.57,32625.0,16.88,0.55,2016-2017,GA,31634,Regular School,High,No
130129000513,0.05,0.93,0.81,104632.0,25.79,0.04,2016-2017,GA,30062,Regular School,High,Yes
130129000521,0.17,0.45,0.6,36049.0,16.98,0.76,2016-2017,GA,30060,Regular School,High,No
130129000525,0.05,0.82,0.64,64418.0,20.71,0.33,2016-2017,GA,30144,Regular School,High,No
130129000529,0.12,0.78,0.51,45969.0,23.69,0.38,2016-2017,GA,30068,Regular School,High,No
130129000533,0.1,0.83,0.78,72707.0,18.93,0.51,2016-2017,GA,30127,Regular School,High,No
130129000537,0.14,0.45,0.58,36157.0,20.01,0.54,2016-2017,GA,30080,Regular School,High,No
130129000545,0.11,0.74,0.88,66563.0,20.86,0.33,2016-2017,GA,30066,Regular School,High,No
130129000559,0.11,0.52,0.44,43619.0,17.59,0.68,2016-2017,GA,30126,Regular School,High,No
130129000574,0.06,0.71,0.68,74327.0,17.98,0.66,2016-2017,GA,30106,Regular School,High,No
130129001881,0.08,0.88,0.9,129653.0,24.28,0.1,2016-2017,GA,30066,Regular School,High,No
130129001994,0.05,0.87,0.85,99688.0,24.04,0.07,2016-2017,GA,30062,Regular School,High,No
130129002153,0.05,0.82,0.85,97188.0,22.62,0.07,2016-2017,GA,30152,Regular School,High,No
130129002365,0.11,0.73,0.81,79679.0,23.38,0.25,2016-2017,GA,30152,Regular School,High,No
130129002526,0.07,0.78,0.72,95625.0,21.67,0.26,2016-2017,GA,30066,Regular School,High,No
130129003649,0.04,0.81,0.91,103050.0,21.74,0.16,2016-2017,GA,30127,Regular School,High,No
130129003781,0.04,0.62,0.72,74417.0,21.91,0.17,2016-2017,GA,30101,Regular School,High,No
130135000581,0.1,0.51,0.43,33093.0,19.15,0.57,2016-2017,GA,31533,Regular School,High,No
130138000591,0.14,0.18,0.72,24009.0,18.81,0.57,2016-2017,GA,31771,Regular School,High,No
130141000603,0.04,0.71,0.9,69359.0,21.25,0.23,2016-2017,GA,30809,Regular School,High,No
130141001501,0.04,0.83,0.84,104522.0,22.57,0.07,2016-2017,GA,30809,Regular School,High,No
130141001885,0.05,0.54,0.71,49924.0,21.32,0.31,2016-2017,GA,30814,Regular School,High,No
130141002025,0.05,0.75,0.8,66721.0,22.96,0.17,2016-2017,GA,30809,Regular School,High,No
130141003903,0.08,0.61,0.69,49500.0,20.67,0.29,2016-2017,GA,30813,Regular School,High,No
130144000622,0.13,0.38,0.63,41232.0,20.25,0.46,2016-2017,GA,30529,Regular School,High,No
130147003900,0.08,0.45,0.72,40625.0,19.15,0.53,2016-2017,GA,31620,Regular School,High,No
130150000754,0.07,0.29,0.16,33656.0,21.28,0.39,2016-2017,GA,30263,Regular School,High,No
130150001108,0.04,0.61,0.9,76222.0,21.57,0.19,2016-2017,GA,30265,Regular School,High,No
130150002028,0.09,0.64,0.84,68929.0,21.67,0.29,2016-2017,GA,30277,Regular School,High,No
130153000080,0.07,0.46,0.5,43281.0,19.27,0.69,2016-2017,GA,31078,Regular School,High,No
130156000769,0.18,0.41,0.51,34523.0,18.22,0.98,2016-2017,GA,31015,Regular School,High,No
130159000775,0.08,0.39,0.76,42637.0,20.52,0.38,2016-2017,GA,30752,Regular School,High,No
130162000786,0.14,0.68,0.71,62104.0,19.54,0.62,2016-2017,GA,30720,Regular School,High,No
130162003836,0.12,0.29,0.45,22706.0,13.83,0.79,2016-2017,GA,30721,Regular School,High,No
130165002253,0.14,0.57,0.67,44596.0,20.89,0.3,2016-2017,GA,30534,Regular School,High,No
130168000802,0.09,0.85,0.7,53234.0,22.99,0.18,2016-2017,GA,30030,Regular School,High,No
130171000612,0.14,0.44,0.17,21833.0,18.27,0.87,2016-2017,GA,39819,Regular School,High,No
130174000636,0.2,0.61,0.36,39830.0,17.22,0.72,2016-2017,GA,30088,Regular School,High,No
130174000639,0.24,0.66,0.57,58614.0,16.25,0.7,2016-2017,GA,30294,Regular School,High,No
130174000644,0.14,0.68,0.58,46795.0,16.83,0.79,2016-2017,GA,30083,Regular School,High,No
130174000665,0.08,0.94,1.0,32356.0,19.84,0.51,2016-2017,GA,30307,Regular School,High,No
130174000666,0.34,0.53,0.45,40795.0,16.0,0.76,2016-2017,GA,30032,Regular School,High,No
130174000669,0.1,0.78,0.88,90017.0,18.52,0.6,2016-2017,GA,30084,Regular School,High,No
130174000679,0.16,0.65,0.34,50485.0,18.1,0.6,2016-2017,GA,30034,Regular School,High,No
130174000686,0.23,0.4,0.38,29579.0,16.29,0.8,2016-2017,GA,30032,Regular School,High,No
130174000690,0.08,0.92,0.93,119330.0,22.18,0.3,2016-2017,GA,30338,Regular School,High,No
130174000692,0.13,0.74,0.62,58935.0,24.16,0.33,2016-2017,GA,30341,Regular School,High,Yes
130174000707,0.05,0.45,0.72,43750.0,18.0,0.88,2016-2017,GA,30319,Regular School,High,No
130174000708,0.15,0.61,0.47,32564.0,15.73,0.83,2016-2017,GA,30021,Regular School,High,No
130174000712,0.15,0.51,0.5,42115.0,15.81,0.83,2016-2017,GA,30316,Regular School,High,No
130174000721,0.11,0.9,0.95,131250.0,22.47,0.36,2016-2017,GA,30345,Regular School,High,No
130174001553,0.15,0.81,0.51,76667.0,17.69,0.58,2016-2017,GA,30087,Regular School,High,No
130174002479,0.2,0.67,0.62,62869.0,16.22,0.66,2016-2017,GA,30038,Regular School,High,No
130174002537,0.13,0.58,0.32,47392.0,16.49,0.76,2016-2017,GA,30058,Regular School,High,No
130174003332,0.19,0.67,0.33,33701.0,16.73,0.74,2016-2017,GA,30058,Regular School,High,No
130174003708,0.14,0.58,0.61,41009.0,20.84,0.57,2016-2017,GA,30083,Regular School,High,No
130174003884,0.12,0.86,0.49,72895.0,24.55,0.23,2016-2017,GA,30002,Regular School,High,No
130174003915,0.12,0.81,0.41,47109.0,18.88,0.43,2016-2017,GA,30038,Regular School,High,No
130174003921,0.14,0.58,0.61,41009.0,13.51,0.6,2016-2017,GA,30083,Regular School,High,No
130177003340,0.07,0.47,0.6,41103.0,19.05,0.6,2016-2017,GA,31023,Regular School,High,No
130180001889,0.07,0.38,0.5,29164.0,17.52,0.99,2016-2017,GA,31092,Regular School,High,No
130183000819,0.25,0.53,0.32,25799.0,17.74,1.0,2016-2017,GA,31701,Regular School,High,No
130183000824,0.37,0.32,0.07,14032.0,16.68,1.0,2016-2017,GA,31701,Regular School,High,No
130183000832,0.27,0.55,0.32,22135.0,15.39,1.0,2016-2017,GA,31705,Regular School,High,No
130183000839,0.12,0.72,0.64,56042.0,18.86,1.0,2016-2017,GA,31707,Regular School,High,No
130186000853,0.18,0.56,0.55,41250.0,18.13,0.67,2016-2017,GA,30122,Regular School,High,No
130186000864,0.1,0.54,0.38,45229.0,20.59,0.51,2016-2017,GA,30134,Regular School,High,No
130186001976,0.16,0.5,0.63,52673.0,19.37,0.33,2016-2017,GA,30135,Regular School,High,No
130186002317,0.09,0.68,0.84,65423.0,19.35,0.36,2016-2017,GA,30135,Regular School,High,No
130186004034,0.07,0.62,0.52,61105.0,17.83,0.55,2016-2017,GA,30135,Regular School,High,No
130187000873,0.1,0.49,0.39,28490.0,19.0,0.71,2016-2017,GA,31021,Regular School,High,No
130189001707,0.05,0.34,0.77,32996.0,17.95,0.64,2016-2017,GA,31027,Regular School,High,No
130189003887,0.07,0.35,0.6,42500.0,19.3,0.44,2016-2017,GA,31019,Regular School,High,No
130192000884,0.12,0.57,0.34,35550.0,18.1,0.96,2016-2017,GA,39823,Regular School,High,No
130195000886,0.07,0.33,0.53,37222.0,18.74,0.91,2016-2017,GA,31648,Regular School,High,No
130198000890,0.04,0.47,0.69,60785.0,20.05,0.29,2016-2017,GA,31329,Regular School,High,No
130198001594,0.12,0.58,0.82,67619.0,20.76,0.2,2016-2017,GA,31312,Regular School,High,No
130201000894,0.16,0.24,0.42,26211.0,17.83,0.55,2016-2017,GA,30635,Regular School,High,No
130204002033,0.13,0.47,0.35,29196.0,17.86,0.67,2016-2017,GA,30401,Regular School,High,No
130207000909,0.1,0.53,0.64,38864.0,18.08,0.99,2016-2017,GA,30417,Regular School,High,No
130210000912,0.13,0.42,0.69,34904.0,20.32,0.46,2016-2017,GA,30513,Regular School,High,No
130213001892,0.08,0.75,0.75,73929.0,23.72,0.11,2016-2017,GA,30269,Regular School,High,No
130213002165,0.04,0.9,0.96,153480.0,23.47,0.08,2016-2017,GA,30215,Regular School,High,No
130213002167,0.09,0.75,0.8,83969.0,21.13,0.27,2016-2017,GA,30290,Regular School,High,No
130213002168,0.1,0.81,0.89,69803.0,19.62,0.33,2016-2017,GA,30214,Regular School,High,No
130213002877,0.1,0.78,0.71,91875.0,22.11,0.09,2016-2017,GA,30215,Regular School,High,No
130219000937,0.11,0.45,0.82,62708.0,20.69,0.48,2016-2017,GA,30165,Regular School,High,No
130219002373,0.15,0.51,0.68,39803.0,20.32,0.39,2016-2017,GA,30161,Regular School,High,No
130219002375,0.1,0.53,0.67,51446.0,22.06,0.29,2016-2017,GA,30165,Regular School,High,No
130219003351,0.12,0.47,0.78,37946.0,21.91,0.53,2016-2017,GA,30147,Regular School,High,No
130222000893,0.11,0.63,0.66,60192.0,22.18,0.2,2016-2017,GA,30028,Regular School,High,No
130222000956,0.1,0.55,0.63,48401.0,21.67,0.27,2016-2017,GA,30040,Regular School,High,No
130222001897,0.04,0.86,0.97,111000.0,23.69,0.1,2016-2017,GA,30041,Regular School,High,No
130222003354,0.08,0.57,0.93,86484.0,22.45,0.11,2016-2017,GA,30040,Regular School,High,No
130222003954,0.11,0.89,0.87,115525.0,23.57,0.04,2016-2017,GA,30024,Regular School,High,No
130225000961,0.09,0.33,0.72,40389.0,20.35,0.45,2016-2017,GA,30521,Regular School,High,No
130228000967,0.14,0.79,0.49,45733.0,16.59,0.85,2016-2017,GA,30349,Regular School,High,No
130228000987,0.08,0.96,0.97,143611.0,22.25,0.35,2016-2017,GA,30328,Regular School,High,No
130228001005,0.02,0.87,0.7,94773.0,24.35,0.09,2016-2017,GA,30004,Regular School,High,No
130228001024,0.04,0.8,0.53,43986.0,20.96,0.38,2016-2017,GA,30328,Regular School,High,No
130228001031,0.13,0.83,0.52,70352.0,18.37,0.54,2016-2017,GA,30331,Regular School,High,No
130228002119,0.15,0.89,0.95,81651.0,23.74,0.22,2016-2017,GA,30075,Regular School,High,No
130228002120,0.11,0.64,0.43,58809.0,16.61,0.69,2016-2017,GA,30213,Regular School,High,No
130228002124,0.12,0.63,0.5,48447.0,18.3,0.77,2016-2017,GA,30344,Regular School,High,No
130228002172,0.11,0.85,0.85,98877.0,24.3,0.08,2016-2017,GA,30022,Regular School,High,No
130228002181,0.09,0.85,0.74,71218.0,23.03,0.3,2016-2017,GA,30076,Regular School,High,No
130228002560,0.08,0.85,0.8,92640.0,26.31,0.06,2016-2017,GA,30097,Regular School,High,No
130228003364,0.09,0.85,0.82,80602.0,24.47,0.09,2016-2017,GA,30005,Regular School,High,No
130228003913,0.11,0.77,0.64,63110.0,16.29,0.67,2016-2017,GA,30213,Regular School,High,No
130228003935,0.06,0.9,0.83,118392.0,24.45,0.06,2016-2017,GA,30022,Regular School,High,No
130228004045,0.21,0.59,0.28,49413.0,16.27,0.55,2016-2017,GA,30349,Regular School,High,Yes
130228004099,0.06,0.93,0.93,138822.0,23.89,0.07,2016-2017,GA,30004,Regular School,High,No
130231001048,0.07,0.6,0.76,44311.0,19.08,0.61,2016-2017,GA,30501,Regular School,High,No
130234001053,0.08,0.48,0.7,32334.0,20.23,0.54,2016-2017,GA,30540,Regular School,High,No
130240001065,0.3,0.34,0.08,18532.0,20.93,0.36,2016-2017,GA,31520,Regular School,High,No
130240001068,0.11,0.43,0.14,25510.0,19.52,0.54,2016-2017,GA,31520,Regular School,High,No
130243001959,0.07,0.3,0.65,39263.0,19.44,0.58,2016-2017,GA,30701,Regular School,High,No
130243003374,0.11,0.56,0.77,50699.0,19.27,0.44,2016-2017,GA,30701,Regular School,High,No
130246001083,0.15,0.38,0.36,33783.0,17.69,0.86,2016-2017,GA,39828,Regular School,High,Yes
130249002386,0.09,0.26,0.44,25632.0,16.86,0.99,2016-2017,GA,30642,Regular School,High,No
130252001092,0.3,0.24,0.25,21647.0,17.3,0.69,2016-2017,GA,30224,Regular School,High,No
130252002429,0.12,0.76,0.69,56927.0,19.98,0.48,2016-2017,GA,30224,Regular School,High,No
130255000959,0.1,0.76,0.74,71696.0,21.94,0.33,2016-2017,GA,30024,Regular School,High,No
130255001114,0.06,0.81,0.83,101031.0,22.67,0.33,2016-2017,GA,30047,Regular School,High,No
130255001118,0.09,0.74,0.69,81806.0,22.11,0.45,2016-2017,GA,30096,Regular School,High,No
130255001123,0.11,0.78,0.77,69819.0,24.06,0.1,2016-2017,GA,30024,Regular School,High,No
130255001127,0.08,0.71,0.73,87130.0,21.28,0.35,2016-2017,GA,30019,Regular School,High,No
130255001129,0.15,0.47,0.51,36429.0,19.93,0.65,2016-2017,GA,30045,Regular School,High,No
130255001132,0.01,0.83,0.85,95329.0,21.08,0.57,2016-2017,GA,30092,Regular School,High,No
130255001135,0.12,0.75,0.81,57750.0,18.91,0.52,2016-2017,GA,30078,Regular School,High,No
130255001905,0.13,0.49,0.69,43586.0,18.35,0.71,2016-2017,GA,30047,Regular School,High,No
130255001906,0.11,0.83,0.87,104077.0,22.84,0.23,2016-2017,GA,30078,Regular School,High,No
130255001937,0.08,0.66,0.65,42961.0,19.22,0.54,2016-2017,GA,30039,Regular School,High,No
130255001980,0.11,0.51,0.68,40432.0,17.98,0.78,2016-2017,GA,30093,Regular School,High,No
130255002387,0.13,0.76,0.85,60291.0,21.15,0.3,2016-2017,GA,30052,Regular School,High,No
130255002903,0.03,0.82,0.74,103858.0,22.5,0.25,2016-2017,GA,30024,Regular School,High,No
130255003376,0.09,0.7,0.82,82269.0,22.81,0.18,2016-2017,GA,30548,Regular School,High,No
130255003553,0.12,0.6,0.48,51077.0,27.5,0.25,2016-2017,GA,30044,Regular School,High,No
130255003838,0.05,0.69,0.71,73273.0,20.81,0.29,2016-2017,GA,30045,Regular School,High,No
130255003916,0.08,0.72,0.79,70086.0,21.69,0.28,2016-2017,GA,30043,Regular School,High,No
130255003998,0.08,0.52,0.6,61456.0,20.96,0.33,2016-2017,GA,30518,Regular School,High,No
130258001145,0.06,0.52,0.85,46611.0,20.01,0.44,2016-2017,GA,30563,Regular School,High,No
130261001161,0.12,0.67,0.86,73925.0,22.37,0.23,2016-2017,GA,30506,Regular School,High,No
130261001162,0.05,0.5,0.67,37180.0,18.74,0.63,2016-2017,GA,30507,Regular School,High,No
130261001168,0.07,0.52,0.64,58491.0,18.91,0.59,2016-2017,GA,30507,Regular School,High,No
130261002043,0.05,0.64,0.84,62625.0,18.83,0.54,2016-2017,GA,30566,Regular School,High,No
130261002569,0.09,0.71,0.61,52093.0,20.57,0.47,2016-2017,GA,30506,Regular School,High,No
130261002571,0.09,0.59,0.82,75345.0,20.59,0.25,2016-2017,GA,30542,Regular School,High,No
130261003403,0.1,0.33,0.75,37202.0,17.78,0.63,2016-2017,GA,30504,Regular School,High,No
130264001178,0.21,0.27,0.46,22647.0,15.17,0.54,2016-2017,GA,31087,Regular School,High,No
130267001183,0.12,0.5,0.54,44851.0,19.86,0.44,2016-2017,GA,30176,Regular School,High,No
130270002270,0.04,0.65,0.72,65058.0,20.62,0.24,2016-2017,GA,31811,Regular School,High,No
130273001193,0.11,0.41,0.62,36235.0,18.86,0.46,2016-2017,GA,30643,Regular School,High,No
130279001201,0.15,0.35,0.55,36994.0,18.98,0.47,2016-2017,GA,30217,Regular School,High,No
130282001205,0.15,0.53,0.5,50802.0,18.22,0.53,2016-2017,GA,30281,Regular School,High,No
130282001208,0.1,0.7,0.63,62472.0,17.76,0.66,2016-2017,GA,30253,Regular School,High,No
130282002130,0.13,0.78,0.71,86196.0,20.74,0.44,2016-2017,GA,30253,Regular School,High,No
130282002391,0.09,0.61,0.64,57765.0,22.45,0.21,2016-2017,GA,30252,Regular School,High,No
130282002916,0.1,0.65,0.66,57419.0,18.81,0.43,2016-2017,GA,30248,Regular School,High,No
130282003407,0.06,0.64,0.74,73644.0,19.15,0.36,2016-2017,GA,30228,Regular School,High,No
130282003414,0.07,0.71,0.77,76978.0,20.79,0.21,2016-2017,GA,30252,Regular School,High,No
130282003418,0.11,0.64,0.85,77545.0,20.15,0.33,2016-2017,GA,30281,Regular School,High,No
130282003928,0.15,0.47,0.66,64447.0,19.81,0.34,2016-2017,GA,30248,Regular School,High,No
130288001222,0.05,0.63,0.64,43945.0,21.23,0.42,2016-2017,GA,31069,Regular School,High,No
130288001230,0.18,0.38,0.31,22575.0,19.93,0.53,2016-2017,GA,31093,Regular School,High,No
130288001240,0.22,0.62,0.57,42969.0,20.25,0.53,2016-2017,GA,31088,Regular School,High,No
130288002179,0.04,0.77,0.79,78335.0,21.45,0.21,2016-2017,GA,31088,Regular School,High,No
130288003969,0.05,0.72,0.73,85456.0,21.59,0.18,2016-2017,GA,31047,Regular School,High,No
130291001246,0.13,0.45,0.57,33162.0,20.59,0.53,2016-2017,GA,31774,Regular School,High,No
130294002134,0.06,0.62,0.73,60158.0,20.84,0.31,2016-2017,GA,30549,Regular School,High,No
130294003421,0.07,0.4,0.52,40081.0,19.81,0.56,2016-2017,GA,30529,Regular School,High,No
130297003423,0.09,0.43,0.76,40703.0,19.91,0.57,2016-2017,GA,31064,Regular School,High,No
130300001259,0.11,0.37,0.57,35559.0,19.42,0.54,2016-2017,GA,31539,Regular School,High,No
130303001260,0.06,0.62,0.73,60158.0,22.59,0.2,2016-2017,GA,30549,Regular School,High,No
130306001291,0.23,0.33,0.45,24832.0,18.59,0.72,2016-2017,GA,30434,Regular School,High,No
130309001270,0.12,0.39,0.24,29127.0,18.03,0.99,2016-2017,GA,30442,Regular School,High,No
130312000055,0.08,0.37,0.61,35518.0,17.91,0.5,2016-2017,GA,31096,Regular School,High,No
130315001279,0.05,0.64,0.68,59427.0,19.54,0.35,2016-2017,GA,31032,Regular School,High,No
130321001294,0.17,0.46,0.55,32386.0,18.37,0.55,2016-2017,GA,30204,Regular School,High,No
130324002403,0.15,0.54,0.49,37704.0,17.81,0.67,2016-2017,GA,31635,Regular School,High,No
130327000057,0.08,0.5,0.79,61304.0,20.23,0.3,2016-2017,GA,31763,Regular School,High,No
130330001303,0.13,0.68,0.62,42828.0,18.81,0.52,2016-2017,GA,31313,Regular School,High,No
130330002182,0.1,0.59,0.58,50551.0,19.54,0.43,2016-2017,GA,31313,Regular School,High,No
130333002408,0.16,0.43,0.46,33846.0,18.98,0.45,2016-2017,GA,30817,Regular School,High,No
130336001371,0.16,0.44,0.5,47357.0,18.32,0.59,2016-2017,GA,31316,Regular School,High,No
130339001310,0.14,0.66,0.16,19227.0,20.3,0.35,2016-2017,GA,31601,Regular School,High,No
130342002505,0.14,0.57,0.67,44596.0,21.98,0.4,2016-2017,GA,30533,Regular School,High,No
130345001322,0.21,0.36,0.62,27143.0,15.73,0.66,2016-2017,GA,31063,Regular School,High,No
130348001333,0.09,0.41,0.65,47240.0,19.18,0.48,2016-2017,GA,30633,Regular School,High,No
130351001342,0.12,0.78,0.67,64247.0,21.25,0.52,2016-2017,GA,30064,Regular School,High,No
130357002183,0.15,0.41,0.49,29681.0,18.69,0.56,2016-2017,GA,30824,Regular School,High,No
130360002413,0.12,0.4,0.51,41419.0,17.66,0.61,2016-2017,GA,31305,Regular School,High,No
130363001362,0.16,0.32,0.37,32943.0,18.37,0.63,2016-2017,GA,31816,Regular School,High,No
130363001364,0.21,0.33,0.77,35225.0,16.25,0.67,2016-2017,GA,30222,Regular School,High,No
130366002415,0.13,0.45,0.3,27552.0,17.69,0.89,2016-2017,GA,39837,Regular School,High,No
130369001912,0.15,0.3,0.46,35917.0,18.79,0.98,2016-2017,GA,31730,Regular School,High,No
130372001373,0.23,0.34,0.38,29973.0,19.66,0.45,2016-2017,GA,31029,Regular School,High,No
130375002418,0.07,0.36,0.58,31838.0,19.13,0.54,2016-2017,GA,30445,Regular School,High,No
130378001378,0.09,0.57,0.67,47172.0,20.1,0.39,2016-2017,GA,30650,Regular School,High,No
130384001381,0.1,0.41,0.57,30833.0,18.03,0.62,2016-2017,GA,30705,Regular School,High,No
130384003574,0.13,0.28,0.64,33679.0,17.25,0.99,2016-2017,GA,30724,Regular School,High,No
130384003849,0.13,0.28,0.64,33679.0,18.52,0.55,2016-2017,GA,30705,Regular School,High,No
130387001387,0.11,0.83,0.63,66764.0,18.54,0.4,2016-2017,GA,31909,Regular School,High,No
130387001397,0.02,0.87,0.87,85000.0,18.37,0.53,2016-2017,GA,31906,Regular School,High,No
130387001406,0.13,0.85,0.46,50856.0,24.96,0.14,2016-2017,GA,31906,Regular School,High,No
130387001418,0.21,0.46,0.34,32604.0,17.64,1.0,2016-2017,GA,31903,Regular School,High,No
130387001421,0.07,0.5,0.31,40226.0,17.27,0.98,2016-2017,GA,31907,Regular School,High,No
130387001430,0.2,0.56,0.09,32983.0,17.1,1.0,2016-2017,GA,31904,Regular School,High,No
130387001439,0.16,0.37,0.15,23125.0,16.64,0.96,2016-2017,GA,31906,Regular School,High,No
130387002583,0.07,0.8,0.69,69263.0,20.03,0.25,2016-2017,GA,31909,Regular School,High,No
130387003636,0.22,0.46,0.18,21569.0,18.52,0.68,2016-2017,GA,31904,Regular School,High,No
130393001023,0.07,0.6,0.48,46465.0,20.23,0.37,2016-2017,GA,30014,Regular School,High,No
130393001454,0.17,0.52,0.58,39219.0,18.3,0.63,2016-2017,GA,30014,Regular School,High,No
130393003436,0.15,0.49,0.66,45128.0,18.15,0.5,2016-2017,GA,30014,Regular School,High,No
130396000148,0.05,0.73,0.85,80135.0,23.28,0.17,2016-2017,GA,30677,Regular School,High,No
130396003437,0.05,0.8,0.87,84330.0,22.57,0.18,2016-2017,GA,30622,Regular School,High,No
130399001468,0.03,0.43,0.52,44271.0,19.62,0.48,2016-2017,GA,30648,Regular School,High,No
130402001471,0.07,0.48,0.5,51484.0,18.86,0.42,2016-2017,GA,30157,Regular School,High,No
130402002188,0.09,0.51,0.75,62298.0,20.03,0.28,2016-2017,GA,30157,Regular School,High,No
130402002338,0.11,0.57,0.62,50998.0,19.22,0.37,2016-2017,GA,30141,Regular School,High,No
130402003438,0.07,0.55,0.63,54367.0,19.15,0.32,2016-2017,GA,30134,Regular School,High,No
130402003625,0.09,0.82,0.92,89950.0,20.47,0.16,2016-2017,GA,30132,Regular School,High,No
130405001483,0.09,0.49,0.62,42950.0,19.3,0.56,2016-2017,GA,31030,Regular School,High,No
130408002461,0.19,0.22,0.49,18208.0,19.05,0.92,2016-2017,GA,31779,Regular School,High,No
130411002276,0.1,0.48,0.58,39833.0,20.37,0.41,2016-2017,GA,30143,Regular School,High,No
130414001915,0.1,0.37,0.68,45722.0,20.54,0.44,2016-2017,GA,31516,Regular School,High,No
130417000546,0.11,0.61,0.6,49023.0,19.96,0.32,2016-2017,GA,30295,Regular School,High,No
130420001509,0.08,0.42,0.89,45893.0,19.57,0.83,2016-2017,GA,30153,Regular School,High,No
130420001510,0.11,0.38,0.6,31028.0,19.0,0.83,2016-2017,GA,30125,Regular School,High,No
130422001514,0.13,0.34,0.46,34774.0,19.18,0.57,2016-2017,GA,31036,Regular School,High,No
130426003882,0.03,0.54,0.2,37768.0,20.84,0.67,2016-2017,GA,31024,Regular School,High,No
130432001520,0.1,0.48,0.74,32440.0,20.05,0.48,2016-2017,GA,30576,Regular School,High,No
130435002427,0.15,0.41,0.41,26560.0,16.42,0.81,2016-2017,GA,39840,Regular School,High,No
130438001528,0.1,0.62,0.49,32776.0,17.03,0.97,2016-2017,GA,30904,Regular School,High,No
130438001533,0.11,0.6,0.78,31750.0,17.15,0.97,2016-2017,GA,30901,Regular School,High,No
130438001536,0.15,0.58,0.29,39347.0,15.83,0.97,2016-2017,GA,30906,Regular School,High,No
130438001542,0.05,0.75,0.11,34083.0,20.23,0.97,2016-2017,GA,30907,Regular School,High,No
130438001549,0.14,0.54,0.64,48281.0,17.3,0.97,2016-2017,GA,30815,Regular School,High,No
130438001562,0.09,0.45,0.35,29038.0,16.81,0.97,2016-2017,GA,30906,Regular School,High,No
130438001573,0.39,0.37,0.0,16719.0,15.95,0.97,2016-2017,GA,30901,Regular School,High,No
130438002339,0.14,0.53,0.34,30091.0,18.88,0.97,2016-2017,GA,30906,Regular School,High,No
130441001583,0.18,0.47,0.39,38606.0,19.3,0.55,2016-2017,GA,30012,Regular School,High,No
130441001591,0.14,0.65,0.53,56396.0,19.05,0.47,2016-2017,GA,30094,Regular School,High,No
130441002193,0.14,0.71,0.57,71079.0,17.91,0.57,2016-2017,GA,30013,Regular School,High,No
130444000028,0.18,0.45,0.18,25391.0,21.91,0.58,2016-2017,GA,30161,Regular School,High,No
130450001611,0.1,0.36,0.29,30915.0,18.2,0.59,2016-2017,GA,30467,Regular School,High,No
130454001617,0.09,0.5,0.76,49046.0,19.32,0.42,2016-2017,GA,30025,Regular School,High,No
130456001619,0.1,0.5,0.74,33025.0,20.76,0.47,2016-2017,GA,30577,Regular School,High,No
130462000001,0.06,0.52,0.52,37147.0,16.64,0.69,2016-2017,GA,31709,Regular School,High,No
130477000780,0.09,0.49,0.38,28378.0,18.61,0.89,2016-2017,GA,30453,Regular School,High,No
130480002440,0.21,0.37,0.58,26723.0,19.3,0.64,2016-2017,GA,31006,Regular School,High,No
130483002442,0.03,0.27,0.45,28363.0,17.88,0.94,2016-2017,GA,31055,Regular School,High,No
130486001658,0.13,0.28,0.19,27136.0,16.27,0.72,2016-2017,GA,39842,Regular School,High,No
130489002146,0.07,0.71,0.5,42779.0,18.81,0.46,2016-2017,GA,31792,Regular School,High,No
130495001673,0.07,0.71,0.5,42779.0,20.1,0.35,2016-2017,GA,31792,Regular School,High,No
130498002282,0.07,0.53,0.48,33609.0,18.86,0.95,2016-2017,GA,31794,Regular School,High,No
130504001693,0.13,0.47,0.45,31176.0,18.86,1.0,2016-2017,GA,30436,Regular School,High,No
130507002999,0.13,0.61,0.67,41707.0,20.89,0.42,2016-2017,GA,30546,Regular School,High,No
130513002467,0.11,0.29,0.6,33016.0,22.06,0.24,2016-2017,GA,30753,Regular School,High,No
130519001712,0.16,0.33,0.46,24587.0,17.34,0.96,2016-2017,GA,31714,Regular School,High,No
130522002446,0.06,0.32,0.6,34213.0,16.22,0.94,2016-2017,GA,31044,Regular School,High,No
130525001720,0.05,0.43,0.66,28280.0,21.03,0.41,2016-2017,GA,30512,Regular School,High,No
130528001724,0.18,0.36,0.31,23948.0,17.52,0.55,2016-2017,GA,30286,Regular School,High,No
130531001732,0.18,0.6,0.48,32500.0,18.69,0.97,2016-2017,GA,31602,Regular School,High,No
130534001739,0.11,0.53,0.74,41645.0,20.98,0.52,2016-2017,GA,30474,Regular School,High,No
130537002093,0.2,0.44,0.56,34916.0,22.06,0.59,2016-2017,GA,30741,Regular School,High,No
130537002286,0.11,0.47,0.57,29950.0,22.13,0.5,2016-2017,GA,30728,Regular School,High,No
130539001772,0.13,0.38,0.3,30424.0,18.81,0.52,2016-2017,GA,30656,Regular School,High,No
130539002288,0.07,0.6,0.54,48191.0,20.45,0.29,2016-2017,GA,30052,Regular School,High,No
130539003901,0.13,0.49,0.81,53255.0,19.71,0.32,2016-2017,GA,30052,Regular School,High,No
130543001777,0.02,0.31,0.27,19329.0,20.59,0.54,2016-2017,GA,31503,Regular School,High,No
130546001782,0.24,0.26,0.53,30247.0,16.68,0.8,2016-2017,GA,30828,Regular School,High,No
130549001788,0.11,0.43,0.37,29509.0,17.15,0.72,2016-2017,GA,31082,Regular School,High,No
130555001800,0.12,0.54,0.43,30475.0,19.35,0.5,2016-2017,GA,31545,Regular School,High,No
130564001811,0.1,0.19,0.66,32440.0,19.18,0.67,2016-2017,GA,30411,Regular School,High,No
130567001870,0.04,0.51,0.47,38500.0,20.67,0.38,2016-2017,GA,30528,Regular School,High,No
130570001818,0.13,0.18,0.8,40423.0,18.69,0.64,2016-2017,GA,30721,Regular School,High,No
130570001819,0.13,0.48,0.75,44240.0,20.4,0.42,2016-2017,GA,30755,Regular School,High,No
130570004053,0.19,0.34,0.79,39762.0,20.71,0.5,2016-2017,GA,30721,Regular School,High,No
130573002232,0.08,0.36,0.68,33079.0,18.59,0.68,2016-2017,GA,31079,Regular School,High,No
130576003852,0.08,0.52,0.81,44934.0,20.18,0.94,2016-2017,GA,30673,Regular School,High,No
130579001841,0.07,0.26,0.51,34821.0,18.17,0.7,2016-2017,GA,31054,Regular School,High,No
130585001849,0.1,0.46,0.53,43517.0,18.08,0.56,2016-2017,GA,31791,Regular School,High,No
170000105115,0.1,0.57,0.79,44500.0,21.0,0.3,2016-2017,IL,61041,Regular School,High,No
170000205087,0.08,0.6,0.73,44524.0,19.1,0.46,2016-2017,IL,62420,Regular School,High,No
170000305119,0.07,0.6,0.68,52765.0,21.3,0.29,2016-2017,IL,61842,Regular School,High,No
170000403010,0.06,0.66,0.81,57417.0,18.4,0.46,2016-2017,IL,62869,Regular School,High,No
170000505126,0.06,0.47,0.83,46971.0,20.9,0.34,2016-2017,IL,61739,Regular School,High,No
170000705083,0.05,0.62,0.58,54063.0,20.6,0.28,2016-2017,IL,61046,Regular School,High,No
170001405224,0.05,0.73,0.73,48516.0,19.7,0.29,2016-2017,IL,62939,Regular School,High,No
170004100254,0.12,0.54,0.78,40728.0,20.0,0.28,2016-2017,IL,60936,Regular School,High,No
170004405230,0.11,0.51,0.8,52717.0,20.0,0.25,2016-2017,IL,61531,Regular School,High,No
170004505236,0.1,0.51,0.57,39375.0,18.1,0.45,2016-2017,IL,62954,Regular School,High,No
170009205255,0.13,0.47,0.38,34958.0,16.9,0.43,2016-2017,IL,61846,Regular School,High,No
170010605361,0.04,0.64,0.75,62258.0,19.5,0.22,2016-2017,IL,61816,Regular School,High,No
170010905366,0.1,0.57,0.75,53438.0,19.1,0.34,2016-2017,IL,61728,Regular School,High,No
170011005370,0.24,0.41,0.55,27227.0,15.9,0.77,2016-2017,IL,60064,Regular School,High,No
170011305387,0.07,0.4,0.57,35985.0,18.4,0.46,2016-2017,IL,62664,Regular School,High,No
170011405391,0.12,0.43,0.77,39591.0,19.3,0.53,2016-2017,IL,62838,Regular School,High,No
170011505395,0.05,0.54,0.68,48633.0,18.5,0.34,2016-2017,IL,61537,Regular School,High,No
170012300873,0.08,0.57,0.74,54773.0,20.0,0.3,2016-2017,IL,62544,Regular School,High,No
170012501425,0.08,0.53,0.78,53777.0,20.4,0.33,2016-2017,IL,61338,Regular School,High,No
170015302517,0.06,0.57,0.64,46197.0,20.1,0.31,2016-2017,IL,61542,Regular School,High,No
170021703614,0.14,0.57,0.6,34866.0,18.2,0.56,2016-2017,IL,62822,Regular School,High,No
170022304221,0.08,0.59,0.66,50156.0,19.2,0.33,2016-2017,IL,61914,Regular School,High,No
170031004970,0.13,0.35,0.56,36473.0,18.8,0.39,2016-2017,IL,61074,Regular School,High,No
170031405701,0.07,0.68,0.82,54293.0,19.9,0.35,2016-2017,IL,61475,Regular School,High,No
170031905597,0.09,0.62,0.83,55793.0,18.2,0.35,2016-2017,IL,61418,Regular School,High,No
170032005601,0.15,0.47,0.48,35833.0,19.8,0.56,2016-2017,IL,61462,Regular School,High,No
170032105608,0.15,0.47,0.48,35833.0,19.9,0.31,2016-2017,IL,61462,Regular School,High,No
170032405625,0.08,0.58,0.6,56940.0,18.7,0.22,2016-2017,IL,62551,Regular School,High,No
170032605634,0.06,0.59,0.75,53623.0,21.3,0.23,2016-2017,IL,61738,Regular School,High,No
170033205812,0.07,0.59,0.53,39079.0,19.1,0.29,2016-2017,IL,62681,Regular School,High,No
170138405922,0.06,0.66,0.63,50014.0,20.0,0.33,2016-2017,IL,62321,Regular School,High,No
170138705910,0.11,0.47,0.63,36926.0,18.5,0.5,2016-2017,IL,62312,Regular School,High,No
170139005987,0.07,0.64,0.71,57778.0,19.2,0.29,2016-2017,IL,61740,Regular School,High,No
170139500018,0.04,0.62,0.61,42143.0,19.1,0.37,2016-2017,IL,61231,Regular School,High,No
170140006135,0.2,0.65,0.29,47083.0,19.3,0.51,2016-2017,IL,60471,Regular School,High,Yes
170140306148,0.11,0.56,0.71,44848.0,19.9,0.37,2016-2017,IL,62690,Regular School,High,No
170141306274,0.1,0.51,0.61,40123.0,18.5,0.41,2016-2017,IL,61410,Regular School,High,No
170351000034,0.07,0.59,0.71,52930.0,20.2,0.37,2016-2017,IL,62411,Regular School,High,No
170360000035,0.12,0.62,0.69,32917.0,19.4,0.47,2016-2017,IL,62002,Regular School,High,No
170369000060,0.04,0.45,0.79,42692.0,20.7,0.26,2016-2017,IL,61310,Regular School,High,No
170378000067,0.08,0.51,0.66,39129.0,19.1,0.4,2016-2017,IL,62906,Regular School,High,No
170381000069,0.1,0.44,0.68,39850.0,20.3,0.21,2016-2017,IL,61234,Regular School,High,No
170387000075,0.07,0.77,0.89,91591.0,21.2,0.2,2016-2017,IL,60002,Regular School,High,No
170387005622,0.08,0.7,0.85,91375.0,22.5,0.12,2016-2017,IL,60046,Regular School,High,No
170396000083,0.06,0.5,0.74,51890.0,17.9,0.43,2016-2017,IL,61910,Regular School,High,No
170399000085,0.1,0.59,0.74,58581.0,19.7,0.3,2016-2017,IL,62501,Regular School,High,No
170402000088,0.17,0.31,0.57,46386.0,18.7,0.57,2016-2017,IL,60501,Regular School,High,No
170417000110,0.04,0.86,0.9,102629.0,23.3,0.17,2016-2017,IL,60089,Regular School,High,No
170417000111,0.08,0.81,0.86,56667.0,22.3,0.34,2016-2017,IL,60007,Regular School,High,No
170417000113,0.09,0.8,0.89,63736.0,24.7,0.15,2016-2017,IL,60004,Regular School,High,No
170417000114,0.06,0.73,0.88,85951.0,24.4,0.1,2016-2017,IL,60056,Regular School,High,No
170417000115,0.1,0.54,0.65,53577.0,22.6,0.28,2016-2017,IL,60008,Regular School,High,No
170417000117,0.03,0.54,0.79,73125.0,20.5,0.4,2016-2017,IL,60090,Regular School,High,No
170426000121,0.05,0.33,0.85,56511.0,21.9,0.29,2016-2017,IL,61911,Regular School,High,No
170438000127,0.08,0.5,0.75,54797.0,19.8,0.25,2016-2017,IL,61006,Regular School,High,No
170447000131,0.06,0.6,0.72,61518.0,20.3,0.18,2016-2017,IL,62613,Regular School,High,No
170462000142,0.05,0.53,0.78,63584.0,20.1,0.19,2016-2017,IL,62615,Regular School,High,No
170468000143,0.1,0.27,0.66,42827.0,17.1,0.63,2016-2017,IL,60505,Regular School,High,No
170471000174,0.17,0.36,0.64,47140.0,18.7,0.54,2016-2017,IL,60506,Regular School,High,No
170477000176,0.05,0.64,0.75,64678.0,20.7,0.22,2016-2017,IL,62230,Regular School,High,No
170492000184,0.08,0.82,0.72,82580.0,22.5,0.16,2016-2017,IL,62629,Regular School,High,No
170505000188,0.12,0.87,0.77,96518.0,24.4,0.17,2016-2017,IL,60010,Regular School,High,No
170522000202,0.08,0.81,0.89,86851.0,23.4,0.11,2016-2017,IL,60510,Regular School,High,No
170543000223,0.12,0.62,0.77,67981.0,21.5,0.19,2016-2017,IL,60401,Regular School,High,No
170564000242,0.09,0.74,0.51,50441.0,20.2,0.33,2016-2017,IL,62221,Regular School,High,No
170564000243,0.11,0.57,0.41,42042.0,19.6,0.38,2016-2017,IL,62223,Regular School,High,No
170579000255,0.15,0.4,0.86,48972.0,18.5,0.38,2016-2017,IL,61008,Regular School,High,No
170579005909,0.15,0.47,0.59,47824.0,19.7,0.29,2016-2017,IL,61008,Regular School,High,No
170597000278,0.13,0.59,0.46,34830.0,19.4,0.47,2016-2017,IL,62812,Regular School,High,No
170612000298,0.09,0.63,0.68,66250.0,19.5,0.31,2016-2017,IL,62010,Regular School,High,No
170639000309,0.04,0.64,0.94,72279.0,19.3,0.21,2016-2017,IL,61814,Regular School,High,No
170642000312,0.14,0.46,0.48,48272.0,16.7,0.8,2016-2017,IL,60411,Regular School,High,No
170642000313,0.29,0.45,0.41,30813.0,17.3,0.78,2016-2017,IL,60411,Regular School,High,No
170648000318,0.07,0.66,0.78,48359.0,19.8,0.49,2016-2017,IL,61701,Regular School,High,No
170654000339,0.13,0.67,0.85,67263.0,19.4,0.5,2016-2017,IL,60463,Regular School,High,No
170654000342,0.15,0.43,0.56,47763.0,17.4,0.73,2016-2017,IL,60406,Regular School,High,No
170654000343,0.17,0.65,0.93,58763.0,19.3,0.56,2016-2017,IL,60453,Regular School,High,No
170696000360,0.12,0.67,0.51,46982.0,20.9,0.34,2016-2017,IL,60915,Regular School,High,No
170705000364,0.13,0.52,0.58,60114.0,17.9,0.43,2016-2017,IL,60445,Regular School,High,No
170705000365,0.24,0.61,0.47,45153.0,16.5,0.52,2016-2017,IL,60478,Regular School,High,No
170705000366,0.12,0.7,0.74,59400.0,20.7,0.26,2016-2017,IL,60452,Regular School,High,No
170705000367,0.06,0.65,0.64,66133.0,19.2,0.28,2016-2017,IL,60477,Regular School,High,No
170720000375,0.04,0.85,0.94,103988.0,21.8,0.15,2016-2017,IL,61517,Regular School,High,No
170765005478,0.07,0.63,0.76,48561.0,20.3,0.23,2016-2017,IL,60957,Regular School,High,No
170777000392,0.11,0.56,0.72,50568.0,20.0,0.35,2016-2017,IL,62014,Regular School,High,No
170783000397,0.12,0.64,0.78,81528.0,22.9,0.11,2016-2017,IL,60109,Regular School,High,No
170795000401,0.1,0.53,0.59,37877.0,17.7,0.43,2016-2017,IL,61422,Regular School,High,No
170801000407,0.05,0.66,0.75,64335.0,22.3,0.21,2016-2017,IL,61010,Regular School,High,No
170804000409,0.15,0.45,0.43,31586.0,15.9,0.83,2016-2017,IL,62206,Regular School,High,No
170816000429,0.03,0.53,0.86,62051.0,19.3,0.27,2016-2017,IL,61238,Regular School,High,No
170822000431,0.08,0.54,0.81,44302.0,19.6,0.32,2016-2017,IL,62320,Regular School,High,No
170825000437,0.05,0.56,0.7,39693.0,19.4,0.43,2016-2017,IL,62916,Regular School,High,No
170828000438,0.12,0.49,0.62,28289.0,19.1,0.47,2016-2017,IL,61520,Regular School,High,No
170837000454,0.1,0.77,0.15,12208.0,21.2,0.48,2016-2017,IL,62901,Regular School,High,No
170840000458,0.05,0.67,0.78,53750.0,20.3,0.32,2016-2017,IL,60465,Regular School,High,No
170840000459,0.08,0.84,0.83,87782.0,22.2,0.12,2016-2017,IL,60462,Regular School,High,No
170840000460,0.04,0.73,0.93,101875.0,21.8,0.16,2016-2017,IL,60487,Regular School,High,No
170843000461,0.11,0.66,0.68,42413.0,21.1,0.3,2016-2017,IL,62626,Regular School,High,No
170846000466,0.05,0.63,0.6,52367.0,18.8,0.28,2016-2017,IL,62231,Regular School,High,No
170850000472,0.04,0.74,0.47,43068.0,18.0,0.29,2016-2017,IL,62821,Regular School,High,No
170855000485,0.03,0.67,0.8,66200.0,21.3,0.22,2016-2017,IL,60140,Regular School,High,No
170855000486,0.06,0.86,0.87,114722.0,22.5,0.2,2016-2017,IL,60102,Regular School,High,No
170855000487,0.21,0.26,0.59,45575.0,18.8,0.57,2016-2017,IL,60110,Regular School,High,No
170861000501,0.08,0.62,0.65,44466.0,21.1,0.29,2016-2017,IL,62016,Regular School,High,No
170864000504,0.06,0.73,0.61,42650.0,22.9,0.34,2016-2017,IL,62918,Regular School,High,No
170910002875,0.08,0.57,0.74,54773.0,20.0,0.2,2016-2017,IL,62550,Regular School,High,No
170930000538,0.12,0.69,0.68,49750.0,18.6,0.52,2016-2017,IL,62801,Regular School,High,No
170933000540,0.05,0.65,0.84,64702.0,19.5,0.16,2016-2017,IL,61818,Regular School,High,No
170940005404,0.05,0.56,0.9,55116.0,19.2,0.23,2016-2017,IL,61051,Regular School,High,No
170942000545,0.09,0.69,0.48,44977.0,20.1,0.45,2016-2017,IL,61821,Regular School,High,No
170942000546,0.05,0.86,0.72,33720.0,20.5,0.42,2016-2017,IL,61820,Regular School,High,No
170960000567,0.17,0.84,0.33,13235.0,21.0,0.32,2016-2017,IL,61920,Regular School,High,No
170981000579,0.05,0.38,0.49,50969.0,19.2,0.29,2016-2017,IL,62233,Regular School,High,No
170993000587,0.06,0.9,0.49,64153.0,17.0,0.86,2016-2017,IL,60625,Regular School,High,No
170993000588,0.19,0.81,0.26,41250.0,14.9,0.98,2016-2017,IL,60616,Regular School,High,No
170993000626,0.14,0.45,0.62,51875.0,15.7,0.87,2016-2017,IL,60652,Regular School,High,No
170993000671,0.43,0.4,0.05,14005.0,17.7,0.95,2016-2017,IL,60827,Regular School,High,No
170993000681,0.1,0.19,0.63,35739.0,18.7,0.82,2016-2017,IL,60639,Regular School,High,No
170993000714,0.06,0.96,1.0,42667.0,27.5,0.32,2016-2017,IL,60607,Regular School,High,No
170993000718,0.29,0.2,0.45,27647.0,14.8,0.99,2016-2017,IL,60609,Regular School,High,No
170993000722,0.13,0.52,0.38,33500.0,16.6,0.97,2016-2017,IL,60608,Regular School,High,No
170993000758,0.36,0.53,0.23,20281.0,17.1,0.93,2016-2017,IL,60620,Regular School,High,No
170993000788,0.14,0.13,0.39,29805.0,15.9,0.99,2016-2017,IL,60623,Regular School,High,No
170993000792,0.33,0.48,0.26,44500.0,14.4,0.99,2016-2017,IL,60628,Regular School,High,No
170993000799,0.1,0.37,0.17,40526.0,16.1,0.95,2016-2017,IL,60641,Regular School,High,No
170993000809,0.23,0.28,0.7,39608.0,15.3,0.98,2016-2017,IL,60629,Regular School,High,No
170993000851,0.13,0.76,0.61,49018.0,15.7,0.92,2016-2017,IL,60628,Regular School,High,No
170993000852,0.32,0.48,0.24,31897.0,14.3,0.98,2016-2017,IL,60636,Regular School,High,No
170993000879,0.3,0.51,0.04,21638.0,14.4,0.97,2016-2017,IL,60619,Regular School,High,No
170993000889,0.1,0.34,0.51,43250.0,17.7,0.89,2016-2017,IL,60629,Regular School,High,No
170993000893,0.2,0.79,0.46,31399.0,15.4,0.96,2016-2017,IL,60637,Regular School,High,No
170993000895,0.31,0.61,0.28,42628.0,15.2,0.96,2016-2017,IL,60643,Regular School,High,No
170993000920,0.13,0.21,0.58,38354.0,16.8,0.94,2016-2017,IL,60632,Regular School,High,No
170993000923,0.13,0.27,0.61,36436.0,15.9,0.97,2016-2017,IL,60639,Regular School,High,No
170993000924,0.09,0.6,0.87,75972.0,18.7,0.71,2016-2017,IL,60638,Regular School,High,No
170993000925,0.09,0.84,0.45,38108.0,19.5,0.63,2016-2017,IL,60615,Regular School,High,No
170993000931,0.16,0.65,0.09,20938.0,20.6,0.68,2016-2017,IL,60653,Regular School,High,No
170993000941,0.04,0.96,0.91,105952.0,18.5,0.78,2016-2017,IL,60613,Regular School,High,No
170993000942,0.06,0.82,0.81,76488.0,24.4,0.46,2016-2017,IL,60618,Regular School,High,No
170993000943,0.16,0.83,0.31,61382.0,14.8,0.98,2016-2017,IL,60617,Regular School,High,No
170993000967,0.35,0.52,0.08,19279.0,14.2,0.99,2016-2017,IL,60621,Regular School,High,No
170993000972,0.24,0.39,0.25,42870.0,14.7,0.8,2016-2017,IL,60624,Regular School,High,No
170993000977,0.1,0.82,0.88,72368.0,17.0,0.8,2016-2017,IL,60659,Regular School,High,No
170993000990,0.04,0.94,1.0,80091.0,27.1,0.36,2016-2017,IL,60605,Regular School,High,No
170993001002,0.08,0.82,0.76,65972.0,17.9,0.72,2016-2017,IL,60643,Regular School,High,No
170993001061,0.17,0.71,0.41,22891.0,15.0,0.97,2016-2017,IL,60653,Regular School,High,No
170993001072,0.39,0.63,0.04,29297.0,14.8,0.96,2016-2017,IL,60628,Regular School,High,No
170993001086,0.03,0.88,0.74,68348.0,15.0,0.97,2016-2017,IL,60622,Regular School,High,No
170993001093,0.11,0.46,0.55,49375.0,15.7,0.91,2016-2017,IL,60625,Regular School,High,No
170993001111,0.02,0.78,0.87,84542.0,16.4,0.86,2016-2017,IL,60641,Regular School,High,No
170993001114,0.03,0.75,0.75,63906.0,18.5,0.89,2016-2017,IL,60660,Regular School,High,No
170993001125,0.24,0.45,0.11,27031.0,14.5,0.79,2016-2017,IL,60612,Regular School,High,No
170993001139,0.2,0.44,0.53,52539.0,16.8,0.85,2016-2017,IL,60634,Regular School,High,No
170993001149,0.07,0.67,0.47,42246.0,15.8,0.95,2016-2017,IL,60626,Regular School,High,No
170993001153,0.11,0.62,0.71,58750.0,19.2,0.47,2016-2017,IL,60631,Regular School,High,No
170993001161,0.32,0.33,0.22,33229.0,14.6,0.98,2016-2017,IL,60609,Regular School,High,No
170993001180,0.09,0.5,0.4,44104.0,19.7,0.62,2016-2017,IL,60625,Regular School,High,No
170993001185,0.03,0.98,0.79,89583.0,22.4,0.45,2016-2017,IL,60614,Regular School,High,No
170993001189,0.23,0.38,0.62,39949.0,16.9,0.83,2016-2017,IL,60617,Regular School,High,No
170993001192,0.05,0.94,0.57,94507.0,15.7,0.95,2016-2017,IL,60622,Regular School,High,No
170993001198,0.12,0.29,0.36,43477.0,17.8,0.86,2016-2017,IL,60632,Regular School,High,No
170993001980,0.13,0.37,0.46,46146.0,17.4,0.86,2016-2017,IL,60629,Regular School,High,No
170993002031,0.25,0.62,0.25,33996.0,23.2,0.64,2016-2017,IL,60628,Regular School,High,No
170993003473,0.18,0.65,0.78,75804.0,14.7,0.95,2016-2017,IL,60616,Regular School,High,Yes
170993003474,0.14,0.47,0.43,34509.0,16.0,0.95,2016-2017,IL,60623,Regular School,High,Yes
170993003481,0.1,0.82,0.88,72368.0,29.6,0.28,2016-2017,IL,60625,Regular School,High,No
170993003487,0.17,0.71,0.41,22891.0,17.9,0.89,2016-2017,IL,60653,Regular School,High,No
170993003981,0.19,0.81,0.26,41250.0,16.8,0.85,2016-2017,IL,60616,Regular School,High,Yes
170993003989,0.06,0.6,0.34,34865.0,29.4,0.24,2016-2017,IL,60610,Regular School,High,No
170993004266,0.36,0.33,0.12,23472.0,14.9,0.98,2016-2017,IL,60621,Regular School,High,No
170993004715,0.28,0.57,0.29,18750.0,19.2,0.96,2016-2017,IL,60612,Regular School,High,No
170993005051,0.36,0.41,0.14,25323.0,15.4,0.98,2016-2017,IL,60609,Regular School,High,Yes
170993005061,0.13,0.48,0.72,64911.0,17.8,0.84,2016-2017,IL,60634,Regular School,High,No
170993005072,0.2,0.47,0.19,25694.0,15.2,0.96,2016-2017,IL,60617,Regular School,High,No
170993005074,0.11,0.29,0.55,29324.0,16.6,0.96,2016-2017,IL,60639,Regular School,High,No
170993005075,0.17,0.4,0.04,11209.0,14.9,0.96,2016-2017,IL,60624,Regular School,High,No
170993005076,0.25,0.44,0.15,28488.0,16.6,0.99,2016-2017,IL,60644,Regular School,High,No
170993005078,0.03,0.75,0.75,63906.0,19.0,0.86,2016-2017,IL,60660,Regular School,High,No
170993005147,0.09,0.71,0.81,82673.0,20.4,0.4,2016-2017,IL,60655,Regular School,High,No
170993005677,0.2,0.26,0.48,28058.0,17.0,0.98,2016-2017,IL,60623,Regular School,High,No
170993005787,0.09,0.7,0.42,26862.0,16.9,0.95,2016-2017,IL,60640,Regular School,High,No
170993005788,0.21,0.12,0.69,33449.0,16.8,0.96,2016-2017,IL,60623,Regular School,High,No
170993005789,0.21,0.53,0.29,27559.0,14.7,0.99,2016-2017,IL,60644,Regular School,High,No
170993005791,0.4,0.4,0.41,25769.0,22.9,0.57,2016-2017,IL,60636,Regular School,High,No
170993005792,0.1512254740095596,0.41984396782012595,0.4394377892003264,27779.92604209824,16.5,0.89,2016-2017,IL,60615,Regular School,High,No
170993005793,0.21,0.12,0.69,33449.0,16.6,0.96,2016-2017,IL,60623,Regular School,High,No
170993005794,0.21,0.12,0.69,33449.0,15.3,0.99,2016-2017,IL,60623,Regular School,High,No
170993005795,0.21,0.12,0.69,33449.0,18.1,0.95,2016-2017,IL,60623,Regular School,High,No
170993005884,0.43,0.44,0.0,19568.0,16.6,0.83,2016-2017,IL,60621,Regular School,High,Yes
170993005890,0.35,0.39,0.18,21913.0,14.6,0.95,2016-2017,IL,60644,Regular School,High,No
170993005916,0.43,0.44,0.0,19568.0,15.0,0.97,2016-2017,IL,60621,Regular School,High,No
170993005926,0.35,0.39,0.18,21913.0,14.0,0.98,2016-2017,IL,60644,Regular School,High,No
170993005942,0.22,0.39,0.01,14146.0,14.4,0.97,2016-2017,IL,60623,Regular School,High,No
170993005983,0.2,0.34,0.32,23750.0,14.8,0.94,2016-2017,IL,60624,Regular School,High,No
170993005984,0.35,0.39,0.18,21913.0,15.4,0.98,2016-2017,IL,60644,Regular School,High,No
170993006055,0.47,0.34,0.03,11708.0,18.5,0.81,2016-2017,IL,60609,Regular School,High,No
170993006058,0.27,0.44,0.0,11358.0,20.5,0.42,2016-2017,IL,60622,Regular School,High,No
170993006072,0.05,0.9,0.8,78790.0,18.0,0.8,2016-2017,IL,60618,Regular School,High,No
170993006076,0.12,0.79,0.44,52393.0,16.2,0.92,2016-2017,IL,60608,Regular School,High,No
170993006083,0.15,0.43,0.21,25542.0,20.9,0.72,2016-2017,IL,60624,Regular School,High,No
170993006088,0.19,0.34,0.58,28649.0,16.6,0.96,2016-2017,IL,60617,Regular School,High,Yes
170993006092,0.1512254740095596,0.41984396782012595,0.4394377892003264,27779.92604209824,17.7,0.89,2016-2017,IL,60615,Regular School,High,No
170993006094,0.12,0.79,0.44,52393.0,16.9,0.8,2016-2017,IL,60608,Regular School,High,Yes
170993006103,0.14,0.36,0.56,32725.0,17.4,0.85,2016-2017,IL,60608,Regular School,High,Yes
170993006132,0.31,0.43,0.01,9500.0,17.4,0.78,2016-2017,IL,60616,Regular School,High,Yes
170993006138,0.17,0.2,0.71,43295.0,17.0,0.89,2016-2017,IL,60632,Regular School,High,No
170993006170,0.23,0.74,0.22,25068.0,16.2,0.9,2016-2017,IL,60649,Regular School,High,No
171024001246,0.07,0.56,0.87,45898.0,19.9,0.32,2016-2017,IL,62823,Regular School,High,No
171041001256,0.05,0.55,0.79,58026.0,20.2,0.31,2016-2017,IL,60927,Regular School,High,No
171044001260,0.09,0.51,0.74,43872.0,18.7,0.36,2016-2017,IL,61727,Regular School,High,No
171053001271,0.12,0.54,0.8,71302.0,21.1,0.24,2016-2017,IL,60416,Regular School,High,No
171057001274,0.06,0.57,0.47,36304.0,19.5,0.53,2016-2017,IL,62920,Regular School,High,No
171065001278,0.15,0.68,0.55,48025.0,19.5,0.4,2016-2017,IL,62234,Regular School,High,No
171074001295,0.07,0.68,0.8,63455.0,22.5,0.09,2016-2017,IL,62236,Regular School,High,No
171079004391,0.07,0.62,0.66,29427.0,18.7,0.46,2016-2017,IL,62859,Regular School,High,No
171080001317,0.08,0.56,0.7,53184.0,19.7,0.29,2016-2017,IL,61844,Regular School,High,No
171082001320,0.12,0.5,0.52,41909.0,18.1,0.42,2016-2017,IL,61883,Regular School,High,No
171083001324,0.09,0.49,0.8,43578.0,20.0,0.21,2016-2017,IL,62631,Regular School,High,No
171110001338,0.09,0.48,0.83,42543.0,18.6,0.45,2016-2017,IL,62959,Regular School,High,No
171125001344,0.17,0.51,0.5,52770.0,19.0,0.58,2016-2017,IL,60417,Regular School,High,No
171137001366,0.06,0.84,0.92,118005.0,23.3,0.11,2016-2017,IL,60013,Regular School,High,No
171137001367,0.05,0.77,0.85,79596.0,22.0,0.2,2016-2017,IL,60014,Regular School,High,No
171137001368,0.09,0.54,0.74,66525.0,22.5,0.1,2016-2017,IL,60014,Regular School,High,No
171137002154,0.07,0.79,0.85,95208.0,23.8,0.08,2016-2017,IL,60012,Regular School,High,No
171140001370,0.06,0.6,0.65,48804.0,17.8,0.48,2016-2017,IL,61427,Regular School,High,No
171161001374,0.1,0.6,0.65,56958.0,21.7,0.22,2016-2017,IL,61018,Regular School,High,No
171179001382,0.09,0.43,0.18,25357.0,17.9,0.6,2016-2017,IL,61832,Regular School,High,No
171185001405,0.14,0.5,0.34,29953.0,17.5,0.72,2016-2017,IL,62521,Regular School,High,No
171185001411,0.12,0.72,0.69,56250.0,17.8,0.64,2016-2017,IL,62522,Regular School,High,No
171188001434,0.05,0.74,0.81,73750.0,22.1,0.23,2016-2017,IL,61755,Regular School,High,No
171200001449,0.05,0.76,0.81,66921.0,19.7,0.43,2016-2017,IL,60115,Regular School,High,No
171206001458,0.05,0.61,0.76,58889.0,20.5,0.23,2016-2017,IL,61734,Regular School,High,No
171224001477,0.03,0.6,0.82,66667.0,19.8,0.21,2016-2017,IL,62424,Regular School,High,No
171233001481,0.1,0.49,0.53,41922.0,19.5,0.32,2016-2017,IL,61021,Regular School,High,No
171257001518,0.06,0.75,0.9,63963.0,23.6,0.18,2016-2017,IL,60515,Regular School,High,No
171257001519,0.08,0.76,0.73,85156.0,21.9,0.27,2016-2017,IL,60516,Regular School,High,No
171270001522,0.1,0.86,0.9,78066.0,24.8,0.09,2016-2017,IL,61525,Regular School,High,No
171272001527,0.07,0.53,0.73,44470.0,18.5,0.4,2016-2017,IL,62239,Regular School,High,No
171276001530,0.08,0.67,0.61,33965.0,20.0,0.43,2016-2017,IL,62832,Regular School,High,No
171281001536,0.11,0.6,0.88,66492.0,19.9,0.23,2016-2017,IL,61024,Regular School,High,No
171287001538,0.08,0.61,0.69,59561.0,20.2,0.26,2016-2017,IL,60420,Regular School,High,No
171299001547,0.11,0.59,0.52,37491.0,17.5,0.57,2016-2017,IL,62095,Regular School,High,No
171305001550,0.09,0.5,0.25,23109.0,22.0,0.21,2016-2017,IL,61025,Regular School,High,No
171323001567,0.14,0.55,0.35,43377.0,18.7,0.42,2016-2017,IL,61611,Regular School,High,No
171329001583,0.03,0.79,0.82,41349.0,19.3,0.38,2016-2017,IL,62450,Regular School,High,No
171332004975,0.22,0.55,0.34,24535.0,15.4,0.79,2016-2017,IL,62205,Regular School,High,No
171350001636,0.07,0.64,0.65,36458.0,19.2,0.27,2016-2017,IL,62806,Regular School,High,No
171353001639,0.07,0.79,0.68,67197.0,22.9,0.1,2016-2017,IL,62025,Regular School,High,No
171356001648,0.08,0.68,0.4,46406.0,19.9,0.28,2016-2017,IL,62401,Regular School,High,No
171366001662,0.1,0.53,0.58,23882.0,18.0,0.45,2016-2017,IL,62930,Regular School,High,No
171371001674,0.12,0.28,0.8,50236.0,17.9,0.71,2016-2017,IL,60120,Regular School,High,No
171371001690,0.12,0.49,0.56,53295.0,17.6,0.67,2016-2017,IL,60123,Regular School,High,No
171371001703,0.09,0.71,0.83,96194.0,17.9,0.56,2016-2017,IL,60107,Regular School,High,No
171371002108,0.05,0.72,0.92,113108.0,21.5,0.32,2016-2017,IL,60103,Regular School,High,No
171371005611,0.06,0.64,0.78,78138.0,20.7,0.3,2016-2017,IL,60177,Regular School,High,No
171386001732,0.04,0.54,0.59,39082.0,17.8,0.45,2016-2017,IL,62932,Regular School,High,No
171392001736,0.04,0.75,0.83,90641.0,23.7,0.07,2016-2017,IL,61736,Regular School,High,No
171394001737,0.09,0.58,0.68,66063.0,19.1,0.52,2016-2017,IL,60101,Regular School,High,No
171394001738,0.06,0.73,0.91,63866.0,20.6,0.41,2016-2017,IL,60181,Regular School,High,No
171397001755,0.06,0.9,0.73,92134.0,24.2,0.15,2016-2017,IL,60126,Regular School,High,No
171405001758,0.06,0.69,0.77,65484.0,21.9,0.17,2016-2017,IL,61529,Regular School,High,No
171410001761,0.07,0.52,0.83,38036.0,20.0,0.37,2016-2017,IL,60707,Regular School,High,No
171435001773,0.04,0.59,0.52,57022.0,21.9,0.24,2016-2017,IL,61250,Regular School,High,No
171443001781,0.09,0.67,0.8,55507.0,21.9,0.22,2016-2017,IL,61530,Regular School,High,No
171449001804,0.16,0.69,0.7,67443.0,23.9,0.37,2016-2017,IL,60201,Regular School,High,No
171458001810,0.09,0.67,0.63,58611.0,20.5,0.29,2016-2017,IL,60805,Regular School,High,No
171503001832,0.05,0.45,0.53,65427.0,19.8,0.39,2016-2017,IL,60106,Regular School,High,No
171510000013,0.05,0.61,0.81,59643.0,19.0,0.38,2016-2017,IL,61760,Regular School,High,No
171518001837,0.05,0.67,0.71,70851.0,21.8,0.26,2016-2017,IL,61843,Regular School,High,No
171540001841,0.07,0.56,0.38,38319.0,19.1,0.32,2016-2017,IL,62839,Regular School,High,No
171584001892,0.03,0.71,0.79,77206.0,21.9,0.08,2016-2017,IL,62243,Regular School,High,No
171588001894,0.11,0.56,0.76,65758.0,20.2,0.39,2016-2017,IL,60549,Regular School,High,No
171590001902,0.14,0.67,0.6,42241.0,19.3,0.6,2016-2017,IL,61032,Regular School,High,No
171605001912,0.05,0.54,0.58,52566.0,22.1,0.19,2016-2017,IL,61036,Regular School,High,No
171608001923,0.04,0.7,0.56,43078.0,18.9,0.56,2016-2017,IL,61401,Regular School,High,No
171614001939,0.09,0.5,0.71,40563.0,19.4,0.38,2016-2017,IL,61434,Regular School,High,No
171626001942,0.14,0.47,0.71,56750.0,20.6,0.18,2016-2017,IL,60424,Regular School,High,No
171635001948,0.04,0.66,0.83,58975.0,21.7,0.12,2016-2017,IL,61254,Regular School,High,No
171638001955,0.11,0.87,0.89,80017.0,24.3,0.05,2016-2017,IL,60134,Regular School,High,No
171641001960,0.14,0.56,0.67,56017.0,19.7,0.22,2016-2017,IL,60135,Regular School,High,No
171668001971,0.1,0.56,0.49,38400.0,19.5,0.46,2016-2017,IL,62033,Regular School,High,No
171683001988,0.07,0.78,0.82,70575.0,20.3,0.4,2016-2017,IL,60148,Regular School,High,No
171683001989,0.07,0.68,0.76,88684.0,21.6,0.3,2016-2017,IL,60188,Regular School,High,No
171683001990,0.07,0.82,0.62,53906.0,22.9,0.22,2016-2017,IL,60137,Regular School,High,No
171683001991,0.05,0.93,0.98,147250.0,23.2,0.22,2016-2017,IL,60137,Regular School,High,No
171728002028,0.11,0.46,0.71,44831.0,17.9,0.54,2016-2017,IL,62040,Regular School,High,No
171734002050,0.2,0.59,0.74,40132.0,20.9,0.33,2016-2017,IL,60020,Regular School,High,No
171737002052,0.09,0.57,0.82,60385.0,19.6,0.2,2016-2017,IL,60940,Regular School,High,No
171755002057,0.05,0.74,0.86,88257.0,22.9,0.13,2016-2017,IL,60030,Regular School,High,No
171755005623,0.09,0.5,0.65,62531.0,22.1,0.11,2016-2017,IL,60030,Regular School,High,No
171767002064,0.11,0.48,0.81,53361.0,20.2,0.28,2016-2017,IL,62044,Regular School,High,No
171773002067,0.1,0.54,0.6,43864.0,20.7,0.26,2016-2017,IL,62246,Regular School,High,No
171803002082,0.1,0.52,0.7,42627.0,19.6,0.36,2016-2017,IL,61362,Regular School,High,No
171806002084,0.08,0.52,0.66,47165.0,18.8,0.39,2016-2017,IL,62341,Regular School,High,No
171818002089,0.06,0.57,0.57,53021.0,19.8,0.31,2016-2017,IL,62047,Regular School,High,No
171820004400,0.2,0.51,0.58,30977.0,18.9,0.39,2016-2017,IL,62931,Regular School,High,No
171824002100,0.07,0.57,0.57,70000.0,20.1,0.38,2016-2017,IL,61115,Regular School,High,No
171827002113,0.24,0.53,0.46,37225.0,19.3,0.43,2016-2017,IL,62946,Regular School,High,No
171842002125,0.12,0.35,0.45,39855.0,17.9,0.5,2016-2017,IL,60033,Regular School,High,No
171851002143,0.11,0.51,0.6,31510.0,19.0,0.43,2016-2017,IL,62644,Regular School,High,No
171881002161,0.07,0.75,0.74,44250.0,19.4,0.46,2016-2017,IL,62948,Regular School,High,No
171884002170,0.08,0.54,0.86,65272.0,21.0,0.17,2016-2017,IL,60941,Regular School,High,No
171887002174,0.04,0.75,0.83,90641.0,19.8,0.2,2016-2017,IL,61745,Regular School,High,No
171899002179,0.07,0.7,0.79,64714.0,21.4,0.23,2016-2017,IL,62249,Regular School,High,No
171908002193,0.04,0.92,0.81,135819.0,26.4,0.03,2016-2017,IL,60015,Regular School,High,No
171908002194,0.11,0.87,0.82,106250.0,25.3,0.15,2016-2017,IL,60035,Regular School,High,No
171920002206,0.06,0.65,0.67,47639.0,18.9,0.43,2016-2017,IL,62049,Regular School,High,No
171926002213,0.08,0.61,0.8,60647.0,23.1,0.12,2016-2017,IL,60520,Regular School,High,No
171932002222,0.13,0.96,0.72,128750.0,26.7,0.06,2016-2017,IL,60521,Regular School,High,No
171932002223,0.11,0.77,0.68,52634.0,22.8,0.28,2016-2017,IL,60561,Regular School,High,No
171956002235,0.09,0.89,0.82,100549.0,20.7,0.24,2016-2017,IL,60422,Regular School,High,No
171962002236,0.06,0.62,0.68,62106.0,22.6,0.14,2016-2017,IL,61072,Regular School,High,No
171966002238,0.14,0.37,0.71,38818.0,18.2,0.46,2016-2017,IL,60942,Regular School,High,No
171983002247,0.06,0.8,0.87,102206.0,22.4,0.08,2016-2017,IL,60142,Regular School,High,No
171996002250,0.07,0.61,0.74,61406.0,20.8,0.23,2016-2017,IL,61533,Regular School,High,No
171997002256,0.1,0.59,0.76,46893.0,20.4,0.2,2016-2017,IL,61523,Regular School,High,No
172017002269,0.18,0.5,0.64,34721.0,19.1,0.43,2016-2017,IL,60970,Regular School,High,No
172018004924,0.1,0.47,0.7,46144.0,19.1,0.4,2016-2017,IL,60938,Regular School,High,No
172028002280,0.06,0.51,0.45,29607.0,18.9,0.44,2016-2017,IL,62650,Regular School,High,No
172038002299,0.08,0.53,0.57,41275.0,20.2,0.28,2016-2017,IL,62448,Regular School,High,No
172043002310,0.08,0.67,0.63,55833.0,19.6,0.29,2016-2017,IL,62052,Regular School,High,No
172049002315,0.1,0.59,0.82,66944.0,20.7,0.13,2016-2017,IL,60051,Regular School,High,No
172055002320,0.14,0.51,0.6,39142.0,18.7,0.53,2016-2017,IL,62951,Regular School,High,No
172061002350,0.12,0.32,0.39,21094.0,17.6,0.66,2016-2017,IL,60432,Regular School,High,No
172061002352,0.07,0.75,0.94,66458.0,19.7,0.43,2016-2017,IL,60435,Regular School,High,No
172076002362,0.08,0.65,0.86,44511.0,17.2,0.76,2016-2017,IL,60901,Regular School,High,No
172100002383,0.14,0.44,0.46,33430.0,19.8,0.65,2016-2017,IL,61443,Regular School,High,No
172130002403,0.1,0.62,0.78,67543.0,19.2,0.37,2016-2017,IL,60146,Regular School,High,No
172139002407,0.03,0.6,0.7,48125.0,19.9,0.37,2016-2017,IL,61448,Regular School,High,No
172178002452,0.04,0.93,0.79,134063.0,26.1,0.03,2016-2017,IL,60045,Regular School,High,No
172184002454,0.05,0.72,0.75,57833.0,22.4,0.18,2016-2017,IL,60172,Regular School,High,No
172190002460,0.05,0.72,0.91,86012.0,24.2,0.1,2016-2017,IL,60047,Regular School,High,No
172211002481,0.07,0.62,0.73,47295.0,19.7,0.36,2016-2017,IL,61301,Regular School,High,No
172213005283,0.08,0.52,0.7,42266.0,19.5,0.34,2016-2017,IL,62417,Regular School,High,No
172215002488,0.07,0.56,0.61,29034.0,18.5,0.36,2016-2017,IL,62439,Regular School,High,No
172250002508,0.08,0.81,0.97,87074.0,22.4,0.08,2016-2017,IL,60439,Regular School,High,No
172253002510,0.08,0.58,0.72,52303.0,21.1,0.26,2016-2017,IL,61048,Regular School,High,No
172262002514,0.09,0.67,0.62,56000.0,20.9,0.15,2016-2017,IL,61752,Regular School,High,No
172271002519,0.06,0.58,0.78,62463.0,22.0,0.15,2016-2017,IL,61753,Regular School,High,No
172274002520,0.09,0.49,0.74,68600.0,19.9,0.36,2016-2017,IL,60131,Regular School,High,No
172274002522,0.08,0.41,0.76,56250.0,18.6,0.4,2016-2017,IL,60164,Regular School,High,No
172277002524,0.07,0.55,0.86,58372.0,20.6,0.21,2016-2017,IL,62347,Regular School,High,No
172283002531,0.07,0.83,0.81,108906.0,25.7,0.05,2016-2017,IL,60048,Regular School,High,No
172283004092,0.04,0.87,0.96,130545.0,25.0,0.12,2016-2017,IL,60061,Regular School,High,No
172295002535,0.08,0.64,0.81,66385.0,18.8,0.4,2016-2017,IL,61607,Regular School,High,No
172305002542,0.12,0.52,0.76,45018.0,21.1,0.3,2016-2017,IL,62656,Regular School,High,No
172307002543,0.06,0.76,0.93,104961.0,22.8,0.06,2016-2017,IL,60451,Regular School,High,No
172307002544,0.06,0.73,0.81,104375.0,23.1,0.03,2016-2017,IL,60423,Regular School,High,No
172307006062,0.06,0.7,0.81,82028.0,23.0,0.06,2016-2017,IL,60451,Regular School,High,No
172320002553,0.03,0.84,0.67,53600.0,23.1,0.2,2016-2017,IL,60532,Regular School,High,No
172325002560,0.05,0.59,0.42,39464.0,18.8,0.37,2016-2017,IL,62056,Regular School,High,No
172335002571,0.09,0.74,0.86,82727.0,21.8,0.16,2016-2017,IL,60441,Regular School,High,No
172388002601,0.07,0.94,0.93,150785.0,24.3,0.14,2016-2017,IL,60525,Regular School,High,No
172392002611,0.09,0.71,0.41,30475.0,21.4,0.35,2016-2017,IL,61455,Regular School,High,No
172397002622,0.2,0.41,0.36,20990.0,15.9,0.98,2016-2017,IL,62060,Regular School,High,No
172406002627,0.02,0.8,0.83,90140.0,23.7,0.19,2016-2017,IL,61853,Regular School,High,No
172409005030,0.04,0.64,0.8,50722.0,21.0,0.47,2016-2017,IL,60068,Regular School,High,No
172409005031,0.06,0.74,0.91,84352.0,24.0,0.08,2016-2017,IL,60068,Regular School,High,No
172409005032,0.08,0.59,0.92,65273.0,20.4,0.38,2016-2017,IL,60018,Regular School,High,No
172439002647,0.08,0.61,0.67,56622.0,21.0,0.24,2016-2017,IL,60950,Regular School,High,No
172448002655,0.12,0.66,0.74,67083.0,21.1,0.17,2016-2017,IL,60151,Regular School,High,No
172457002661,0.15,0.55,0.72,56406.0,21.3,0.31,2016-2017,IL,60152,Regular School,High,No
172460002666,0.09,0.76,0.65,54531.0,20.0,0.41,2016-2017,IL,62959,Regular School,High,No
172465002672,0.07,0.58,0.64,53701.0,20.8,0.57,2016-2017,IL,62257,Regular School,High,No
172475002684,0.1,0.59,0.74,58581.0,21.4,0.1,2016-2017,IL,61756,Regular School,High,No
172487002695,0.07,0.65,0.57,49515.0,20.3,0.25,2016-2017,IL,62441,Regular School,High,No
172490002700,0.08,0.6,0.73,44524.0,19.4,0.49,2016-2017,IL,62442,Regular School,High,No
172494002701,0.1,0.69,0.68,66944.0,22.0,0.13,2016-2017,IL,62258,Regular School,High,No
172500002713,0.07,0.56,0.56,37569.0,20.1,0.44,2016-2017,IL,62960,Regular School,High,No
172505002734,0.06,0.57,0.37,40321.0,19.9,0.46,2016-2017,IL,61938,Regular School,High,No
172532002760,0.09,0.51,0.62,42685.0,20.3,0.29,2016-2017,IL,60050,Regular School,High,No
172532002761,0.17,0.54,0.77,61488.0,20.4,0.28,2016-2017,IL,60050,Regular School,High,No
172559002771,0.06,0.57,0.72,46103.0,19.4,0.25,2016-2017,IL,62351,Regular School,High,No
172565002775,0.07,0.55,0.59,49630.0,20.8,0.4,2016-2017,IL,61342,Regular School,High,No
172569002781,0.05,0.66,0.75,64335.0,20.3,0.21,2016-2017,IL,61084,Regular School,High,No
172577002784,0.05,0.72,0.69,60861.0,22.4,0.13,2016-2017,IL,61548,Regular School,High,No
172618001816,0.06,0.59,0.56,35625.0,18.6,0.31,2016-2017,IL,62837,Regular School,High,No
172634002800,0.07,0.73,0.93,103000.0,21.8,0.06,2016-2017,IL,60447,Regular School,High,No
172640002824,0.08,0.8,0.71,60543.0,20.4,0.33,2016-2017,IL,61265,Regular School,High,No
172643002831,0.13,0.53,0.65,60556.0,18.1,0.58,2016-2017,IL,60954,Regular School,High,No
172655002843,0.05,0.74,0.83,64236.0,21.8,0.08,2016-2017,IL,61856,Regular School,High,No
172664002851,0.06,0.63,0.73,55905.0,21.6,0.23,2016-2017,IL,60450,Regular School,High,No
172671002852,0.07,0.56,0.55,47969.0,21.6,0.32,2016-2017,IL,61270,Regular School,High,No
172680002864,0.06,0.85,0.84,63555.0,23.3,0.09,2016-2017,IL,61550,Regular School,High,No
172688002872,0.12,0.64,0.56,64282.0,17.6,0.7,2016-2017,IL,60402,Regular School,High,No
172729002892,0.04,0.65,0.64,57688.0,20.7,0.29,2016-2017,IL,62548,Regular School,High,No
172730002893,0.07,0.42,0.74,36500.0,20.6,0.32,2016-2017,IL,62353,Regular School,High,No
172736002904,0.18,0.48,0.06,17294.0,18.7,0.49,2016-2017,IL,62864,Regular School,High,No
172739002908,0.05,0.77,0.83,78750.0,22.4,0.13,2016-2017,IL,62549,Regular School,High,No
172757002919,0.05,0.89,0.91,111094.0,21.0,0.32,2016-2017,IL,60060,Regular School,High,No
172761002925,0.07,0.72,0.79,48456.0,18.6,0.73,2016-2017,IL,62966,Regular School,High,No
172771002939,0.1,0.8,0.61,70357.0,24.7,0.09,2016-2017,IL,60540,Regular School,High,No
172771002940,0.07,0.78,0.62,51250.0,25.1,0.13,2016-2017,IL,60563,Regular School,High,No
172774002947,0.08,0.71,0.66,44167.0,21.1,0.18,2016-2017,IL,62263,Regular School,High,No
172796002958,0.1,0.71,0.88,73365.0,19.5,0.21,2016-2017,IL,62264,Regular School,High,No
172799002960,0.07,0.61,0.68,65398.0,21.1,0.23,2016-2017,IL,62670,Regular School,High,No
172826002977,0.08,0.61,0.82,69481.0,21.3,0.15,2016-2017,IL,60541,Regular School,High,No
172853002986,0.06,0.78,0.54,62558.0,21.8,0.39,2016-2017,IL,60077,Regular School,High,No
172853002988,0.1,0.73,0.77,70609.0,22.1,0.36,2016-2017,IL,60077,Regular School,High,No
172862001386,0.04,0.77,0.56,59016.0,21.8,0.26,2016-2017,IL,61761,Regular School,High,No
172862003002,0.02,0.92,0.97,127050.0,22.7,0.22,2016-2017,IL,61761,Regular School,High,No
172870003013,0.12,0.56,0.78,60742.0,19.3,0.4,2016-2017,IL,61065,Regular School,High,No
172881003025,0.08,0.55,0.77,44683.0,19.0,0.36,2016-2017,IL,62858,Regular School,High,No
172901003042,0.05,0.88,0.94,97083.0,26.1,0.17,2016-2017,IL,60062,Regular School,High,No
172901003043,0.05,0.85,0.78,82324.0,24.9,0.27,2016-2017,IL,60026,Regular School,High,No
172922003059,0.16,0.59,0.75,62500.0,19.2,0.38,2016-2017,IL,60453,Regular School,High,No
172928003070,0.05,0.96,0.96,171000.0,23.8,0.16,2016-2017,IL,60302,Regular School,High,No
172942003075,0.04,0.64,0.7,46844.0,19.3,0.31,2016-2017,IL,62449,Regular School,High,No
172979003090,0.05,0.75,0.72,63324.0,23.1,0.21,2016-2017,IL,62269,Regular School,High,No
172989003096,0.05,0.6,0.83,79867.0,20.1,0.28,2016-2017,IL,61774,Regular School,High,No
172994003102,0.05,0.58,0.81,52961.0,21.4,0.29,2016-2017,IL,61467,Regular School,High,No
173016003118,0.11,0.56,0.63,46862.0,20.2,0.33,2016-2017,IL,61061,Regular School,High,No
173020003120,0.03,0.72,0.78,72073.0,21.4,0.16,2016-2017,IL,61273,Regular School,High,No
173027003132,0.05,0.63,0.92,83074.0,20.8,0.25,2016-2017,IL,60543,Regular School,High,No
173027005337,0.08,0.82,0.86,99748.0,20.8,0.28,2016-2017,IL,60543,Regular School,High,No
173033003141,0.14,0.41,0.56,27292.0,20.3,0.31,2016-2017,IL,61350,Regular School,High,No
173045003164,0.11,0.75,0.93,99688.0,20.6,0.36,2016-2017,IL,60169,Regular School,High,No
173045003165,0.08,0.76,0.69,70350.0,23.0,0.18,2016-2017,IL,60169,Regular School,High,No
173045003166,0.06,0.74,0.91,91083.0,21.3,0.38,2016-2017,IL,60074,Regular School,High,No
173045003167,0.08,0.79,0.84,79091.0,22.3,0.24,2016-2017,IL,60194,Regular School,High,No
173045003168,0.07,0.88,0.91,123553.0,25.4,0.1,2016-2017,IL,60067,Regular School,High,No
173063003186,0.12,0.4,0.43,37904.0,18.7,0.43,2016-2017,IL,62557,Regular School,High,No
173066003190,0.08,0.52,0.67,46793.0,21.5,0.25,2016-2017,IL,62560,Regular School,High,No
173093003221,0.07,0.63,0.64,58657.0,20.0,0.26,2016-2017,IL,62558,Regular School,High,No
173099003226,0.07,0.67,0.89,49792.0,18.4,0.35,2016-2017,IL,62360,Regular School,High,No
173102003227,0.07,0.62,0.73,54879.0,22.0,0.15,2016-2017,IL,61062,Regular School,High,No
173105003229,0.07,0.6,0.73,61543.0,21.0,0.2,2016-2017,IL,61063,Regular School,High,No
173111003245,0.08,0.65,0.51,45821.0,19.9,0.35,2016-2017,IL,61554,Regular School,High,No
173123003274,0.24,0.38,0.09,30875.0,15.5,0.76,2016-2017,IL,61605,Regular School,High,No
173123003278,0.1,0.59,0.25,31863.0,16.1,0.68,2016-2017,IL,61604,Regular School,High,No
173123003280,0.04,0.83,0.52,48618.0,20.5,0.38,2016-2017,IL,61614,Regular School,High,No
173127003300,0.04,0.7,0.36,49145.0,18.8,0.43,2016-2017,IL,61616,Regular School,High,No
173129003303,0.1,0.65,0.91,75402.0,21.0,0.16,2016-2017,IL,60468,Regular School,High,No
173141003313,0.05,0.66,0.75,57083.0,20.6,0.27,2016-2017,IL,62675,Regular School,High,No
173150003320,0.08,0.61,0.73,61480.0,20.0,0.31,2016-2017,IL,62079,Regular School,High,No
173162003326,0.12,0.44,0.68,43865.0,18.8,0.37,2016-2017,IL,62274,Regular School,High,No
173171003332,0.03,0.56,0.61,36180.0,19.8,0.35,2016-2017,IL,62363,Regular School,High,No
173174003339,0.1,0.74,0.79,99236.0,19.6,0.19,2016-2017,IL,60544,Regular School,High,No
173174004524,0.1,0.62,0.9,88244.0,20.3,0.19,2016-2017,IL,60586,Regular School,High,No
173174005747,0.06,0.82,0.95,114917.0,22.5,0.09,2016-2017,IL,60585,Regular School,High,No
173174006027,0.04,0.85,0.96,133306.0,20.6,0.19,2016-2017,IL,60585,Regular School,High,No
173177003342,0.12,0.52,0.72,58527.0,17.8,0.5,2016-2017,IL,60545,Regular School,High,No
173192003349,0.07,0.52,0.74,60119.0,19.9,0.08,2016-2017,IL,62677,Regular School,High,No
173210003360,0.07,0.58,0.71,56613.0,19.0,0.34,2016-2017,IL,61064,Regular School,High,No
173222003369,0.1,0.5,0.55,53229.0,19.7,0.27,2016-2017,IL,61764,Regular School,High,No
173228003372,0.07,0.54,0.64,39167.0,18.9,0.46,2016-2017,IL,62938,Regular School,High,No
173258003385,0.04,0.92,0.91,125100.0,26.5,0.0,2016-2017,IL,60069,Regular School,High,No
173270003392,0.04,0.64,0.67,44018.0,20.5,0.28,2016-2017,IL,61356,Regular School,High,No
173283003400,0.1,0.63,0.58,50682.0,18.9,0.38,2016-2017,IL,61277,Regular School,High,No
173291003406,0.18,0.47,0.62,31319.0,16.0,0.67,2016-2017,IL,60153,Regular School,High,No
173291003407,0.14,0.75,0.66,63194.0,17.0,0.38,2016-2017,IL,60162,Regular School,High,No
173291005781,0.24,0.49,0.36,41011.0,22.6,0.37,2016-2017,IL,60130,Regular School,High,No
173296003412,0.13,0.57,0.61,46713.0,19.7,0.33,2016-2017,IL,61326,Regular School,High,No
173300005053,0.05,0.77,0.72,50087.0,19.5,0.33,2016-2017,IL,62301,Regular School,High,No
173324003445,0.15,0.59,0.23,32415.0,18.4,0.51,2016-2017,IL,61866,Regular School,High,No
173327003446,0.12,0.54,0.82,46602.0,18.7,0.41,2016-2017,IL,60459,Regular School,High,No
173330003448,0.04,0.65,0.81,56854.0,21.1,0.2,2016-2017,IL,62278,Regular School,High,No
173338003456,0.16,0.48,0.62,53523.0,20.3,0.34,2016-2017,IL,60408,Regular School,High,No
173342003458,0.09,0.84,0.59,88672.0,17.3,0.66,2016-2017,IL,60461,Regular School,High,No
173342003459,0.23,0.68,0.36,51364.0,17.9,0.77,2016-2017,IL,60466,Regular School,High,No
173342003460,0.2,0.65,0.29,47083.0,17.2,0.75,2016-2017,IL,60471,Regular School,High,No
173351003463,0.11,0.62,0.73,59375.0,22.5,0.12,2016-2017,IL,60071,Regular School,High,No
173372003469,0.13,0.61,0.83,47955.0,20.5,0.22,2016-2017,IL,60706,Regular School,High,No
173393003484,0.07,0.65,0.79,65755.0,20.1,0.23,2016-2017,IL,61275,Regular School,High,No
173395003488,0.06,0.6,0.78,54766.0,20.1,0.21,2016-2017,IL,61252,Regular School,High,No
173402003496,0.07,0.82,0.75,80625.0,23.3,0.17,2016-2017,IL,60546,Regular School,High,No
173410003498,0.09,0.44,0.7,59056.0,19.9,0.32,2016-2017,IL,62561,Regular School,High,No
173414003501,0.04,0.64,0.81,66328.0,21.0,0.2,2016-2017,IL,61561,Regular School,High,No
173423003508,0.11,0.64,0.9,45309.0,20.3,0.31,2016-2017,IL,62454,Regular School,High,No
173429003516,0.06,0.62,0.81,63750.0,19.3,0.3,2016-2017,IL,61068,Regular School,High,No
173432003518,0.06,0.75,0.72,81138.0,22.6,0.13,2016-2017,IL,62563,Regular School,High,No
173438003525,0.16,0.58,0.31,33290.0,19.5,0.53,2016-2017,IL,61071,Regular School,High,No
173441003540,0.03,0.71,0.65,42996.0,17.6,0.54,2016-2017,IL,61201,Regular School,High,No
173444003549,0.06,0.66,0.79,69375.0,20.3,0.15,2016-2017,IL,61284,Regular School,High,No
173451003577,0.06,0.81,0.96,78314.0,18.1,0.65,2016-2017,IL,61114,Regular School,High,No
173451003585,0.12,0.56,0.67,62755.0,17.2,0.78,2016-2017,IL,61109,Regular School,High,No
173451003599,0.22,0.38,0.45,36550.0,19.9,0.73,2016-2017,IL,61101,Regular School,High,No
173451003600,0.16,0.62,0.58,39255.0,18.0,0.7,2016-2017,IL,61108,Regular School,High,No
173499003668,0.14,0.29,0.53,50707.0,18.0,0.63,2016-2017,IL,60073,Regular School,High,No
173501003674,0.08,0.52,0.6,39427.0,18.5,0.46,2016-2017,IL,62084,Regular School,High,No
173519003681,0.04,0.65,0.55,47424.0,20.1,0.36,2016-2017,IL,62881,Regular School,High,No
173531003689,0.14,0.49,0.6,34273.0,18.0,0.65,2016-2017,IL,62882,Regular School,High,No
173537003693,0.16,0.45,0.77,37900.0,20.0,0.26,2016-2017,IL,60548,Regular School,High,No
173585003728,0.12,0.55,0.57,52896.0,19.2,0.28,2016-2017,IL,61360,Regular School,High,No
173594003730,0.13,0.55,0.66,40606.0,19.1,0.46,2016-2017,IL,62884,Regular School,High,No
173597003733,0.06,0.67,0.79,56444.0,21.4,0.19,2016-2017,IL,60550,Regular School,High,No
173609003740,0.06,0.62,0.66,42196.0,20.5,0.22,2016-2017,IL,62565,Regular School,High,No
173618003747,0.06,0.61,0.73,70893.0,19.1,0.26,2016-2017,IL,61281,Regular School,High,No
173657003764,0.08,0.61,0.82,69481.0,22.4,0.14,2016-2017,IL,60552,Regular School,High,No
173660003768,0.06,0.62,0.68,62106.0,19.3,0.55,2016-2017,IL,61080,Regular School,High,No
173661003771,0.05,0.56,0.76,45114.0,17.7,0.5,2016-2017,IL,62311,Regular School,High,No
173690003804,0.12,0.48,0.53,39430.0,18.0,0.45,2016-2017,IL,62286,Regular School,High,No
173708003829,0.26,0.5,0.27,15783.0,17.5,0.71,2016-2017,IL,62702,Regular School,High,No
173708003838,0.14,0.49,0.15,32037.0,21.2,0.34,2016-2017,IL,62704,Regular School,High,No
173708003839,0.19,0.45,0.28,31177.0,18.0,0.63,2016-2017,IL,62703,Regular School,High,No
173714003850,0.09,0.49,0.69,48750.0,17.4,0.71,2016-2017,IL,60964,Regular School,High,No
173717003858,0.04,0.86,0.88,130901.0,23.3,0.15,2016-2017,IL,60174,Regular School,High,No
173717004064,0.04,0.85,0.94,120401.0,23.4,0.06,2016-2017,IL,60175,Regular School,High,No
173723003864,0.1,0.42,0.64,39188.0,18.7,0.56,2016-2017,IL,62458,Regular School,High,No
173735003870,0.09,0.68,0.73,65287.0,21.5,0.14,2016-2017,IL,62294,Regular School,High,No
173741003874,0.02,0.74,0.71,71794.0,21.3,0.11,2016-2017,IL,61873,Regular School,High,No
173749003979,0.07,0.56,0.84,60078.0,20.2,0.37,2016-2017,IL,61483,Regular School,High,No
173759003877,0.04,0.59,0.74,45658.0,20.7,0.25,2016-2017,IL,62088,Regular School,High,No
173765003879,0.05,0.56,0.7,39693.0,18.4,0.24,2016-2017,IL,62288,Regular School,High,No
173798003891,0.07,0.6,0.7,46389.0,20.0,0.3,2016-2017,IL,61085,Regular School,High,No
173807003900,0.2,0.35,0.5,34691.0,19.1,0.34,2016-2017,IL,61364,Regular School,High,No
173810003903,0.14,0.48,0.35,43277.0,18.2,0.55,2016-2017,IL,61364,Regular School,High,No
173813003906,0.06,0.59,0.56,37726.0,20.2,0.3,2016-2017,IL,61951,Regular School,High,No
173846003922,0.08,0.79,0.76,65840.0,21.4,0.24,2016-2017,IL,60178,Regular School,High,No
173870003938,0.04,0.56,0.6,47452.0,20.0,0.38,2016-2017,IL,62568,Regular School,High,No
173876003944,0.06,0.72,0.72,44575.0,21.1,0.1,2016-2017,IL,62467,Regular School,High,No
173894003952,0.22,0.57,0.3,37975.0,16.9,0.78,2016-2017,IL,60409,Regular School,High,No
173894003953,0.12,0.7,0.68,50379.0,18.0,0.59,2016-2017,IL,60438,Regular School,High,No
173897003954,0.17,0.75,0.67,62609.0,16.6,0.59,2016-2017,IL,60419,Regular School,High,No
173897003955,0.31,0.53,0.32,26598.0,16.5,0.56,2016-2017,IL,60426,Regular School,High,No
173897003956,0.16,0.67,0.55,68924.0,16.5,0.0,2016-2017,IL,60473,Regular School,High,No
173909003966,0.11,0.54,0.76,50662.0,18.6,0.36,2016-2017,IL,62468,Regular School,High,No
173912003973,0.03,0.7,0.81,64382.0,21.3,0.23,2016-2017,IL,61880,Regular School,High,No
173939003985,0.05,0.72,0.87,60972.0,22.9,0.1,2016-2017,IL,61568,Regular School,High,No
173942003990,0.04,0.7,0.84,72436.0,20.6,0.18,2016-2017,IL,62293,Regular School,High,No
173945003991,0.08,0.61,0.66,57128.0,19.8,0.33,2016-2017,IL,62515,Regular School,High,No
173948003994,0.13,0.56,0.67,56818.0,19.8,0.42,2016-2017,IL,60929,Regular School,High,No
173960004001,0.08,0.51,0.56,46767.0,19.9,0.22,2016-2017,IL,61953,Regular School,High,No
173987004008,0.07,0.59,0.43,48342.0,18.3,0.47,2016-2017,IL,61244,Regular School,High,No
173996004015,0.03,0.95,0.89,57955.0,19.9,0.63,2016-2017,IL,61801,Regular School,High,No
174007004025,0.08,0.35,0.53,33460.0,19.2,0.53,2016-2017,IL,60440,Regular School,High,No
174007004035,0.11,0.65,0.81,53875.0,19.5,0.51,2016-2017,IL,60446,Regular School,High,No
174008004039,0.05,0.7,0.87,76449.0,21.9,0.15,2016-2017,IL,62295,Regular School,High,No
174014004044,0.05,0.48,0.74,47743.0,18.9,0.42,2016-2017,IL,62471,Regular School,High,No
174029004050,0.14,0.58,0.71,34583.0,21.0,0.41,2016-2017,IL,62995,Regular School,High,No
174032004051,0.05,0.62,0.71,50742.0,20.8,0.29,2016-2017,IL,61956,Regular School,High,No
174044004071,0.07,0.49,0.8,59663.0,19.1,0.21,2016-2017,IL,60185,Regular School,High,No
174047004073,0.09,0.7,0.61,48333.0,18.4,0.35,2016-2017,IL,62863,Regular School,High,No
174080004097,0.1,0.87,0.91,113883.0,22.5,0.15,2016-2017,IL,60031,Regular School,High,No
174083004099,0.08,0.58,0.6,56940.0,20.3,0.28,2016-2017,IL,62573,Regular School,High,No
174089004102,0.19,0.35,0.29,18106.0,18.2,0.33,2016-2017,IL,62379,Regular School,High,No
174092004104,0.12,0.46,0.83,55923.0,19.8,0.44,2016-2017,IL,61570,Regular School,High,No
174098004105,0.04,0.79,0.83,69466.0,21.4,0.23220064837868704,2016-2017,IL,61571,Regular School,High,No
174107004113,0.03,0.62,0.81,63942.0,21.8,0.17,2016-2017,IL,62298,Regular School,High,No
174119004119,0.1,0.52,0.51,50719.0,22.0,0.23,2016-2017,IL,60084,Regular School,High,No
174125004141,0.11,0.35,0.63,52153.0,17.3,0.59,2016-2017,IL,60085,Regular School,High,No
174136004151,0.04,0.49,0.79,48810.0,18.5,0.42,2016-2017,IL,62895,Regular School,High,No
174158004168,0.17,0.55,0.51,32500.0,18.6,0.55,2016-2017,IL,62896,Regular School,High,No
174169002092,0.05,0.9,0.8,105395.0,25.6,0.08,2016-2017,IL,60564,Regular School,High,No
174169004173,0.04,0.94,0.89,125919.0,23.3,0.22,2016-2017,IL,60504,Regular School,High,No
174169006090,0.04,0.95,0.86,122750.0,23.9,0.22,2016-2017,IL,60502,Regular School,High,No
174175004182,0.03,0.67,0.8,56136.0,20.6,0.21,2016-2017,IL,62271,Regular School,High,No
174198004202,0.03,0.91,1.0,58194.0,21.7,0.26,2016-2017,IL,60559,Regular School,High,No
174206004205,0.05,0.58,0.7,45444.0,19.4,0.4,2016-2017,IL,61443,Regular School,High,No
174218004222,0.08,0.85,0.73,57813.0,22.9,0.16,2016-2017,IL,60189,Regular School,High,No
174218004223,0.08,0.88,0.84,97188.0,23.8,0.2,2016-2017,IL,60187,Regular School,High,No
174224004246,0.11,0.45,0.57,34137.0,17.7,0.53,2016-2017,IL,62092,Regular School,High,No
174231004261,0.08,0.63,0.63,50411.0,19.6,0.45,2016-2017,IL,61081,Regular School,High,No
174248004271,0.04,0.81,0.9,90434.0,22.9,0.07,2016-2017,IL,62693,Regular School,High,No
174263004284,0.12,0.45,0.54,55498.0,20.0,0.28,2016-2017,IL,60481,Regular School,High,No
174266004288,0.08,0.45,0.62,47050.0,20.0,0.29,2016-2017,IL,62694,Regular School,High,No
174279004297,0.04,0.61,0.81,79052.0,21.1,0.25,2016-2017,IL,61088,Regular School,High,No
174333004335,0.06,0.69,0.68,63170.0,21.5,0.33,2016-2017,IL,60098,Regular School,High,No
174333006032,0.13,0.58,0.73,57383.0,20.2,0.37,2016-2017,IL,60098,Regular School,High,No
174380004349,0.12,0.51,0.7,36563.0,18.0,0.6,2016-2017,IL,62999,Regular School,High,No
174389004357,0.1,0.61,0.77,76037.0,18.4,0.46,2016-2017,IL,60099,Regular School,High,No
174389005993,0.28,0.41,0.52,46563.0,20.1,0.42,2016-2017,IL,60099,Regular School,High,No
174396004363,0.05,0.75,0.78,84983.0,20.8,0.18,2016-2017,IL,60560,Regular School,High,No
174396205578,0.1,0.52,0.68,47404.0,18.5,0.34,2016-2017,IL,61546,Regular School,High,No
180000802302,0.06,0.52,0.75,50256.0,21.16,0.41,2016-2017,IN,47465,Regular School,High,No
180002100319,0.09,0.57,0.45,30682.0,26.8,0.06,2016-2017,IN,47708,Regular School,High,Yes
180003000002,0.04,0.83,0.87,67917.0,23.11,0.09,2016-2017,IN,46814,Regular School,High,No
180004102348,0.28,0.91,0.0,4833.0,27.37,0.15,2016-2017,IN,47306,Regular School,High,No
180004502137,0.2,0.53,0.2,21600.0,20.98,0.47,2016-2017,IN,46205,Regular School,High,Yes
180005802315,0.12,0.69,0.79,28555.0,21.89,0.26,2016-2017,IN,46202,Regular School,High,Yes
180006000007,0.04,0.44,0.9,56406.0,21.2,0.13,2016-2017,IN,46772,Regular School,High,No
180006402408,0.23,0.28,0.42,22625.0,18.61,0.84,2016-2017,IN,46222,Regular School,High,Yes
180011200825,0.1,0.44,0.75,37799.0,16.88,0.87,2016-2017,IN,46225,Regular School,High,No
180011801579,0.08,0.41,0.6,36837.0,20.6,0.36,2016-2017,IN,47872,Regular School,High,No
180011801858,0.05,0.51,0.86,52043.0,20.51,0.42,2016-2017,IN,47859,Regular School,High,No
180011900645,0.3,0.57,0.27,23218.0,14.59,1.0,2016-2017,IN,46407,Regular School,High,No
180012000011,0.11,0.51,0.68,35656.0,20.29,0.41,2016-2017,IN,46001,Regular School,High,No
180012601445,0.18,0.34,0.44,25192.0,17.71,0.89,2016-2017,IN,46201,Regular School,High,No
180015000029,0.13,0.56,0.45,40489.0,19.84,0.57,2016-2017,IN,46013,Regular School,High,No
180018000048,0.05,0.45,0.75,46484.0,21.21,0.31,2016-2017,IN,46501,Regular School,High,No
180021000050,0.11,0.44,0.68,36530.0,19.8,0.38,2016-2017,IN,47918,Regular School,High,No
180024000056,0.12,0.48,0.63,37717.0,20.54,0.34,2016-2017,IN,47001,Regular School,High,No
180027000057,0.06,0.69,0.72,76383.0,21.99,0.15,2016-2017,IN,46123,Regular School,High,No
180036000065,0.11,0.52,0.41,38125.0,21.96,0.23,2016-2017,IN,47201,Regular School,High,No
180036000066,0.05,0.62,0.58,43287.0,22.87,0.24,2016-2017,IN,47201,Regular School,High,No
180039000084,0.03,0.6,0.88,63844.0,22.98,0.13,2016-2017,IN,47006,Regular School,High,No
180042000090,0.09,0.51,0.69,50000.0,20.02,0.22,2016-2017,IN,46517,Regular School,High,No
180045000093,0.06,0.61,0.58,39473.0,20.83,0.46,2016-2017,IN,46107,Regular School,High,No
180048000097,0.06,0.52,0.78,45536.0,21.23,0.32,2016-2017,IN,47971,Regular School,High,No
180057000102,0.1,0.49,0.67,39673.0,20.79,0.34,2016-2017,IN,47348,Regular School,High,No
180060000113,0.13,0.55,0.62,43800.0,19.93,0.26,2016-2017,IN,47424,Regular School,High,No
180063000119,0.09,0.49,0.37,17188.0,23.85,0.28,2016-2017,IN,47404,Regular School,High,No
180063000120,0.09,0.74,0.26,30161.0,23.22,0.2,2016-2017,IN,47401,Regular School,High,No
180066000141,0.09,0.44,0.56,56290.0,20.78,0.25,2016-2017,IN,47362,Regular School,High,No
180069000144,0.08,0.58,0.79,56222.0,21.76,0.22,2016-2017,IN,47166,Regular School,High,No
180072000146,0.01,0.63,0.67,52837.0,20.96,0.31,2016-2017,IN,46714,Regular School,High,No
180075000153,0.13,0.49,0.79,63861.0,21.34,0.19,2016-2017,IN,46341,Regular School,High,No
180084000154,0.09,0.57,0.79,54821.0,20.71,0.34,2016-2017,IN,47834,Regular School,High,No
180084000157,0.11,0.49,0.79,49133.0,20.77,0.27,2016-2017,IN,47841,Regular School,High,No
180090000168,0.11,0.53,0.68,39507.0,20.17,0.19,2016-2017,IN,46506,Regular School,High,No
180096000169,0.08,0.52,0.62,54333.0,21.18,0.33,2016-2017,IN,47448,Regular School,High,No
180102000176,0.08,0.68,0.82,55645.0,21.65,0.14,2016-2017,IN,46112,Regular School,High,No
180105000180,0.11,0.45,0.59,43337.0,21.75,0.23,2016-2017,IN,47220,Regular School,High,No
180106000189,0.12,0.41,0.63,44800.0,20.66,0.29,2016-2017,IN,46148,Regular School,High,No
180120000193,0.04,0.89,0.62,65747.0,24.74,0.07,2016-2017,IN,46032,Regular School,High,No
180129000203,0.08,0.48,0.84,42500.0,22.86,0.26,2016-2017,IN,46929,Regular School,High,No
180141000207,0.1,0.47,0.68,50347.0,20.62,0.31,2016-2017,IN,46931,Regular School,High,No
180144000209,0.06,0.77,0.86,99953.0,22.78,0.1,2016-2017,IN,46143,Regular School,High,No
180156000217,0.14,0.55,0.47,42744.0,22.24,0.25,2016-2017,IN,47330,Regular School,High,No
180159000220,0.06,0.58,0.6,36349.0,21.61,0.22,2016-2017,IN,46793,Regular School,High,No
180174000234,0.04,0.28,0.74,52664.0,20.83,0.26,2016-2017,IN,47551,Regular School,High,No
180177000242,0.12,0.41,0.37,39511.0,20.33,0.43,2016-2017,IN,47394,Regular School,High,No
180189000246,0.07,0.55,0.75,61884.0,21.1,0.28,2016-2017,IN,46184,Regular School,High,No
180192000249,0.08,0.67,0.42,45494.0,20.63,0.49,2016-2017,IN,47129,Regular School,High,No
180204000255,0.06,0.8,0.82,67704.0,23.09,0.12,2016-2017,IN,46901,Regular School,High,No
180213000257,0.1,0.53,0.73,61304.0,21.21,0.27,2016-2017,IN,46057,Regular School,High,No
180216000258,0.05,0.48,0.71,62500.0,20.75,0.27,2016-2017,IN,46041,Regular School,High,No
180219000263,0.02,0.47,0.81,71285.0,20.31,0.2,2016-2017,IN,46382,Regular School,High,No
180222000265,0.1,0.51,0.69,46127.0,20.34,0.47,2016-2017,IN,46120,Regular School,High,No
180228000267,0.08,0.59,0.55,47537.0,20.6,0.21,2016-2017,IN,46725,Regular School,High,No
180240000269,0.05,0.44,0.81,64265.0,19.84,0.38,2016-2017,IN,46517,Regular School,High,No
180243000275,0.11,0.58,0.76,51250.0,19.93,0.25,2016-2017,IN,47932,Regular School,High,No
180244000279,0.1,0.34,0.59,40404.0,19.81,0.44,2016-2017,IN,47140,Regular School,High,No
180246000287,0.13,0.26,0.67,30830.0,22.54,0.42,2016-2017,IN,47933,Regular School,High,No
180249000293,0.05,0.68,0.9,75528.0,21.52,0.16,2016-2017,IN,46307,Regular School,High,No
180252000301,0.09,0.61,0.72,55274.0,19.58,0.4,2016-2017,IN,46511,Regular School,High,No
180255000304,0.03,0.6,0.61,50652.0,21.11,0.17,2016-2017,IN,46122,Regular School,High,No
180261000309,0.12,0.47,0.54,40000.0,20.54,0.28,2016-2017,IN,47240,Regular School,High,No
180261000311,0.08,0.41,0.72,49949.0,19.57,0.38,2016-2017,IN,47240,Regular School,High,No
180264000312,0.12,0.44,0.5,45478.0,19.14,0.49,2016-2017,IN,46221,Regular School,High,No
180266000320,0.08,0.72,0.77,65350.0,21.78,0.25,2016-2017,IN,47303,Regular School,High,No
180270000326,0.09,0.47,0.52,40893.0,20.26,0.34,2016-2017,IN,46923,Regular School,High,No
180280000333,0.11,0.64,0.51,60772.0,22.2,0.19,2016-2017,IN,46304,Regular School,High,No
180283000341,0.02,0.93,0.94,161646.0,24.69,0.03,2016-2017,IN,46077,Regular School,High,No
180285000344,0.09,0.58,0.87,58239.0,19.77,0.39,2016-2017,IN,46773,Regular School,High,No
180285000349,0.05,0.64,0.87,56990.0,21.97,0.11,2016-2017,IN,46765,Regular School,High,No
180285000353,0.04,0.69,0.78,53878.0,19.87,0.47,2016-2017,IN,46774,Regular School,High,No
180285000361,0.05,0.51,0.84,60962.0,20.22,0.31,2016-2017,IN,46797,Regular School,High,No
180288002272,0.15,0.37,0.67,25565.0,16.66,0.82,2016-2017,IN,46312,Regular School,High,No
180291000380,0.17,0.37,0.52,31339.0,18.75,0.65,2016-2017,IN,46405,Regular School,High,No
180294000386,0.07,0.46,0.66,40713.0,20.39,0.22,2016-2017,IN,47660,Regular School,High,No
180297000389,0.14,0.51,0.56,47159.0,20.84,0.3,2016-2017,IN,46755,Regular School,High,No
180300000395,0.13,0.38,0.7,43308.0,20.91,0.39,2016-2017,IN,47165,Regular School,High,No
180303000399,0.1,0.51,0.89,52391.0,20.64,0.24,2016-2017,IN,46953,Regular School,High,No
180306000405,0.19,0.33,0.45,42616.0,23.99,0.31,2016-2017,IN,46721,Regular School,High,No
180309000408,0.14,0.49,0.84,44028.0,20.45,0.25,2016-2017,IN,47424,Regular School,High,No
180312000410,0.12,0.41,0.63,44800.0,20.48,0.17,2016-2017,IN,46117,Regular School,High,No
180315000413,0.07,0.56,0.82,55274.0,20.96,0.18,2016-2017,IN,46936,Regular School,High,No
180318000415,0.14,0.47,0.47,30000.0,19.42,0.48,2016-2017,IN,47390,Regular School,High,No
180324000422,0.12,0.3,0.55,36981.0,18.8,0.44,2016-2017,IN,46124,Regular School,High,No
180327000429,0.16,0.48,0.64,33011.0,22.45,0.52,2016-2017,IN,46516,Regular School,High,No
180327000430,0.09,0.42,0.29,39265.0,19.27,0.48,2016-2017,IN,46514,Regular School,High,No
180330000449,0.1,0.4,0.57,34148.0,21.18,0.47,2016-2017,IN,46036,Regular School,High,No
180345000456,0.05,0.48,0.28,35357.0,18.89,0.62,2016-2017,IN,47714,Regular School,High,No
180345000459,0.03,0.56,0.78,49519.0,20.91,0.42,2016-2017,IN,47710,Regular School,High,No
180345000466,0.04,0.65,0.67,49808.0,22.04,0.29,2016-2017,IN,47712,Regular School,High,No
180345000478,0.04,0.76,0.85,80413.0,20.48,0.33,2016-2017,IN,47725,Regular School,High,No
180345000490,0.05,0.75,0.57,39051.0,20.49,0.5,2016-2017,IN,47715,Regular School,High,No
180348000491,0.08,0.45,0.7,60393.0,22.44,0.14,2016-2017,IN,46526,Regular School,High,No
180351000498,0.16,0.39,0.62,26708.0,20.21,0.42,2016-2017,IN,47331,Regular School,High,No
180357000509,0.07,0.55,0.76,50833.0,21.18,0.26,2016-2017,IN,47246,Regular School,High,No
180363000550,0.17,0.47,0.62,25208.0,18.93,0.66,2016-2017,IN,46805,Regular School,High,No
180363000552,0.04,0.7,0.62,56969.0,20.02,0.43,2016-2017,IN,46825,Regular School,High,No
180363000556,0.08,0.69,0.55,43293.0,20.74,0.4,2016-2017,IN,46815,Regular School,High,No
180363000562,0.08,0.68,0.26,37708.0,19.12,0.7,2016-2017,IN,46807,Regular School,High,No
180363000568,0.12,0.54,0.38,37156.0,17.85,0.66,2016-2017,IN,46819,Regular School,High,No
180366000574,0.06,0.48,0.62,47907.0,19.01,0.5,2016-2017,IN,46041,Regular School,High,No
180369000581,0.06,0.61,0.57,51959.0,21.52,0.24,2016-2017,IN,46131,Regular School,High,No
180370002336,0.09,0.6,0.63,38105.0,20.98,0.33,2016-2017,IN,47012,Regular School,High,No
180372000593,0.05,0.57,0.66,59032.0,20.64,0.12,2016-2017,IN,47136,Regular School,High,No
180375000597,0.04,0.81,0.85,88867.0,21.01,0.25,2016-2017,IN,46259,Regular School,High,No
180378000601,0.08,0.49,0.69,51275.0,21.05,0.18,2016-2017,IN,46737,Regular School,High,No
180381000603,0.04,0.52,0.84,60759.0,21.05,0.2,2016-2017,IN,47929,Regular School,High,No
180384000605,0.05,0.49,0.78,46182.0,20.44,0.34,2016-2017,IN,46738,Regular School,High,No
180387000648,0.24,0.56,0.08,31918.0,16.33,0.66,2016-2017,IN,46406,Regular School,High,No
180393000654,0.07,0.54,0.61,33970.0,20.79,0.49,2016-2017,IN,46526,Regular School,High,No
180394000663,0.15,0.48,0.41,37623.0,20.1,0.33,2016-2017,IN,47111,Regular School,High,No
180394000666,0.09,0.55,0.71,51425.0,20.42,0.4,2016-2017,IN,47130,Regular School,High,No
180396000685,0.05,0.62,0.62,42600.0,21.64,0.15,2016-2017,IN,47546,Regular School,High,No
180399000690,0.08,0.52,0.56,41712.0,20.45,0.31,2016-2017,IN,46135,Regular School,High,No
180405000696,0.06,0.56,0.61,50055.0,20.86,0.24,2016-2017,IN,46140,Regular School,High,No
180408000704,0.12,0.47,0.54,40000.0,20.14,0.3,2016-2017,IN,47240,Regular School,High,No
180411000709,0.03,0.66,0.74,63958.0,20.71,0.28,2016-2017,IN,46142,Regular School,High,No
180414000716,0.03,0.54,0.81,61208.0,21.44,0.23,2016-2017,IN,46157,Regular School,High,No
180417000722,0.04,0.49,0.76,64926.0,19.77,0.36,2016-2017,IN,46319,Regular School,High,No
180423000724,0.08,0.41,0.67,57625.0,21.62,0.29,2016-2017,IN,46742,Regular School,High,No
180426000728,0.08,0.6,0.54,62911.0,22.24,0.18,2016-2017,IN,46030,Regular School,High,No
180432000736,0.08,0.43,0.39,31040.0,16.22,0.82,2016-2017,IN,46320,Regular School,High,No
180432000746,0.14,0.51,0.55,47016.0,17.95,0.62,2016-2017,IN,46323,Regular School,High,No
180435000753,0.1,0.49,0.62,68189.0,20.72,0.17,2016-2017,IN,46303,Regular School,High,No
180447000756,0.07,0.67,0.74,68505.0,22.21,0.17,2016-2017,IN,46979,Regular School,High,No
180456000763,0.06,0.63,0.8,70260.0,20.68,0.27,2016-2017,IN,46322,Regular School,High,No
180459000774,0.1,0.58,0.63,50759.0,19.64,0.29,2016-2017,IN,46342,Regular School,High,No
180462000781,0.14,0.34,0.59,35802.0,18.15,0.66,2016-2017,IN,46342,Regular School,High,No
180471000786,0.1,0.61,0.75,45388.0,21.53,0.3,2016-2017,IN,46750,Regular School,High,No
180477000801,0.13,0.69,0.52,50000.0,19.68,0.69,2016-2017,IN,46201,Regular School,High,No
180477000804,0.05,0.97,0.76,70293.0,18.16,0.7,2016-2017,IN,46220,Regular School,High,No
180477000815,0.26,0.77,0.17,13686.0,17.5,0.66,2016-2017,IN,46202,Regular School,High,No
180477000878,0.13,0.37,0.61,36866.0,14.85,0.77,2016-2017,IN,46224,Regular School,High,No
180480000907,0.08,0.41,0.68,50213.0,21.59,0.32,2016-2017,IN,47037,Regular School,High,No
180498000914,0.11,0.43,0.54,34643.0,19.79,0.35,2016-2017,IN,47371,Regular School,High,No
180519000923,0.15,0.33,0.71,38529.0,20.11,0.36,2016-2017,IN,47265,Regular School,High,No
180528000933,0.05,0.43,0.67,59688.0,20.68,0.25,2016-2017,IN,46392,Regular School,High,No
180534000938,0.12,0.31,0.53,30506.0,19.53,0.45,2016-2017,IN,46534,Regular School,High,No
180537000947,0.13,0.6,0.82,56002.0,19.97,0.45,2016-2017,IN,46902,Regular School,High,No
180540000968,0.1,0.52,0.45,42188.0,21.17,0.53,2016-2017,IN,47905,Regular School,High,No
180545000984,0.08,0.72,0.71,66250.0,21.46,0.15,2016-2017,IN,46373,Regular School,High,No
180546000989,0.13,0.63,0.17,44861.0,17.21,0.71,2016-2017,IN,46408,Regular School,High,No
180552000996,0.07,0.41,0.73,44167.0,20.5,0.34,2016-2017,IN,46761,Regular School,High,No
180555001007,0.09,0.5,0.74,50888.0,21.78,0.24,2016-2017,IN,46567,Regular School,High,No
180558001015,0.23,0.39,0.53,25584.0,21.44,0.3,2016-2017,IN,46350,Regular School,High,No
180567001029,0.08,0.59,0.2,33349.0,20.06,0.48,2016-2017,IN,46226,Regular School,High,No
180567001031,0.06,0.72,0.15,33139.0,20.91,0.43,2016-2017,IN,46256,Regular School,High,No
180570001037,0.15,0.43,0.56,38613.0,20.12,0.29,2016-2017,IN,47025,Regular School,High,No
180579001041,0.03,0.53,0.51,46604.0,20.92,0.24,2016-2017,IN,46052,Regular School,High,No
180588001047,0.09,0.53,0.66,47849.0,21.47,0.33,2016-2017,IN,47383,Regular School,High,No
180591001049,0.09,0.45,0.66,36111.0,21.2,0.33,2016-2017,IN,47441,Regular School,High,No
180603001060,0.08,0.49,0.7,32177.0,19.98,0.4,2016-2017,IN,46947,Regular School,High,No
180606001067,0.07,0.52,0.7,42652.0,21.86,0.3,2016-2017,IN,47553,Regular School,High,No
180608001073,0.05,0.52,0.69,56707.0,20.47,0.29,2016-2017,IN,47991,Regular School,High,No
180609001078,0.13,0.4,0.58,52409.0,20.73,0.35,2016-2017,IN,46914,Regular School,High,No
180612001090,0.11,0.52,0.54,53132.0,20.62,0.36,2016-2017,IN,47250,Regular School,High,No
180624001097,0.06,0.52,0.82,58819.0,20.03,0.31,2016-2017,IN,46928,Regular School,High,No
180627001103,0.05,0.48,0.63,42872.0,21.82,0.33,2016-2017,IN,46962,Regular School,High,No
180639001117,0.15,0.3,0.45,29482.0,19.81,0.53,2016-2017,IN,46953,Regular School,High,No
180648001127,0.04,0.74,0.79,77351.0,20.89,0.2,2016-2017,IN,46069,Regular School,High,No
180651001135,0.04,0.45,0.59,37909.0,21.61,0.31,2016-2017,IN,46151,Regular School,High,No
180657001160,0.1,0.39,0.58,24655.0,19.51,0.56,2016-2017,IN,46360,Regular School,High,No
180660001165,0.07,0.45,0.83,57231.0,21.77,0.15,2016-2017,IN,46540,Regular School,High,No
180663001168,0.04,0.52,0.85,51645.0,22.11,0.26,2016-2017,IN,47031,Regular School,High,No
180666001171,0.06,0.41,0.67,47321.0,20.59,0.22,2016-2017,IN,46118,Regular School,High,No
180684001183,0.09,0.59,0.65,45313.0,20.27,0.44,2016-2017,IN,46544,Regular School,High,No
180687001189,0.13,0.41,0.41,40125.0,20.88,0.47,2016-2017,IN,46933,Regular School,High,No
180690001198,0.12,0.36,0.6,32572.0,21.07,0.35,2016-2017,IN,47446,Regular School,High,No
180702001200,0.03,0.54,0.66,63333.0,20.9,0.22,2016-2017,IN,47302,Regular School,High,No
180708001202,0.06,0.45,0.67,41434.0,18.83,0.39,2016-2017,IN,47368,Regular School,High,No
180711001205,0.08,0.5,0.66,42986.0,20.23,0.3,2016-2017,IN,46996,Regular School,High,No
180714001207,0.09,0.5,0.73,49872.0,20.57,0.23,2016-2017,IN,46158,Regular School,High,No
180723001217,0.1,0.57,0.66,37983.0,21.97,0.18,2016-2017,IN,47396,Regular School,High,No
180726001221,0.11,0.67,0.66,72137.0,21.03,0.16,2016-2017,IN,46040,Regular School,High,No
180729001226,0.08,0.45,0.43,37750.0,22.54,0.27,2016-2017,IN,47620,Regular School,High,No
180732001242,0.2,0.44,0.56,25074.0,20.55,0.52,2016-2017,IN,47305,Regular School,High,No
180735001257,0.09,0.76,0.72,75385.0,22.89,0.11,2016-2017,IN,46321,Regular School,High,No
180738001261,0.08,0.59,0.73,51762.0,20.95,0.32,2016-2017,IN,47346,Regular School,High,No
180741001265,0.03,0.72,0.85,87426.0,22.44,0.11,2016-2017,IN,47119,Regular School,High,No
180741001277,0.09,0.56,0.71,46855.0,20.31,0.5,2016-2017,IN,47150,Regular School,High,No
180744001290,0.08,0.6,0.57,36754.0,21.81,0.4,2016-2017,IN,47362,Regular School,High,No
180747001294,0.13,0.44,0.75,51038.0,20.28,0.26,2016-2017,IN,46391,Regular School,High,No
180756001298,0.12,0.56,0.73,56657.0,19.81,0.24,2016-2017,IN,46552,Regular School,High,No
180762001303,0.07,0.52,0.78,60985.0,21.73,0.17,2016-2017,IN,46181,Regular School,High,No
180765001309,0.13,0.65,0.47,41202.0,22.76,0.15,2016-2017,IN,46060,Regular School,High,No
180768001314,0.09,0.48,0.66,48879.0,20.94,0.27,2016-2017,IN,46733,Regular School,High,No
180771001319,0.05,0.53,0.84,48047.0,20.46,0.32,2016-2017,IN,47529,Regular School,High,No
180777001326,0.07,0.57,0.74,43059.0,20.59,0.31,2016-2017,IN,47670,Regular School,High,No
180780001330,0.19,0.48,0.72,40214.0,19.88,0.36,2016-2017,IN,46366,Regular School,High,No
180783001334,0.02,0.58,0.77,61599.0,22.25,0.4,2016-2017,IN,47512,Regular School,High,No
180786001337,0.09,0.45,0.45,37658.0,21.48,0.28,2016-2017,IN,47421,Regular School,High,No
180789001351,0.1,0.41,0.74,47712.0,20.42,0.28,2016-2017,IN,46926,Regular School,High,No
180790001357,0.11,0.49,0.33,35268.0,20.29,0.19,2016-2017,IN,47933,Regular School,High,No
180792001363,0.09,0.39,0.67,44617.0,20.32,0.33,2016-2017,IN,47963,Regular School,High,No
180795001366,0.04,0.58,0.82,61512.0,21.37,0.14,2016-2017,IN,47633,Regular School,High,No
180798001369,0.1,0.51,0.59,50291.0,20.52,0.26,2016-2017,IN,46172,Regular School,High,No
180801001376,0.04,0.53,0.83,60525.0,21.42,0.18,2016-2017,IN,47552,Regular School,High,No
180807001384,0.08,0.49,0.56,46532.0,20.29,0.32,2016-2017,IN,47928,Regular School,High,No
180810001387,0.03,0.6,0.83,71168.0,20.84,0.14,2016-2017,IN,46149,Regular School,High,No
180812001393,0.06,0.5,0.75,65288.0,21.01,0.15,2016-2017,IN,47527,Regular School,High,No
180813001396,0.1,0.38,0.58,36994.0,20.24,0.49,2016-2017,IN,47959,Regular School,High,No
180816001402,0.12,0.46,0.7,39814.0,20.32,0.35,2016-2017,IN,47850,Regular School,High,No
180819001406,0.06,0.47,0.76,47679.0,20.45,0.29,2016-2017,IN,47341,Regular School,High,No
180822001410,0.06,0.55,0.69,50554.0,21.08,0.16,2016-2017,IN,46777,Regular School,High,No
180825001414,0.04,0.75,0.8,76265.0,23.12,0.1,2016-2017,IN,46818,Regular School,High,No
180828001420,0.13,0.5,0.63,46957.0,20.44,0.25,2016-2017,IN,47356,Regular School,High,No
180831001423,0.09,0.45,0.84,63051.0,20.01,0.23,2016-2017,IN,46126,Regular School,High,No
180834001429,0.05,0.65,0.71,51398.0,20.24,0.22,2016-2017,IN,46919,Regular School,High,No
180846001435,0.14,0.52,0.72,49390.0,17.8,0.45,2016-2017,IN,46532,Regular School,High,No
180849001437,0.12,0.37,0.71,38854.0,21.5,0.34,2016-2017,IN,47452,Regular School,High,No
180864001438,0.11,0.31,0.62,31635.0,20.11,0.44,2016-2017,IN,47454,Regular School,High,No
180876001451,0.06,0.7,0.81,73594.0,22.83,0.18,2016-2017,IN,46545,Regular School,High,No
180882001464,0.02,0.69,0.73,60625.0,20.99,0.4,2016-2017,IN,46217,Regular School,High,No
180882001467,0.05,0.67,0.85,59792.0,19.48,0.51,2016-2017,IN,46227,Regular School,High,No
180885001476,0.11,0.31,0.51,32526.0,19.45,0.4,2016-2017,IN,46970,Regular School,High,No
180890001482,0.14,0.47,0.71,38173.0,20.37,0.34,2016-2017,IN,47567,Regular School,High,No
180891001489,0.07,0.55,0.36,33344.0,20.2,0.5,2016-2017,IN,46268,Regular School,High,No
180894001491,0.03,0.51,0.66,50000.0,20.21,0.28,2016-2017,IN,46978,Regular School,High,No
180897001494,0.06,0.58,0.75,49625.0,22.45,0.17,2016-2017,IN,46168,Regular School,High,No
180906001500,0.07,0.52,0.46,29898.0,21.32,0.38,2016-2017,IN,46563,Regular School,High,No
180912001505,0.1,0.52,0.78,50806.0,21.97,0.29,2016-2017,IN,46574,Regular School,High,No
180915001514,0.09,0.48,0.7,69500.0,19.55,0.38,2016-2017,IN,46368,Regular School,High,No
180918001521,0.09,0.68,0.86,77436.0,20.79,0.15,2016-2017,IN,46385,Regular School,High,No
180930001526,0.09,0.49,0.8,43539.0,19.96,0.27,2016-2017,IN,46761,Regular School,High,No
180936001529,0.1,0.37,0.84,43802.0,21.25,0.28,2016-2017,IN,47946,Regular School,High,No
180937001531,0.13,0.47,0.64,51302.0,19.17,0.29,2016-2017,IN,47126,Regular School,High,No
180937001536,0.03,0.66,0.81,64683.0,21.12,0.21,2016-2017,IN,47172,Regular School,High,No
180937001540,0.06,0.63,0.88,72232.0,18.62,0.26,2016-2017,IN,47106,Regular School,High,No
180942001543,0.04,0.49,0.78,52438.0,20.18,0.29,2016-2017,IN,47978,Regular School,High,No
180948001546,0.08,0.57,0.63,53963.0,21.09,0.23,2016-2017,IN,47429,Regular School,High,No
180951001566,0.14,0.5,0.53,29521.0,20.34,0.57,2016-2017,IN,47374,Regular School,High,No
180960001573,0.11,0.42,0.43,38646.0,21.24,0.23,2016-2017,IN,47040,Regular School,High,No
180963001576,0.05,0.47,0.41,28337.0,19.46,0.33,2016-2017,IN,46975,Regular School,High,No
180969001586,0.08,0.67,0.37,53409.0,18.12,0.44,2016-2017,IN,46410,Regular School,High,No
180975001596,0.09,0.39,0.62,40552.0,21.24,0.29,2016-2017,IN,46173,Regular School,High,No
180981001600,0.14,0.4,0.36,34163.0,20.87,0.35,2016-2017,IN,47167,Regular School,High,No
180984001603,0.06,0.48,0.72,36597.0,21.26,0.25,2016-2017,IN,47334,Regular School,High,No
180999001605,0.14,0.31,0.65,33750.0,18.58,0.56,2016-2017,IN,47102,Regular School,High,No
181002001612,0.14,0.46,0.46,40902.0,19.87,0.35,2016-2017,IN,47170,Regular School,High,No
181008001618,0.06,0.6,0.57,59271.0,19.87,0.31,2016-2017,IN,47274,Regular School,High,No
181011001623,0.11,0.4,0.66,29231.0,20.04,0.41,2016-2017,IN,47438,Regular School,High,No
181014001631,0.12,0.57,0.64,46447.0,19.9,0.38,2016-2017,IN,46176,Regular School,High,No
181017001635,0.07,0.48,0.8,48387.0,19.83,0.41,2016-2017,IN,47581,Regular School,High,No
181026001642,0.04,0.49,0.61,41333.0,21.17,0.32,2016-2017,IN,46711,Regular School,High,No
181029001649,0.06,0.69,0.75,50373.0,19.6,0.53,2016-2017,IN,46637,Regular School,High,No
181029001660,0.11,0.43,0.32,30066.0,20.16,0.57,2016-2017,IN,46613,Regular School,High,No
181029001662,0.03,0.8,0.76,75357.0,21.68,0.5,2016-2017,IN,46615,Regular School,High,No
181029001684,0.15,0.36,0.38,35333.0,16.87,0.66,2016-2017,IN,46619,Regular School,High,No
181035001688,0.04,0.6,0.87,63750.0,21.64,0.13,2016-2017,IN,47648,Regular School,High,No
181036002282,0.11,0.52,0.67,46500.0,21.0,0.34,2016-2017,IN,47112,Regular School,High,No
181038001702,0.07,0.41,0.85,46875.0,20.26,0.34,2016-2017,IN,47387,Regular School,High,No
181041001706,0.06,0.65,0.78,48736.0,20.53,0.2,2016-2017,IN,47591,Regular School,High,No
181044001711,0.11,0.65,0.83,58050.0,21.79,0.22,2016-2017,IN,46064,Regular School,High,No
181045001716,0.05,0.54,0.7,55753.0,20.36,0.24,2016-2017,IN,47933,Regular School,High,No
181047001722,0.07,0.35,0.68,46146.0,18.15,0.4,2016-2017,IN,47951,Regular School,High,No
181050001726,0.08,0.52,0.56,41712.0,20.55,0.24,2016-2017,IN,46135,Regular School,High,No
181053001729,0.09,0.41,0.67,38800.0,20.09,0.34,2016-2017,IN,47042,Regular School,High,No
181056001733,0.11,0.41,0.55,34419.0,20.34,0.3,2016-2017,IN,47635,Regular School,High,No
181059001739,0.06,0.41,0.4,36875.0,20.59,0.32,2016-2017,IN,47842,Regular School,High,No
181062001742,0.09,0.39,0.69,47354.0,21.04,0.34,2016-2017,IN,47987,Regular School,High,No
181064001745,0.03,0.53,0.82,62045.0,21.94,0.1,2016-2017,IN,47532,Regular School,High,No
181065001752,0.05,0.88,0.87,120262.0,23.42,0.07,2016-2017,IN,46037,Regular School,High,No
181065002392,0.04,0.86,0.82,74919.0,23.21,0.11,2016-2017,IN,46038,Regular School,High,No
181068001755,0.05,0.55,0.86,53763.0,19.64,0.23,2016-2017,IN,46994,Regular School,High,No
181071001761,0.06,0.67,0.56,58257.0,21.74,0.12,2016-2017,IN,46163,Regular School,High,No
181074001763,0.06,0.49,0.87,49740.0,20.84,0.33,2016-2017,IN,47355,Regular School,High,No
181077001765,0.04,0.47,0.8,49851.0,22.72,0.21,2016-2017,IN,46781,Regular School,High,No
181080001767,0.1,0.41,0.53,40746.0,20.5,0.35,2016-2017,IN,47243,Regular School,High,No
181083001769,0.05,0.49,0.82,59359.0,19.69,0.27,2016-2017,IN,46176,Regular School,High,No
181086001773,0.06,0.54,0.69,37083.0,18.55,0.32,2016-2017,IN,47882,Regular School,High,No
181087001779,0.07,0.4,0.64,40815.0,21.34,0.3,2016-2017,IN,47542,Regular School,High,No
181090002287,0.09,0.49,0.65,39904.0,18.33,0.47,2016-2017,IN,47862,Regular School,High,No
181092001785,0.08,0.55,0.33,31209.0,21.91,0.45,2016-2017,IN,46224,Regular School,High,No
181095001791,0.1,0.45,0.61,42746.0,21.2,0.36,2016-2017,IN,47460,Regular School,High,No
181110001797,0.07,0.63,0.61,42998.0,21.92,0.25,2016-2017,IN,46703,Regular School,High,No
181119001802,0.04,0.57,0.89,57353.0,20.75,0.15,2016-2017,IN,47012,Regular School,High,No
181122001811,0.11,0.4,0.52,35031.0,18.69,0.43,2016-2017,IN,47043,Regular School,High,No
181125001814,0.1,0.44,0.66,49902.0,20.93,0.31,2016-2017,IN,46902,Regular School,High,No
181126001819,0.05,0.49,0.74,55755.0,20.74,0.32,2016-2017,IN,47586,Regular School,High,No
181134001830,0.06,0.7,0.71,68824.0,21.14,0.26,2016-2017,IN,47909,Regular School,High,No
181134001835,0.06,0.8,0.82,53996.0,23.37,0.22,2016-2017,IN,47906,Regular School,High,No
181137001839,0.04,0.31,0.76,62188.0,20.11,0.42,2016-2017,IN,46910,Regular School,High,No
181140001843,0.07,0.58,0.57,44688.0,20.99,0.24,2016-2017,IN,46072,Regular School,High,No
181143001846,0.05,0.55,0.66,63967.0,22.26,0.26,2016-2017,IN,47995,Regular School,High,No
181146001852,0.09,0.59,0.82,57794.0,20.45,0.14,2016-2017,IN,46356,Regular School,High,No
181149001856,0.09,0.5,0.76,40769.0,20.52,0.28,2016-2017,IN,46504,Regular School,High,No
181158001863,0.09,0.58,0.79,38881.0,20.1,0.31,2016-2017,IN,47960,Regular School,High,No
181161001869,0.07,0.49,0.7,40645.0,22.53,0.31,2016-2017,IN,47353,Regular School,High,No
181170001873,0.08,0.53,0.7,64989.0,22.43,0.12,2016-2017,IN,46385,Regular School,High,No
181173001875,0.09,0.51,0.78,41000.0,20.12,0.42,2016-2017,IN,47358,Regular School,High,No
181191001879,0.13,0.51,0.72,41285.0,20.28,0.36,2016-2017,IN,46536,Regular School,High,No
181197001891,0.05,0.72,0.76,74119.0,22.28,0.19,2016-2017,IN,46385,Regular School,High,No
181209001917,0.14,0.59,0.68,35774.0,21.34,0.36,2016-2017,IN,47804,Regular School,High,No
181209001918,0.11,0.62,0.4,29681.0,21.84,0.36,2016-2017,IN,47802,Regular School,High,No
181209001923,0.06,0.45,0.9,63214.0,19.25,0.34,2016-2017,IN,47885,Regular School,High,No
181212001931,0.1,0.49,0.73,28784.0,21.34,0.43,2016-2017,IN,47591,Regular School,High,No
181215001940,0.12,0.55,0.56,41032.0,20.61,0.41,2016-2017,IN,46992,Regular School,High,No
181218001945,0.12,0.4,0.71,30962.0,20.72,0.28,2016-2017,IN,46992,Regular School,High,No
181218001948,0.06,0.51,0.68,56191.0,20.39,0.2,2016-2017,IN,46992,Regular School,High,No
181224001956,0.04,0.48,0.8,52817.0,21.07,0.17,2016-2017,IN,46550,Regular School,High,No
181236001973,0.1,0.43,0.39,45786.0,19.67,0.54,2016-2017,IN,46229,Regular School,High,No
181239001975,0.04,0.57,0.75,47360.0,19.75,0.32,2016-2017,IN,47601,Regular School,High,No
181239001977,0.03,0.78,0.81,86289.0,22.4,0.14,2016-2017,IN,47630,Regular School,High,No
181239001986,0.07,0.52,0.72,57500.0,20.67,0.2,2016-2017,IN,47619,Regular School,High,No
181242001999,0.2,0.47,0.71,38145.0,21.46,0.33,2016-2017,IN,46580,Regular School,High,No
181245002006,0.07,0.32,0.54,41685.0,20.8,0.43,2016-2017,IN,47501,Regular School,High,No
181272002021,0.06,0.77,0.29,43301.0,22.31,0.42,2016-2017,IN,46240,Regular School,High,No
181281002028,0.11,0.65,0.75,54043.0,18.82,0.6,2016-2017,IN,46214,Regular School,High,No
181281002410,0.14,0.51,0.51,49583.0,18.7,0.58,2016-2017,IN,46241,Regular School,High,No
181287002048,0.08,0.87,0.9,42625.0,26.65,0.09,2016-2017,IN,47906,Regular School,High,No
181288002050,0.06,0.45,0.68,52303.0,19.81,0.31,2016-2017,IN,46044,Regular School,High,No
181288002328,0.03,0.54,0.8,57336.0,21.41,0.19,2016-2017,IN,46051,Regular School,High,No
181290002058,0.14,0.25,0.7,38775.0,20.01,0.51,2016-2017,IN,46767,Regular School,High,No
181293002063,0.07,0.33,0.54,40675.0,19.75,0.4,2016-2017,IN,47108,Regular School,High,No
181299002066,0.08,0.52,0.81,62617.0,21.73,0.21,2016-2017,IN,46071,Regular School,High,No
181305002069,0.11,0.44,0.63,34866.0,19.8,0.46,2016-2017,IN,47327,Regular School,High,No
181308002075,0.08,0.65,0.61,45402.0,22.88,0.12,2016-2017,IN,46074,Regular School,High,No
181320002082,0.09,0.52,0.5,48887.0,18.58,0.48,2016-2017,IN,46394,Regular School,High,No
181323002089,0.07,0.41,0.72,60186.0,21.29,0.27,2016-2017,IN,46787,Regular School,High,No
210003000001,0.11,0.49,0.62,40227.0,18.1,0.47,2016-2017,KY,42728,Regular School,High,Not applicable
210007000010,0.17,0.57,0.57,39391.0,19.2,0.46,2016-2017,KY,42164,Regular School,High,Not applicable
210008102258,0.08,0.57,0.57,39155.0,18.5,0.44,2016-2017,KY,42345,Regular School,High,Not applicable
210012000016,0.04,0.48,0.73,56250.0,18.7,0.31,2016-2017,KY,40342,Regular School,High,Not applicable
210015000022,0.04,0.69,0.84,53293.0,19.8,0.41,2016-2017,KY,41102,Regular School,High,Not applicable
210021000036,0.07,0.5,0.65,42026.0,19.1,0.38,2016-2017,KY,42024,Regular School,High,Not applicable
210027000045,0.24,0.33,0.36,28201.0,18.7,0.49,2016-2017,KY,40004,Regular School,High,Not applicable
210030000048,0.09,0.47,0.86,55833.0,20.2,0.35,2016-2017,KY,42141,Regular School,High,Not applicable
210033000057,0.14,0.5,0.78,36250.0,18.5,0.58,2016-2017,KY,40360,Regular School,High,Not applicable
210036000060,0.03,0.82,0.94,70957.0,25.7,0.12,2016-2017,KY,41017,Regular School,High,Not applicable
210039000062,0.06,0.4,0.87,40406.0,18.3,0.7,2016-2017,KY,40977,Regular School,High,Not applicable
210048000078,0.05,0.66,0.65,41875.0,19.8,0.56,2016-2017,KY,40403,Regular School,High,Not applicable
210051000011,0.04,0.81,0.92,99318.0,22.0,0.16,2016-2017,KY,41091,Regular School,High,Not applicable
210051000081,0.08,0.51,0.67,40461.0,19.5,0.35,2016-2017,KY,41042,Regular School,High,Not applicable
210051000084,0.07,0.67,0.53,58977.0,20.8,0.23,2016-2017,KY,41048,Regular School,High,Not applicable
210051002206,0.03,0.8,0.88,83750.0,21.2,0.2,2016-2017,KY,41091,Regular School,High,Not applicable
210054000098,0.09,0.38,0.51,35947.0,19.8,0.4,2016-2017,KY,40361,Regular School,High,Not applicable
210057000105,0.04,0.65,0.51,40000.0,20.1,0.42,2016-2017,KY,42104,Regular School,High,Not applicable
210062000108,0.04,0.69,0.84,53293.0,18.9,0.4,2016-2017,KY,41102,Regular School,High,Not applicable
210063000120,0.09,0.58,0.45,29267.0,21.6,0.3,2016-2017,KY,40422,Regular School,High,Not applicable
210066000125,0.08,0.45,0.76,34836.0,19.0,0.38,2016-2017,KY,41004,Regular School,High,Not applicable
210069000129,0.16,0.47,0.51,20838.0,16.7,0.71,2016-2017,KY,41339,Regular School,High,Not applicable
210072000137,0.1,0.37,0.76,41724.0,19.9,0.45,2016-2017,KY,40144,Regular School,High,Not applicable
210075000145,0.06,0.53,0.45,40056.0,18.3,0.46,2016-2017,KY,40165,Regular School,High,Not applicable
210075000154,0.04,0.49,0.59,61558.0,18.9,0.4,2016-2017,KY,40165,Regular School,High,Not applicable
210075001409,0.05,0.58,0.74,69144.0,20.1,0.19,2016-2017,KY,40047,Regular School,High,Not applicable
210081000160,0.12,0.31,0.53,26540.0,17.7,0.45,2016-2017,KY,42261,Regular School,High,Not applicable
210084000166,0.1,0.45,0.51,38031.0,19.1,0.43,2016-2017,KY,42445,Regular School,High,Not applicable
210087000171,0.27,0.79,0.66,11136.0,20.1,0.42,2016-2017,KY,42071,Regular School,High,Not applicable
210090000941,0.05,0.62,0.73,81063.0,21.3,0.28,2016-2017,KY,41001,Regular School,High,Not applicable
210093000183,0.05,0.58,0.69,40286.0,18.4,0.49,2016-2017,KY,42718,Regular School,High,Not applicable
210096000186,0.06,0.49,0.69,32022.0,18.4,0.51,2016-2017,KY,42023,Regular School,High,Not applicable
210099000190,0.14,0.42,0.49,38611.0,18.3,0.47,2016-2017,KY,41008,Regular School,High,Not applicable
210102000194,0.09,0.42,0.64,36293.0,18.5,0.49,2016-2017,KY,41143,Regular School,High,Not applicable
210102000202,0.11,0.5,0.66,37989.0,17.7,0.58,2016-2017,KY,41164,Regular School,High,Not applicable
210105000204,0.13,0.4,0.78,26340.0,18.8,0.58,2016-2017,KY,42539,Regular School,High,Not applicable
210111000214,0.11,0.41,0.6,29579.0,18.1,0.7,2016-2017,KY,42749,Regular School,High,Not applicable
210115000220,0.25,0.4,0.63,27324.0,17.1,0.63,2016-2017,KY,42240,Regular School,High,Not applicable
210115000223,0.07,0.68,0.57,54615.0,19.7,0.47,2016-2017,KY,42240,Regular School,High,Not applicable
210120000237,0.08,0.45,0.55,37287.0,18.8,0.43,2016-2017,KY,40391,Regular School,High,Not applicable
210123000249,0.16,0.33,0.67,24375.0,17.5,0.57,2016-2017,KY,40962,Regular School,High,Not applicable
210126000259,0.08,0.38,0.73,26224.0,18.3,0.53,2016-2017,KY,42602,Regular School,High,Not applicable
210132000266,0.12,0.55,0.7,35060.0,20.4,0.38,2016-2017,KY,40701,Regular School,High,Not applicable
210135002049,0.13,0.65,0.46,34868.0,16.9,0.69,2016-2017,KY,41014,Regular School,High,Not applicable
210138000279,0.1,0.51,0.74,31283.0,18.5,0.43,2016-2017,KY,42064,Regular School,High,Not applicable
210141000287,0.11,0.38,0.49,27433.0,19.3,0.6,2016-2017,KY,42717,Regular School,High,Not applicable
210144000291,0.09,0.58,0.45,29267.0,19.5,0.54,2016-2017,KY,40422,Regular School,High,Not applicable
210147000295,0.05,0.66,0.67,52207.0,19.7,0.4,2016-2017,KY,42301,Regular School,High,Not applicable
210147000297,0.03,0.54,0.28,37087.0,20.2,0.27,2016-2017,KY,42303,Regular School,High,Not applicable
210150002203,0.08,0.41,0.61,29167.0,20.3,0.45,2016-2017,KY,42408,Regular School,High,Not applicable
210162001442,0.08,0.42,0.83,47362.0,18.4,0.43,2016-2017,KY,42210,Regular School,High,Not applicable
210165000323,0.13,0.51,0.26,30231.0,21.4,0.32,2016-2017,KY,42701,Regular School,High,Not applicable
210168000331,0.07,0.34,0.56,30133.0,17.5,0.54,2016-2017,KY,41171,Regular School,High,Not applicable
210174000337,0.04,0.6,0.65,50222.0,19.1,0.5,2016-2017,KY,41018,Regular School,High,Not applicable
210176000342,0.14,0.31,0.62,28293.0,18.4,0.57,2016-2017,KY,40336,Regular School,High,Not applicable
210186000364,0.06,0.69,0.82,50354.0,21.9,0.3,2016-2017,KY,40502,Regular School,High,Not applicable
210186000367,0.13,0.78,0.62,44700.0,21.5,0.28,2016-2017,KY,40503,Regular School,High,Not applicable
210186000383,0.09,0.62,0.34,28269.0,20.7,0.36,2016-2017,KY,40517,Regular School,High,Not applicable
210186000388,0.13,0.46,0.61,42255.0,17.5,0.56,2016-2017,KY,40505,Regular School,High,Not applicable
210186001669,0.01,0.88,0.84,111570.0,21.1,0.3,2016-2017,KY,40513,Regular School,High,Not applicable
210192000398,0.07,0.55,0.83,39808.0,17.1,0.42,2016-2017,KY,41041,Regular School,High,Not applicable
210195000404,0.09,0.47,0.68,32218.0,17.9,0.61,2016-2017,KY,41622,Regular School,High,Not applicable
210195000406,0.08,0.52,0.63,31567.0,19.2,0.67,2016-2017,KY,41659,Regular School,High,Not applicable
210195000423,0.08,0.57,0.51,24543.0,17.8,0.56,2016-2017,KY,41653,Regular School,High,Not applicable
210198000433,0.03,0.65,0.3,38015.0,20.6,0.35,2016-2017,KY,40601,Regular School,High,Not applicable
210201000440,0.08,0.55,0.6,49086.0,20.1,0.37,2016-2017,KY,40601,Regular School,High,Not applicable
210201001420,0.14,0.59,0.57,38825.0,19.6,0.3,2016-2017,KY,40601,Regular School,High,Not applicable
210204000428,0.07,0.78,0.81,54569.0,24.1,0.14,2016-2017,KY,41075,Regular School,High,Not applicable
210210000445,0.09,0.45,0.81,48750.0,17.8,0.64,2016-2017,KY,42050,Regular School,High,Not applicable
210213000451,0.15,0.29,0.65,44432.0,18.2,0.52,2016-2017,KY,41095,Regular School,High,Not applicable
210216000455,0.14,0.35,0.54,32387.0,18.9,0.41,2016-2017,KY,40444,Regular School,High,Not applicable
210222000461,0.04,0.48,0.78,28051.0,20.9,0.31,2016-2017,KY,42141,Regular School,High,Not applicable
210225000467,0.06,0.4,0.72,42344.0,18.0,0.48,2016-2017,KY,41035,Regular School,High,Not applicable
210228001490,0.07,0.45,0.51,24082.0,19.5,0.44,2016-2017,KY,42066,Regular School,High,Not applicable
210230000486,0.15,0.43,0.89,30092.0,19.2,0.48,2016-2017,KY,42754,Regular School,High,Not applicable
210234000490,0.07,0.39,0.56,28000.0,18.7,0.55,2016-2017,KY,42743,Regular School,High,Not applicable
210240000496,0.11,0.52,0.64,40833.0,17.7,0.48,2016-2017,KY,41144,Regular School,High,Not applicable
210246000507,0.05,0.49,0.74,55755.0,20.1,0.3,2016-2017,KY,42351,Regular School,High,Not applicable
210249000517,0.19,0.62,0.51,38098.0,18.8,0.43,2016-2017,KY,40160,Regular School,High,Not applicable
210249000528,0.08,0.6,0.88,45859.0,20.6,0.29,2016-2017,KY,42724,Regular School,High,Not applicable
210249001910,0.07,0.68,0.74,67524.0,19.8,0.32,2016-2017,KY,42701,Regular School,High,Not applicable
210254002213,0.08,0.72,0.38,33947.0,18.2,0.67,2016-2017,KY,40806,Regular School,High,Not applicable
210258000555,0.06,0.55,0.51,35179.0,19.4,0.38,2016-2017,KY,41031,Regular School,High,Not applicable
210264000564,0.11,0.41,0.6,29579.0,18.9,0.5,2016-2017,KY,42765,Regular School,High,Not applicable
210267000568,0.11,0.5,0.4,32074.0,20.6,0.45,2016-2017,KY,41701,Regular School,High,Not applicable
210271000577,0.15,0.49,0.32,29141.0,19.8,0.42,2016-2017,KY,42420,Regular School,High,Not applicable
210276000590,0.09,0.27,0.53,45313.0,18.5,0.42,2016-2017,KY,40050,Regular School,High,Not applicable
210279000594,0.13,0.47,0.7,42256.0,21.3,0.49,2016-2017,KY,42031,Regular School,High,Not applicable
210286000602,0.07,0.55,0.57,46017.0,20.0,0.36,2016-2017,KY,42431,Regular School,High,Not applicable
210286001473,0.06,0.41,0.78,45986.0,18.6,0.42,2016-2017,KY,42431,Regular School,High,Not applicable
210294000615,0.14,0.29,0.42,23832.0,17.7,0.67,2016-2017,KY,40447,Regular School,High,Not applicable
210299000625,0.04,0.78,0.76,66198.0,21.2,0.23,2016-2017,KY,40243,Regular School,High,Not applicable
210299000628,0.12,0.67,0.64,62734.0,18.1,0.51,2016-2017,KY,40291,Regular School,High,Not applicable
210299000632,0.04,0.88,0.65,68769.0,22.3,0.31,2016-2017,KY,40205,Regular School,High,Not applicable
210299000637,0.08,0.55,0.23,39337.0,15.8,0.59,2016-2017,KY,40219,Regular School,High,Not applicable
210299000639,0.08,0.45,0.39,37340.0,15.7,0.69,2016-2017,KY,40272,Regular School,High,Not applicable
210299000644,0.08,0.5,0.39,34258.0,20.0,0.38,2016-2017,KY,40216,Regular School,High,Not applicable
210299000649,0.04,0.91,0.72,51741.0,16.4,0.64,2016-2017,KY,40207,Regular School,High,Not applicable
210299000651,0.1,0.29,0.46,43365.0,16.4,0.64,2016-2017,KY,40118,Regular School,High,Not applicable
210299000659,0.07,0.62,0.65,51890.0,17.8,0.47,2016-2017,KY,40299,Regular School,High,Not applicable
210299000667,0.04,0.67,0.53,33171.0,16.6,0.6,2016-2017,KY,40220,Regular School,High,Not applicable
210299000668,0.07,0.51,0.76,47969.0,17.7,0.48,2016-2017,KY,40258,Regular School,High,Not applicable
210299000677,0.13,0.47,0.66,45950.0,15.5,0.74,2016-2017,KY,40216,Regular School,High,Not applicable
210299000691,0.11,0.62,0.57,39814.0,15.7,0.69,2016-2017,KY,40214,Regular School,High,Not applicable
210299000695,0.05,0.82,0.87,78347.0,21.0,0.26,2016-2017,KY,40222,Regular School,High,Not applicable
210299000730,0.39,0.28,0.0,9003.0,17.1,0.68,2016-2017,KY,40203,Regular School,High,Not applicable
210299000734,0.12,0.73,0.4,18167.0,26.9,0.15,2016-2017,KY,40208,Regular School,High,Not applicable
210299000753,0.05,0.6,0.63,41904.0,15.3,0.82,2016-2017,KY,40215,Regular School,High,Not applicable
210299001705,0.1,0.52,0.56,38514.0,21.8,0.2,2016-2017,KY,40213,Regular School,High,Not applicable
210303001640,0.11,0.51,0.73,30570.0,20.6,0.33,2016-2017,KY,40356,Regular School,High,Not applicable
210303001641,0.09,0.49,0.61,48844.0,18.9,0.36,2016-2017,KY,40356,Regular School,High,Not applicable
210306000802,0.13,0.41,0.69,27878.0,19.0,0.59,2016-2017,KY,41240,Regular School,High,Not applicable
210309000811,0.06,0.83,0.83,57083.0,20.8,0.29,2016-2017,KY,41017,Regular School,High,Not applicable
210309000818,0.1,0.62,0.74,67128.0,20.8,0.24,2016-2017,KY,41051,Regular School,High,Not applicable
210309000823,0.06,0.66,0.71,66293.0,20.7,0.3,2016-2017,KY,41015,Regular School,High,Not applicable
210312000837,0.13,0.4,0.81,33198.0,18.9,0.69,2016-2017,KY,41822,Regular School,High,Not applicable
210315000847,0.12,0.39,0.77,32656.0,17.7,0.56,2016-2017,KY,40906,Regular School,High,Not applicable
210318000853,0.16,0.39,0.5,34349.0,20.9,0.43,2016-2017,KY,42748,Regular School,High,Not applicable
210321000215,0.12,0.39,0.54,28550.0,19.5,0.51,2016-2017,KY,40741,Regular School,High,Not applicable
210321000865,0.16,0.56,0.76,43313.0,19.8,0.49,2016-2017,KY,40744,Regular School,High,Not applicable
210324000874,0.05,0.47,0.88,44060.0,18.1,0.47,2016-2017,KY,41230,Regular School,High,Not applicable
210333000885,0.08,0.36,0.76,31604.0,18.9,0.53,2016-2017,KY,41749,Regular School,High,Not applicable
210336001998,0.13,0.54,0.69,35000.0,17.8,0.54,2016-2017,KY,41858,Regular School,High,Not applicable
210339000910,0.07,0.33,0.52,20583.0,18.5,0.61,2016-2017,KY,41179,Regular School,High,Not applicable
210348000918,0.11,0.44,0.56,35500.0,19.6,0.54,2016-2017,KY,40484,Regular School,High,Not applicable
210351000924,0.05,0.38,0.61,41043.0,18.9,0.4,2016-2017,KY,42081,Regular School,High,Not applicable
210354001458,0.09,0.3,0.41,34200.0,19.6,0.39,2016-2017,KY,42276,Regular School,High,Not applicable
210363000939,0.16,0.53,0.22,36471.0,20.0,0.56,2016-2017,KY,41016,Regular School,High,Not applicable
210369000943,0.06,0.49,0.74,39924.0,20.7,0.39,2016-2017,KY,42038,Regular School,High,Not applicable
210372000949,0.13,0.49,0.43,21250.0,20.1,0.42,2016-2017,KY,40475,Regular School,High,Not applicable
210372001486,0.17,0.9,0.0,13480.0,23.0,0.0,2016-2017,KY,40475,Regular School,High,Not applicable
210372001594,0.08,0.42,0.69,31544.0,19.4,0.38,2016-2017,KY,40403,Regular School,High,Not applicable
210375000960,0.12,0.34,0.56,26300.0,17.3,0.74,2016-2017,KY,41465,Regular School,High,Not applicable
210378000970,0.1,0.41,0.65,39037.0,19.4,0.41,2016-2017,KY,40033,Regular School,High,Not applicable
210381000976,0.09,0.6,0.64,46350.0,20.0,0.36,2016-2017,KY,42025,Regular School,High,Not applicable
210384000985,0.21,0.37,0.64,29785.0,17.6,0.62,2016-2017,KY,41224,Regular School,High,Not applicable
210387000989,0.11,0.49,0.38,35431.0,20.0,0.49,2016-2017,KY,41056,Regular School,High,Not applicable
210390000995,0.13,0.47,0.57,26984.0,18.8,0.58,2016-2017,KY,42066,Regular School,High,Not applicable
210396002332,0.03,0.69,0.6,48005.0,21.1,0.31,2016-2017,KY,42001,Regular School,High,Not applicable
210399001014,0.19,0.41,0.76,19185.0,18.1,0.7,2016-2017,KY,42647,Regular School,High,Not applicable
210402001026,0.09,0.5,0.69,46389.0,19.4,0.35,2016-2017,KY,42327,Regular School,High,Not applicable
210405001035,0.12,0.56,0.66,57768.0,19.4,0.35,2016-2017,KY,40108,Regular School,High,Not applicable
210408001040,0.13,0.36,0.55,35982.0,17.9,0.61,2016-2017,KY,40322,Regular School,High,Not applicable
210411002168,0.18,0.46,0.41,32310.0,19.4,0.36,2016-2017,KY,40330,Regular School,High,Not applicable
210414001044,0.1,0.36,0.8,30171.0,18.5,0.55,2016-2017,KY,42129,Regular School,High,Not applicable
210417001050,0.16,0.27,0.46,18498.0,18.4,0.58,2016-2017,KY,40965,Regular School,High,Not applicable
210420001056,0.08,0.33,0.58,26890.0,17.4,0.52,2016-2017,KY,42167,Regular School,High,Not applicable
210425001059,0.09,0.59,0.54,46070.0,18.6,0.44,2016-2017,KY,40353,Regular School,High,Not applicable
210429001068,0.06,0.43,0.65,31125.0,18.4,0.58,2016-2017,KY,41472,Regular School,High,Not applicable
210438001086,0.27,0.79,0.66,11136.0,22.0,0.25,2016-2017,KY,42071,Regular School,High,Not applicable
210441001096,0.17,0.46,0.61,34478.0,19.7,0.32,2016-2017,KY,40004,Regular School,High,Not applicable
210441002324,0.11,0.55,0.83,46141.0,19.9,0.31,2016-2017,KY,40004,Regular School,High,Not applicable
210444001103,0.13,0.71,0.48,50625.0,16.0,0.72,2016-2017,KY,41071,Regular School,High,Not applicable
210447001107,0.06,0.44,0.58,38688.0,18.6,0.48,2016-2017,KY,40311,Regular School,High,Not applicable
210450001116,0.09,0.45,0.67,36811.0,18.7,0.47,2016-2017,KY,42347,Regular School,High,Not applicable
210453001125,0.02,0.35,0.87,63000.0,21.1,0.16,2016-2017,KY,40010,Regular School,High,Not applicable
210453001620,0.03,0.76,0.76,88043.0,22.6,0.1,2016-2017,KY,40014,Regular School,High,Not applicable
210453001953,0.05,0.91,0.93,136313.0,22.9,0.06,2016-2017,KY,40026,Regular School,High,Not applicable
210456001128,0.07,0.34,0.47,39464.0,18.1,0.43,2016-2017,KY,40359,Regular School,High,Not applicable
210459001136,0.09,0.55,0.68,34768.0,18.6,0.58,2016-2017,KY,42301,Regular School,High,Not applicable
210462001143,0.13,0.4,0.65,18774.0,17.6,0.87,2016-2017,KY,41314,Regular School,High,Not applicable
210465001154,0.11,0.69,0.29,27108.0,19.1,0.52,2016-2017,KY,42001,Regular School,High,Not applicable
210468001156,0.13,0.41,0.69,27878.0,20.7,0.32,2016-2017,KY,41240,Regular School,High,Not applicable
210471001158,0.09,0.38,0.51,35947.0,18.0,0.57,2016-2017,KY,40361,Regular School,High,Not applicable
210474001161,0.06,0.41,0.78,44918.0,19.5,0.43,2016-2017,KY,41040,Regular School,High,Not applicable
210477000755,0.15,0.46,0.64,40463.0,17.9,0.62,2016-2017,KY,41701,Regular School,High,Not applicable
210483001214,0.08,0.61,0.6,25169.0,20.6,0.25,2016-2017,KY,41501,Regular School,High,Not applicable
210489001220,0.11,0.35,0.57,19672.0,17.5,0.62,2016-2017,KY,40380,Regular School,High,Not applicable
210495000506,0.11,0.48,0.57,28797.0,18.9,0.52,2016-2017,KY,42503,Regular School,High,Not applicable
210495001233,0.06,0.57,0.21,30280.0,19.7,0.5,2016-2017,KY,42503,Regular School,High,Not applicable
210498001240,0.11,0.57,0.63,45285.0,19.5,0.3,2016-2017,KY,41169,Regular School,High,Not applicable
210507001252,0.06,0.47,0.73,41991.0,18.2,0.54,2016-2017,KY,40456,Regular School,High,Not applicable
210510001260,0.06,0.67,0.72,40614.0,19.5,0.41,2016-2017,KY,40351,Regular School,High,Not applicable
210513001272,0.14,0.74,0.72,65852.0,21.7,0.25,2016-2017,KY,41169,Regular School,High,Not applicable
210516001265,0.08,0.44,0.47,30232.0,18.3,0.54,2016-2017,KY,42642,Regular School,High,Not applicable
210526001283,0.1,0.45,0.61,37365.0,20.6,0.26,2016-2017,KY,40324,Regular School,High,Not applicable
210532001292,0.06,0.35,0.6,47115.0,19.7,0.37,2016-2017,KY,40065,Regular School,High,Not applicable
210532002253,0.08,0.61,0.66,54638.0,19.9,0.32,2016-2017,KY,40065,Regular School,High,Not applicable
210540001301,0.11,0.49,0.62,42188.0,19.3,0.42,2016-2017,KY,42135,Regular School,High,Not applicable
210543001310,0.06,0.57,0.21,30280.0,20.3,0.42,2016-2017,KY,42501,Regular School,High,Not applicable
210549001315,0.03,0.51,0.88,68568.0,19.5,0.29,2016-2017,KY,40071,Regular School,High,Not applicable
210552001318,0.05,0.58,0.69,40286.0,19.3,0.42,2016-2017,KY,42718,Regular School,High,Not applicable
210555001325,0.06,0.39,0.69,45111.0,18.4,0.48,2016-2017,KY,42220,Regular School,High,Not applicable
210558001329,0.06,0.51,0.88,44813.0,18.5,0.38,2016-2017,KY,42211,Regular School,High,Not applicable
210561001333,0.12,0.4,0.51,46302.0,19.0,0.39,2016-2017,KY,40006,Regular School,High,Not applicable
210564001338,0.06,0.52,0.55,39890.0,18.8,0.38,2016-2017,KY,42437,Regular School,High,Not applicable
210570001342,0.09,0.57,0.84,61513.0,21.9,0.29,2016-2017,KY,41094,Regular School,High,Not applicable
210573001353,0.09,0.49,0.49,24853.0,17.9,0.64,2016-2017,KY,42101,Regular School,High,Not applicable
210573001354,0.07,0.39,0.56,44029.0,19.0,0.5,2016-2017,KY,42101,Regular School,High,Not applicable
210573001692,0.03,0.62,0.81,64485.0,21.0,0.32,2016-2017,KY,42104,Regular School,High,Not applicable
210573002277,0.05,0.6,0.89,65687.0,21.4,0.21,2016-2017,KY,42104,Regular School,High,Not applicable
210576001358,0.1,0.5,0.53,39322.0,18.9,0.44,2016-2017,KY,40069,Regular School,High,Not applicable
210579001224,0.14,0.25,0.54,27091.0,17.9,0.57,2016-2017,KY,42633,Regular School,High,Not applicable
210582001374,0.12,0.4,0.86,41763.0,18.5,0.41,2016-2017,KY,42409,Regular School,High,Not applicable
210588001386,0.08,0.38,0.75,35872.0,19.2,0.69,2016-2017,KY,40769,Regular School,High,Not applicable
210594002308,0.06,0.4,0.72,42344.0,19.6,0.47,2016-2017,KY,41097,Regular School,High,Not applicable
210597001397,0.07,0.35,0.44,17019.0,17.4,0.71,2016-2017,KY,41301,Regular School,High,Not applicable
210600001404,0.05,0.67,0.73,54044.0,21.4,0.29,2016-2017,KY,40383,Regular School,High,Not applicable
220003000004,0.1,0.28,0.27,30554.0,17.1,0.49,2016-2017,LA,70525,Regular School,High,No
220003000006,0.06,0.42,0.78,43729.0,17.9,0.59,2016-2017,LA,70526,Regular School,High,No
220003000016,0.06,0.29,0.62,45882.0,19.0,0.43,2016-2017,LA,70559,Regular School,High,No
220003000019,0.04,0.35,0.31,28679.0,16.9,0.48,2016-2017,LA,70578,Regular School,High,No
220003900450,0.03,0.73,0.69,76558.0,20.7,0.31,2016-2017,LA,70791,Regular School,High,No
220004000344,0.06,0.55,0.32,43908.0,17.5,0.76,2016-2017,LA,70714,Regular School,High,No
220005500741,0.23,0.59,0.24,26505.0,16.9,0.68,2016-2017,LA,71245,Regular School,High,Not applicable
220006000027,0.06,0.36,0.63,40000.0,19.7,0.43,2016-2017,LA,70648,Regular School,High,No
220006000029,0.05,0.52,0.48,23281.0,17.9,0.51,2016-2017,LA,71463,Regular School,High,No
220006000032,0.08,0.37,0.64,46536.0,18.9,0.57,2016-2017,LA,70655,Regular School,High,No
220009000036,0.07,0.45,0.39,39560.0,16.4,0.81,2016-2017,LA,70346,Regular School,High,No
220009000038,0.08,0.45,0.47,48103.0,19.3,0.44,2016-2017,LA,70737,Regular School,High,No
220009000046,0.03,0.45,0.63,65353.0,20.4,0.29,2016-2017,LA,70774,Regular School,High,No
220009001541,0.03,0.71,0.68,76771.0,22.4,0.2,2016-2017,LA,70734,Regular School,High,No
220012000048,0.11,0.43,0.63,35991.0,17.4,0.45,2016-2017,LA,70390,Regular School,High,No
220012500363,0.02,0.62,0.75,54818.0,21.1,0.3,2016-2017,LA,70805,Regular School,High,No
220015000063,0.08,0.3,0.41,32067.0,18.5,0.77,2016-2017,LA,71322,Regular School,High,No
220015000073,0.07,0.34,0.53,27062.0,17.4,0.64,2016-2017,LA,71351,Regular School,High,No
220015000075,0.18,0.27,0.42,35714.0,17.5,0.66,2016-2017,LA,71355,Regular School,High,No
220015602270,0.07,0.82,0.71,52043.0,19.7,0.66,2016-2017,LA,70130,Regular School,High,Yes
220016002327,0.1,0.46,0.21,24808.0,20.9,0.49,2016-2017,LA,70114,Regular School,High,Yes
220018000081,0.07,0.66,0.59,49427.0,20.1,0.36,2016-2017,LA,70634,Regular School,High,No
220018000089,0.05,0.44,0.83,63500.0,20.5,0.35,2016-2017,LA,70652,Regular School,High,No
220027000112,0.08,0.54,0.42,41813.0,20.4,0.34,2016-2017,LA,71111,Regular School,High,No
220027000117,0.09,0.47,0.5,39188.0,20.9,0.18,2016-2017,LA,71006,Regular School,High,No
220027000120,0.14,0.28,0.09,19637.0,16.7,0.67,2016-2017,LA,71111,Regular School,High,No
220027000127,0.06,0.48,0.5,48430.0,19.8,0.38,2016-2017,LA,71037,Regular School,High,No
220027000130,0.03,0.77,0.83,63668.0,20.3,0.24,2016-2017,LA,71112,Regular School,High,No
220030000147,0.02,0.9,0.75,33408.0,21.4,0.33,2016-2017,LA,71104,Regular School,High,No
220030000151,0.05,0.71,0.75,65142.0,20.2,0.33,2016-2017,LA,71105,Regular School,High,No
220030000161,0.13,0.24,0.14,20045.0,15.4,0.87,2016-2017,LA,71109,Regular School,High,No
220030000163,0.2,0.41,0.15,20364.0,17.2,0.86,2016-2017,LA,71107,Regular School,High,No
220030000169,0.12952355410516178,0.4805365084698102,0.5190389668732818,37670.683327366845,16.5,0.7,2016-2017,LA,71129,Regular School,High,No
220030000179,0.11,0.37,0.44,24597.0,19.5,0.59,2016-2017,LA,71082,Regular School,High,No
220030000182,0.08,0.53,0.4,44141.0,18.7,0.45,2016-2017,LA,71107,Regular School,High,No
220030000197,0.04,0.59,0.28,42338.0,17.0,0.52,2016-2017,LA,71118,Regular School,High,No
220030000208,0.19,0.39,0.36,19957.0,15.5,0.87,2016-2017,LA,71103,Regular School,High,No
220030000212,0.1,0.33,0.23,24255.0,15.5,0.83,2016-2017,LA,71106,Regular School,High,No
220030001551,0.15,0.48,0.13,22929.0,25.6,0.16,2016-2017,LA,71101,Regular School,High,No
220033000216,0.04,0.83,0.94,68479.0,21.0,0.27,2016-2017,LA,70605,Regular School,High,No
220033000227,0.07,0.31,0.78,41349.0,18.9,0.32,2016-2017,LA,70633,Regular School,High,No
220033000237,0.09,0.6,0.68,70259.0,20.8,0.22,2016-2017,LA,70611,Regular School,High,No
220033000244,0.14,0.49,0.21,31337.0,17.2,0.67,2016-2017,LA,70605,Regular School,High,No
220033000266,0.17,0.32,0.49,32270.0,20.3,0.3,2016-2017,LA,70663,Regular School,High,No
220033000270,0.04,0.34,0.63,27450.0,18.3,0.43,2016-2017,LA,70668,Regular School,High,No
220033000272,0.18,0.39,0.37,25094.0,16.4,0.8,2016-2017,LA,70601,Regular School,High,No
220033000278,0.11,0.54,0.65,48472.0,19.1,0.37,2016-2017,LA,70669,Regular School,High,No
220036000281,0.11,0.29,0.71,35983.0,19.4,0.51,2016-2017,LA,71418,Regular School,High,No
220042000294,0.17,0.34,0.54,26595.0,18.1,0.61,2016-2017,LA,71343,Regular School,High,No
220045000311,0.26,0.44,0.14,33508.0,16.2,0.78,2016-2017,LA,71040,Regular School,High,No
220048000317,0.27,0.28,0.23,20049.0,16.3,0.9,2016-2017,LA,71334,Regular School,High,No
220048000324,0.16,0.49,0.72,44756.0,20.4,0.49,2016-2017,LA,71373,Regular School,High,No
220051000334,0.16,0.45,0.67,36333.0,16.5,0.85,2016-2017,LA,71052,Regular School,High,No
220051001579,0.06,0.46,0.66,55232.0,18.9,0.35,2016-2017,LA,71078,Regular School,High,No
220054000347,0.03,0.81,0.39,31332.0,26.2,0.29,2016-2017,LA,70808,Regular School,High,No
220054000349,0.16,0.36,0.33,27411.0,15.7,0.77,2016-2017,LA,70815,Regular School,High,No
220054000355,0.06,0.69,0.73,53750.0,17.4,0.71,2016-2017,LA,70815,Regular School,High,No
220054000365,0.15,0.47,0.61,61046.0,18.0,0.78,2016-2017,LA,70770,Regular School,High,No
220054000397,0.14,0.61,0.14,19475.0,20.0,0.66,2016-2017,LA,70802,Regular School,High,No
220054000423,0.15,0.44,0.2,21044.0,17.5,0.71,2016-2017,LA,70807,Regular School,High,No
220054000434,0.04,0.75,0.35,49490.0,17.0,0.72,2016-2017,LA,70806,Regular School,High,No
220054000447,0.05,0.67,0.52,62358.0,19.2,0.55,2016-2017,LA,70817,Regular School,High,No
220054002311,0.18,0.49,0.09,28000.0,17.0,0.74,2016-2017,LA,70801,Regular School,High,Yes
220057000454,0.21,0.32,0.35,17380.0,16.8,0.93,2016-2017,LA,71254,Regular School,High,No
220060000465,0.07,0.36,0.51,41711.0,17.1,0.79,2016-2017,LA,70748,Regular School,High,No
220066000490,0.09,0.35,0.63,34651.0,17.5,0.68,2016-2017,LA,71295,Regular School,High,No
220069000501,0.08,0.38,0.61,41328.0,18.6,0.47,2016-2017,LA,71423,Regular School,High,No
220069000502,0.2,0.32,0.66,36181.0,16.5,0.66,2016-2017,LA,71454,Regular School,High,No
220072000519,0.1,0.29,0.48,49808.0,16.6,0.88,2016-2017,LA,70544,Regular School,High,No
220072000523,0.09,0.43,0.67,60664.0,19.9,0.42,2016-2017,LA,70552,Regular School,High,No
220072000525,0.22,0.33,0.49,31488.0,17.9,0.62,2016-2017,LA,70560,Regular School,High,No
220072000527,0.07,0.52,0.43,34729.0,18.7,0.49,2016-2017,LA,70560,Regular School,High,No
220075000543,0.06,0.45,0.17,40679.0,18.0,0.75,2016-2017,LA,70764,Regular School,High,No
220075000550,0.16,0.38,0.28,40435.0,18.9,0.8,2016-2017,LA,70788,Regular School,High,No
220078000555,0.07,0.38,0.49,42500.0,15.4,0.76,2016-2017,LA,71251,Regular School,High,No
220081000566,0.11,0.54,0.67,41314.0,19.3,0.48,2016-2017,LA,70546,Regular School,High,No
220081000572,0.17,0.38,0.48,40417.0,19.0,0.47,2016-2017,LA,70549,Regular School,High,No
220081000574,0.09,0.49,0.58,41383.0,19.8,0.37,2016-2017,LA,70591,Regular School,High,No
220084000585,0.02,0.63,0.89,75816.0,17.6,0.61,2016-2017,LA,70065,Regular School,High,No
220084000592,0.05,0.41,0.37,27250.0,17.5,0.67,2016-2017,LA,70058,Regular School,High,No
220084000597,0.05,0.5,0.62,41912.0,19.1,0.56,2016-2017,LA,70001,Regular School,High,No
220084000598,0.08,0.56,0.66,58958.0,18.1,0.65,2016-2017,LA,70072,Regular School,High,No
220084000620,0.05,0.42,0.68,35024.0,17.4,0.71,2016-2017,LA,70072,Regular School,High,No
220084000625,0.08,0.71,0.88,82877.0,19.3,0.58,2016-2017,LA,70002,Regular School,High,No
220084000642,0.04,0.71,0.3,40096.0,19.2,0.53,2016-2017,LA,70121,Regular School,High,No
220084000654,0.05,0.34,0.56,32054.0,17.0,0.7,2016-2017,LA,70058,Regular School,High,No
220084001964,0.08,0.44,0.42,39619.0,26.2,0.33,2016-2017,LA,70053,Regular School,High,No
220087000660,0.02,0.61,0.72,54891.0,18.9,0.47,2016-2017,LA,70506,Regular School,High,No
220087000668,0.11,0.53,0.43,43171.0,17.9,0.57,2016-2017,LA,70507,Regular School,High,No
220087000669,0.03,0.8,0.27,60376.0,20.0,0.3,2016-2017,LA,70508,Regular School,High,No
220087000678,0.03,0.6,0.51,32142.0,22.5,0.29,2016-2017,LA,70506,Regular School,High,No
220087000686,0.2,0.29,0.37,22540.0,16.6,0.75,2016-2017,LA,70501,Regular School,High,No
220090000699,0.06,0.42,0.4,38114.0,19.2,0.41,2016-2017,LA,70394,Regular School,High,No
220090000721,0.11,0.38,0.78,50189.0,20.2,0.39,2016-2017,LA,70345,Regular School,High,No
220090000725,0.05,0.42,0.42,39051.0,19.3,0.51,2016-2017,LA,70301,Regular School,High,No
220096000732,0.1,0.36,0.52,31546.0,19.0,0.41,2016-2017,LA,71342,Regular School,High,No
220096000734,0.08,0.34,0.68,36903.0,18.3,0.41,2016-2017,LA,71465,Regular School,High,No
220099000742,0.1,0.54,0.57,36700.0,20.7,0.28,2016-2017,LA,71227,Regular School,High,No
220099000752,0.1,0.81,0.73,37993.0,20.5,0.46,2016-2017,LA,71270,Regular School,High,No
220102000755,0.1,0.39,0.57,33712.0,18.5,0.46,2016-2017,LA,70711,Regular School,High,No
220102000758,0.07,0.47,0.52,51571.0,20.6,0.27,2016-2017,LA,70726,Regular School,High,No
220102000762,0.07,0.3,0.61,45089.0,21.6,0.3,2016-2017,LA,70733,Regular School,High,No
220102000767,0.04,0.49,0.81,69586.0,21.4,0.23,2016-2017,LA,70786,Regular School,High,No
220102000773,0.1,0.5,0.56,52742.0,19.6,0.48,2016-2017,LA,70462,Regular School,High,No
220102000774,0.11,0.58,0.62,53924.0,20.2,0.3,2016-2017,LA,70785,Regular School,High,No
220105000780,0.25,0.45,0.31,16757.0,15.0,0.9,2016-2017,LA,71282,Regular School,High,No
220108000787,0.29,0.43,0.28,18478.0,17.8,0.84,2016-2017,LA,71201,Regular School,High,No
220108000799,0.03,0.66,0.48,39311.0,21.6,0.47,2016-2017,LA,71201,Regular School,High,No
220108000803,0.17,0.46,0.17,26077.0,16.9,0.85,2016-2017,LA,71202,Regular School,High,No
220111000805,0.14,0.26,0.14,21316.0,17.6,0.71,2016-2017,LA,71220,Regular School,High,No
220114000101,0.12,0.34,0.66,42426.0,16.4,0.74,2016-2017,LA,71411,Regular School,High,No
220114000834,0.09,0.51,0.15,21856.0,17.9,0.59,2016-2017,LA,71457,Regular School,High,No
220117000880,0.25,0.43,0.31,20906.0,18.8,0.75,2016-2017,LA,70119,Regular School,High,Yes
220117000888,0.1,0.57,0.26,31750.0,28.4,0.22,2016-2017,LA,70122,Regular School,High,Yes
220117000911,0.05,0.53,0.26,34227.0,19.0,0.74,2016-2017,LA,70131,Regular School,High,Yes
220117000939,0.14,0.56,0.3,22123.0,16.3,0.83,2016-2017,LA,70122,Regular School,High,No
220117000945,0.04,0.98,0.96,75179.0,19.1,0.79,2016-2017,LA,70125,Regular School,High,No
220120001001,0.10667942789000617,0.5444233933642146,0.6028296802132348,48082.00678554431,18.8,0.5,2016-2017,LA,71203,Regular School,High,No
220120001013,0.01,0.62,0.59,50793.0,19.7,0.28,2016-2017,LA,71203,Regular School,High,No
220120001017,0.09,0.56,0.39,22939.0,20.9,0.38,2016-2017,LA,71291,Regular School,High,No
220120001525,0.13,0.41,0.09,23229.0,16.2,0.89,2016-2017,LA,71202,Regular School,High,No
220120001939,0.08,0.43,0.8,49779.0,19.9,0.3,2016-2017,LA,71292,Regular School,High,No
220123001022,0.04,0.49,0.7,68802.0,20.6,0.36,2016-2017,LA,70037,Regular School,High,No
220123002028,0.0,0.47,0.62,38125.0,18.9,0.65,2016-2017,LA,70041,Regular School,High,No
220126001029,0.05,0.35,0.7,55469.0,18.0,0.7,2016-2017,LA,70755,Regular School,High,No
220129001040,0.01,0.68,0.58,49688.0,19.6,0.43,2016-2017,LA,71303,Regular School,High,No
220129001042,0.13,0.52,0.4,34786.0,21.6,0.57,2016-2017,LA,71301,Regular School,High,No
220129001067,0.2,0.43,0.14,22899.0,16.9,0.83,2016-2017,LA,71302,Regular School,High,No
220129001069,0.08,0.38,0.28,25174.0,21.3,0.37,2016-2017,LA,71360,Regular School,High,No
220129001073,0.08,0.53,0.65,47717.0,19.1,0.69,2016-2017,LA,71346,Regular School,High,No
220129001084,0.09,0.6,0.65,41149.0,19.1,0.59,2016-2017,LA,71405,Regular School,High,No
220132001090,0.17,0.33,0.22,27365.0,17.6,0.75,2016-2017,LA,71019,Regular School,High,No
220135001095,0.15,0.39,0.53,36165.0,16.0,0.85,2016-2017,LA,71232,Regular School,High,No
220135001100,0.08,0.47,0.62,36820.0,18.1,0.61,2016-2017,LA,71259,Regular School,High,No
220138001112,0.08,0.39,0.25,24347.0,18.1,0.56,2016-2017,LA,71449,Regular School,High,No
220138001118,0.15,0.29,0.39,28000.0,18.8,0.63,2016-2017,LA,71486,Regular School,High,No
220141001125,0.1,0.47,0.43,41157.0,19.4,0.64,2016-2017,LA,70043,Regular School,High,No
220144001139,0.08,0.58,0.59,60444.0,20.0,0.4,2016-2017,LA,70047,Regular School,High,No
220144001141,0.12,0.48,0.43,41990.0,19.9,0.35,2016-2017,LA,70039,Regular School,High,No
220147001154,0.1,0.34,0.43,40000.0,16.0,0.98,2016-2017,LA,70441,Regular School,High,No
220150001163,0.14,0.52,0.64,53417.0,19.6,0.54,2016-2017,LA,70071,Regular School,High,No
220150001167,0.14,0.38,0.46,32303.0,18.1,0.74,2016-2017,LA,70086,Regular School,High,No
220153001488,0.06,0.36,0.55,53892.0,17.8,0.73,2016-2017,LA,70084,Regular School,High,No
220153001500,0.26,0.4,0.29,42568.0,20.0,0.89,2016-2017,LA,70049,Regular School,High,No
220156001181,0.07,0.3,0.44,35886.0,18.6,0.55,2016-2017,LA,70535,Regular School,High,No
220156001204,0.08,0.37,0.37,29508.0,18.9,0.64,2016-2017,LA,70570,Regular School,High,No
220156001210,0.04,0.31,0.62,32448.0,19.2,0.55,2016-2017,LA,70577,Regular School,High,No
220156002005,0.04,0.37,0.48,36938.0,18.8,0.43,2016-2017,LA,70512,Regular School,High,No
220156002006,0.15,0.28,0.27,18131.0,18.3,0.64,2016-2017,LA,70570,Regular School,High,No
220159001219,0.17,0.5,0.3,40481.0,18.5,0.52,2016-2017,LA,70517,Regular School,High,No
220159001223,0.09,0.39,0.6,51966.0,18.3,0.48,2016-2017,LA,70521,Regular School,High,No
220159001229,0.04,0.34,0.74,47902.0,17.4,0.6,2016-2017,LA,70582,Regular School,High,No
220162001236,0.07,0.38,0.72,43798.0,21.0,0.35,2016-2017,LA,70342,Regular School,High,No
220162001242,0.2,0.41,0.4,42931.0,17.0,0.73,2016-2017,LA,70538,Regular School,High,No
220162001251,0.08,0.45,0.54,52242.0,19.8,0.54,2016-2017,LA,70380,Regular School,High,No
220162001253,0.22,0.36,0.3,30217.0,17.5,0.75,2016-2017,LA,70514,Regular School,High,No
220162001254,0.08,0.42,0.47,36857.0,17.3,0.56,2016-2017,LA,70392,Regular School,High,No
220165000412,0.03,0.6,0.69,67391.0,22.6,0.22,2016-2017,LA,70471,Regular School,High,No
220165001274,0.09,0.42,0.25,30254.0,19.7,0.42,2016-2017,LA,70433,Regular School,High,No
220165001285,0.08,0.68,0.64,62074.0,23.3,0.15,2016-2017,LA,70471,Regular School,High,No
220165001287,0.1,0.62,0.8,52120.0,19.6,0.56,2016-2017,LA,70452,Regular School,High,No
220165001292,0.09,0.51,0.47,42841.0,19.1,0.56,2016-2017,LA,70458,Regular School,High,No
220165001294,0.12,0.68,0.83,52663.0,20.7,0.41,2016-2017,LA,70458,Regular School,High,No
220165001650,0.03,0.61,0.7,58715.0,22.2,0.2,2016-2017,LA,70461,Regular School,High,No
220165002255,0.09,0.64,0.71,66788.0,22.1,0.26,2016-2017,LA,70488,Regular School,High,No
220168001298,0.26,0.4,0.32,26992.0,15.9,0.85,2016-2017,LA,70422,Regular School,High,No
220168001304,0.1,0.52,0.5,45563.0,18.4,0.65,2016-2017,LA,70401,Regular School,High,No
220168001307,0.16,0.43,0.56,41821.0,15.7,0.82,2016-2017,LA,70443,Regular School,High,No
220168001310,0.25,0.36,0.19,22373.0,15.8,0.93,2016-2017,LA,70444,Regular School,High,No
220168001312,0.07,0.41,0.88,47489.0,19.1,0.46,2016-2017,LA,70446,Regular School,High,No
220168001319,0.09,0.55,0.46,42052.0,19.9,0.45,2016-2017,LA,70454,Regular School,High,No
220168001840,0.25,0.36,0.19,22373.0,19.3,0.68,2016-2017,LA,70444,Regular School,High,No
220171001328,0.12,0.36,0.19,22391.0,16.2,0.87,2016-2017,LA,71366,Regular School,High,No
220174001338,0.07,0.38,0.57,34828.0,19.2,0.49,2016-2017,LA,70359,Regular School,High,No
220174001346,0.07,0.37,0.39,42255.0,17.9,0.67,2016-2017,LA,70363,Regular School,High,No
220174001367,0.01,0.37,0.56,56319.0,19.3,0.47,2016-2017,LA,70343,Regular School,High,No
220174001368,0.03,0.48,0.66,54571.0,19.8,0.42,2016-2017,LA,70360,Regular School,High,No
220177001376,0.06,0.49,0.14,21607.0,17.6,0.59,2016-2017,LA,71241,Regular School,High,No
220180001385,0.17,0.27,0.42,22294.0,17.5,0.68,2016-2017,LA,70510,Regular School,High,No
220180001390,0.08,0.34,0.61,46581.0,21.5,0.25,2016-2017,LA,70533,Regular School,High,No
220180001398,0.1,0.27,0.25,32615.0,19.4,0.41,2016-2017,LA,70548,Regular School,High,No
220180001661,0.07,0.45,0.61,63494.0,20.9,0.31,2016-2017,LA,70555,Regular School,High,No
220183001405,0.07,0.51,0.59,43917.0,22.7,0.33,2016-2017,LA,71403,Regular School,High,No
220183001410,0.1,0.55,0.44,39338.0,19.8,0.37,2016-2017,LA,71446,Regular School,High,No
220183001415,0.05,0.51,0.71,49252.0,21.1,0.32,2016-2017,LA,70659,Regular School,High,No
220183001664,0.11,0.77,0.87,38585.0,19.2,0.38,2016-2017,LA,71446,Regular School,High,No
220186001424,0.15,0.36,0.46,26138.0,19.5,0.65,2016-2017,LA,70438,Regular School,High,No
220189001444,0.13,0.41,0.37,33629.0,17.6,0.51,2016-2017,LA,71055,Regular School,High,No
220189001450,0.1,0.4,0.63,41193.0,19.0,0.43,2016-2017,LA,71073,Regular School,High,No
220189001451,0.18,0.39,0.33,28365.0,18.3,0.56,2016-2017,LA,71075,Regular School,High,No
220192001457,0.03,0.65,0.81,79241.0,20.6,0.39,2016-2017,LA,70719,Regular School,High,No
220192001464,0.09,0.36,0.62,41439.0,17.6,0.71,2016-2017,LA,70767,Regular School,High,No
220198001476,0.13,0.6,0.62,61424.0,20.5,0.4,2016-2017,LA,70775,Regular School,High,No
220201001487,0.07,0.45,0.58,25500.0,18.2,0.62,2016-2017,LA,71483,Regular School,High,No
250000101558,0.09,0.58,0.63,66250.0,22.72,0.17,2016-2017,MA,1005,Regular School,High,No
250000201790,0.13,0.56,0.62,43500.0,21.3,0.34,2016-2017,MA,1562,Regular School,High,No
250001301782,0.06,0.63,0.79,77200.0,21.94,0.16,2016-2017,MA,1077,Regular School,High,No
250002600530,0.18,0.57,0.16,27787.0,18.15,0.74,2016-2017,MA,2119,Regular School,High,Yes
250003800581,0.11,0.67,0.62,67110.0,25.77,0.03,2016-2017,MA,1434,Regular School,High,Yes
250004400816,0.07,0.72,0.78,53111.0,24.82,0.11,2016-2017,MA,1075,Regular School,High,Yes
250004901245,0.11,0.51,0.4,22332.0,15.42,0.8,2016-2017,MA,2119,Regular School,High,Yes
250005401258,0.18,0.66,0.54,13488.0,17.78,0.74,2016-2017,MA,2115,Regular School,High,Yes
250005801272,0.12,0.48,0.44,34355.0,24.4,0.04,2016-2017,MA,2601,Regular School,High,Yes
250006701109,0.09,0.85,0.75,89313.0,25.57,0.04,2016-2017,MA,1944,Regular School,High,No
250007301750,0.16,0.33,0.34,15820.0,21.08,0.37,2016-2017,MA,1420,Regular School,High,Yes
250007602086,0.15,0.51,0.36,34486.0,23.82,0.16,2016-2017,MA,1301,Regular School,High,Yes
250009002112,0.08,0.45,0.56,50829.0,16.05,0.8,2016-2017,MA,2150,Regular School,High,Yes
250054102728,0.07,0.62,0.77,80536.0,22.64,0.1,2016-2017,MA,2726,Regular School,High,No
250054202738,0.11,0.67,0.62,67110.0,22.16,0.33,2016-2017,MA,1432,Regular School,High,No
250165000001,0.09,0.7,0.82,63003.0,21.03,0.16,2016-2017,MA,2351,Regular School,High,No
250171000012,0.04,0.93,0.88,130134.0,27.31,0.04,2016-2017,MA,1720,Regular School,High,No
250180000024,0.07,0.53,0.62,46442.0,21.54,0.23,2016-2017,MA,1001,Regular School,High,No
250186000034,0.08,0.75,0.77,77321.0,23.52,0.17,2016-2017,MA,1913,Regular School,High,No
250192000042,0.12,0.88,0.7075194924650211,79107.0,25.48,0.24,2016-2017,MA,1002,Regular School,High,No
250195000045,0.08,0.85,0.82,90739.0,25.13,0.05,2016-2017,MA,1810,Regular School,High,No
250198000053,0.08,0.9,0.88,89315.0,25.28,0.1,2016-2017,MA,2476,Regular School,High,No
250204000069,0.07,0.7,0.97,85662.0,22.13,0.17,2016-2017,MA,1430,Regular School,High,No
250210000070,0.06,0.84,0.88,113818.0,24.47,0.11,2016-2017,MA,1721,Regular School,High,No
250216000074,0.11,0.58,0.83,65224.0,20.45,0.45,2016-2017,MA,1331,Regular School,High,No
250219000084,0.13,0.48,0.56,56402.0,20.89,0.32,2016-2017,MA,2703,Regular School,High,No
250222000100,0.06,0.66,0.88,73550.0,21.74,0.15,2016-2017,MA,1501,Regular School,High,No
250225001295,0.13,0.61,0.72,78750.0,19.93,0.24,2016-2017,MA,2322,Regular School,High,No
250231000116,0.07,0.62,0.74,64750.0,22.01,0.27,2016-2017,MA,2601,Regular School,High,No
250240000128,0.08,0.88,0.85,129500.0,25.01,0.09,2016-2017,MA,1730,Regular School,High,No
250243000134,0.06,0.77,0.88,97823.0,22.64,0.12,2016-2017,MA,1007,Regular School,High,No
250246000139,0.06,0.56,0.83,88198.0,21.13,0.2,2016-2017,MA,2019,Regular School,High,No
250249000143,0.05,0.94,0.86,162786.0,26.33,0.07,2016-2017,MA,2478,Regular School,High,No
250253000154,0.06,0.62,0.64,52026.0,23.11,0.13,2016-2017,MA,1230,Regular School,High,No
250264000164,0.09,0.67,0.47,55242.0,22.11,0.16,2016-2017,MA,1915,Regular School,High,No
250267000177,0.09,0.64,0.96,96150.0,22.18,0.09,2016-2017,MA,1821,Regular School,High,No
250271500192,0.08,0.65,0.73,72389.0,22.13,0.22,2016-2017,MA,1504,Regular School,High,No
250279000203,0.12,0.84,0.13,33359.0,28.48,0.28,2016-2017,MA,2115,Regular School,High,No
250279000204,0.2,0.47,0.13,26276.0,23.52,0.53,2016-2017,MA,2121,Regular School,High,No
250279000205,0.23,0.52,0.22,16832.0,21.86,0.71,2016-2017,MA,2120,Regular School,High,No
250279000208,0.07,0.81,0.72,53796.0,16.05,0.85,2016-2017,MA,2135,Regular School,High,No
250279000215,0.04,0.86,0.74,116830.0,16.22,0.85,2016-2017,MA,2129,Regular School,High,No
250279000217,0.03,0.96,1.0,111923.0,16.03,0.07611360645334131,2016-2017,MA,2116,Regular School,High,No
250279000226,0.1,0.3,0.56,52448.0,16.98,0.73,2016-2017,MA,2128,Regular School,High,No
250279000261,0.24,0.33,0.36,23067.0,14.15,0.77,2016-2017,MA,2121,Regular School,High,No
250279000327,0.1,0.75,0.41,54513.0,14.27,0.85,2016-2017,MA,2130,Regular School,High,No
250279000837,0.05,0.77,0.62,76375.0,14.95,0.9,2016-2017,MA,2130,Regular School,High,No
250279001692,0.07,0.56,0.39,50703.0,17.1,0.83,2016-2017,MA,2136,Regular School,High,No
250279001898,0.04,0.86,0.85,80923.0,16.49,0.77,2016-2017,MA,2132,Regular School,High,No
250279001902,0.14,0.33,0.37,47571.0,13.78,0.82,2016-2017,MA,2122,Regular School,High,No
250279002015,0.16,0.62,0.36,48320.0,13.85,0.77,2016-2017,MA,2124,Regular School,High,No
250279002016,0.08,0.83,0.67,95085.0,15.27,0.83,2016-2017,MA,2127,Regular School,High,No
250279002674,0.02,0.83,0.66,65446.0,18.49,0.68,2016-2017,MA,2135,Regular School,High,No
250279002676,0.14,0.46,0.33,52485.0,16.64,0.78,2016-2017,MA,2125,Regular School,High,No
250279002729,0.04,0.86,0.85,80923.0,15.17,0.81,2016-2017,MA,2132,Regular School,High,No
250282000348,0.06,0.8,0.66,79226.0,21.03,0.19,2016-2017,MA,2532,Regular School,High,No
250294000361,0.06,0.69,0.64,93284.0,23.01,0.16,2016-2017,MA,2184,Regular School,High,No
250303000380,0.11,0.6,1.0,42981.0,22.16,0.15,2016-2017,MA,2324,Regular School,High,No
250309000385,0.09,0.6,0.66,74396.0,18.1,0.72,2016-2017,MA,2301,Regular School,High,No
250309002652,0.47,0.31,0.21,12490.0,15.61,0.65,2016-2017,MA,2301,Regular School,High,No
250315000415,0.06,0.98,0.83,137688.0,26.36,0.12,2016-2017,MA,2445,Regular School,High,No
250324000426,0.06,0.81,0.71,99926.0,23.38,0.1,2016-2017,MA,1803,Regular School,High,No
250327000436,0.08,0.93,0.63,51955.0,23.21,0.4,2016-2017,MA,2138,Regular School,High,No
250330000451,0.08,0.87,0.69,70698.0,22.96,0.13,2016-2017,MA,2021,Regular School,High,No
250339000467,0.11,0.67,0.77,47500.0,22.45,0.21,2016-2017,MA,1226,Regular School,High,No
250351000475,0.07,0.68,0.86,77120.0,23.33,0.07,2016-2017,MA,1863,Regular School,High,No
250354000482,0.13,0.19,0.5,38429.0,18.35,0.64,2016-2017,MA,2150,Regular School,High,No
250366000495,0.09,0.41,0.7,58552.0,20.37,0.42,2016-2017,MA,1020,Regular School,High,No
250366000496,0.11,0.63,0.41,40202.0,20.84,0.49,2016-2017,MA,1020,Regular School,High,No
250375000513,0.07,0.69,0.81,75546.0,20.42,0.39,2016-2017,MA,1510,Regular School,High,No
250387000527,0.04,0.91,0.91,130060.0,25.65,0.03,2016-2017,MA,1742,Regular School,High,No
250399000529,0.12,0.79,0.88,93984.0,22.55,0.14,2016-2017,MA,1923,Regular School,High,No
250402000540,0.06,0.63,0.77,77917.0,22.08,0.14,2016-2017,MA,2748,Regular School,High,No
250405000548,0.05,0.86,0.87,89853.0,21.3,0.28,2016-2017,MA,2026,Regular School,High,No
250414000558,0.07,0.73,0.84,54077.0,20.54,0.28,2016-2017,MA,2664,Regular School,High,No
250420000568,0.09,0.69,0.81,85326.0,22.01,0.11,2016-2017,MA,2764,Regular School,High,No
250423000570,0.08,0.7,0.68,84616.0,21.3,0.15,2016-2017,MA,1516,Regular School,High,No
250429000574,0.04,0.89,0.93,130870.0,27.28,0.03,2016-2017,MA,2030,Regular School,High,No
250432000579,0.07,0.52,0.66,73022.0,21.81,0.15,2016-2017,MA,1826,Regular School,High,No
250436000591,0.08,0.69,0.62,71735.0,22.11,0.15,2016-2017,MA,1571,Regular School,High,No
250441000594,0.07,0.91,0.97,120750.0,24.38,0.05,2016-2017,MA,2332,Regular School,High,No
250444000597,0.11,0.6,1.0,42981.0,22.01,0.12,2016-2017,MA,2333,Regular School,High,No
250450000603,0.07,0.68,0.67,75299.0,22.77,0.13,2016-2017,MA,1028,Regular School,High,No
250456000610,0.13,0.64,0.61,56490.0,23.06,0.13,2016-2017,MA,2651,Regular School,High,No
250459000612,0.1,0.69,0.79,49081.0,22.08,0.25,2016-2017,MA,1027,Regular School,High,No
250462000623,0.07,0.84,0.85,79722.0,23.06,0.09,2016-2017,MA,2356,Regular School,High,No
250477000634,0.12,0.37,0.43,49353.0,17.83,0.67,2016-2017,MA,2149,Regular School,High,No
250480000642,0.06,0.64,0.82,60153.0,22.47,0.24,2016-2017,MA,2719,Regular School,High,No
250483000649,0.11,0.58,0.42,41958.0,19.3,0.62,2016-2017,MA,2720,Regular School,High,No
250486000686,0.08,0.67,0.81,70130.0,22.28,0.25,2016-2017,MA,2540,Regular School,High,No
250489000697,0.14,0.65,0.81,83582.0,17.0,0.7,2016-2017,MA,1420,Regular School,High,No
250495000708,0.05,0.74,0.82,85523.0,22.81,0.13,2016-2017,MA,2035,Regular School,High,No
250498002573,0.05,0.65,0.86,74741.0,23.16,0.22,2016-2017,MA,1701,Regular School,High,No
250501000737,0.1,0.82,0.81,90606.0,23.82,0.08,2016-2017,MA,2038,Regular School,High,No
250507000746,0.04,0.72,0.97,109063.0,22.47,0.1,2016-2017,MA,2347,Regular School,High,No
250510000749,0.04,0.8,0.84,59778.0,23.01,0.18,2016-2017,MA,1373,Regular School,High,No
250513000751,0.1,0.47,0.63,54643.0,21.01,0.43,2016-2017,MA,1440,Regular School,High,No
250516000758,0.04,0.6,0.79,52275.0,21.91,0.22,2016-2017,MA,1050,Regular School,High,No
250522000764,0.05,0.84,0.95,100260.0,23.13,0.06,2016-2017,MA,1833,Regular School,High,No
250527000768,0.16,0.54,0.51,39080.0,20.79,0.41,2016-2017,MA,1351,Regular School,High,No
250528000774,0.07,0.73,0.74,44360.0,21.35,0.31,2016-2017,MA,1930,Regular School,High,No
250537000786,0.05,0.85,0.87,105391.0,23.3,0.1,2016-2017,MA,1519,Regular School,High,No
250540000790,0.04,0.64,0.7,78261.0,22.69,0.22,2016-2017,MA,1033,Regular School,High,No
250549000801,0.07,0.59,0.77,53171.0,22.89,0.49,2016-2017,MA,1301,Regular School,High,No
250550000807,0.06,0.87,0.86,118005.0,24.38,0.02,2016-2017,MA,1450,Regular School,High,No
250558000813,0.03,0.81,0.77,74737.0,22.16,0.15,2016-2017,MA,1035,Regular School,High,No
250567000820,0.05,0.92,0.93,119688.0,24.87,0.03,2016-2017,MA,1982,Regular School,High,No
250573000824,0.06,0.82,0.76,116250.0,22.4,0.11,2016-2017,MA,1095,Regular School,High,No
250574000825,0.07,0.68,0.92,79583.0,23.38,0.1,2016-2017,MA,1027,Regular School,High,No
250579000829,0.08,0.72,0.81,110121.0,22.2,0.05,2016-2017,MA,2339,Regular School,High,No
250594000845,0.02,0.69,0.6,60033.0,22.01,0.12,2016-2017,MA,1038,Regular School,High,No
250597000856,0.09,0.61,0.5,56544.0,21.3,0.48,2016-2017,MA,1832,Regular School,High,No
250609000872,0.05,0.88,0.87,124444.0,25.11,0.04,2016-2017,MA,2043,Regular School,High,No
250615000878,0.05,0.65,0.86,79041.0,19.0,0.43,2016-2017,MA,2343,Regular School,High,No
250624000894,0.06,0.85,0.85,95357.0,24.35,0.04,2016-2017,MA,1746,Regular School,High,No
250627000900,0.18,0.59,0.42,27473.0,20.27,0.66,2016-2017,MA,1040,Regular School,High,No
250630000915,0.05,0.74,0.92,99886.0,23.11,0.11,2016-2017,MA,1747,Regular School,High,No
250633000920,0.03,0.88,0.9,131643.0,24.65,0.03,2016-2017,MA,1748,Regular School,High,No
250639000926,0.06,0.72,0.8,72529.0,22.59,0.18,2016-2017,MA,1749,Regular School,High,No
250642000930,0.59,0.35,0.009828205058438844,1556.0327135493935,21.15,0.32,2016-2017,MA,2045,Regular School,High,No
250648000935,0.11,0.74,0.75,59571.0,23.55,0.08,2016-2017,MA,1938,Regular School,High,No
250651000940,0.09,0.77,0.91,87037.0,23.5,0.05,2016-2017,MA,2093,Regular School,High,No
250669000970,0.07,0.73,0.7,59019.0,20.35,0.28,2016-2017,MA,1238,Regular School,High,No
250672000972,0.09,0.63,0.8,75521.0,21.81,0.22,2016-2017,MA,1524,Regular School,High,No
250678000987,0.12,0.54,0.56,48807.0,21.25,0.33,2016-2017,MA,1453,Regular School,High,No
250684001001,0.05,0.91,0.86,121336.0,28.24,0.06,2016-2017,MA,2421,Regular School,High,No
250693001011,0.06,0.95,0.95,177107.0,26.53,0.04,2016-2017,MA,1776,Regular School,High,No
250696001012,0.05,0.86,0.86,116290.0,24.33,0.07,2016-2017,MA,1460,Regular School,High,No
250699001020,0.08,0.94,0.91,100729.0,24.79,0.05,2016-2017,MA,1106,Regular School,High,No
250702001041,0.14,0.68,0.29,34431.0,19.96,0.6,2016-2017,MA,1852,Regular School,High,No
250705001056,0.1,0.64,0.74,65962.0,21.15,0.19,2016-2017,MA,1056,Regular School,High,No
250708001058,0.07,0.65,0.58,58625.0,23.62,0.13,2016-2017,MA,1462,Regular School,High,No
250711001067,0.13,0.55,0.3,36830.0,18.59,0.7,2016-2017,MA,1905,Regular School,High,No
250711001080,0.13,0.36,0.43,53462.0,18.88,0.72,2016-2017,MA,1902,Regular School,High,No
250714001090,0.06,0.84,0.97,121127.0,23.77,0.08,2016-2017,MA,1940,Regular School,High,No
250717001106,0.11,0.73,0.61,42675.0,20.15,0.49,2016-2017,MA,2148,Regular School,High,No
250723001114,0.08,0.71,0.6,72042.0,23.6,0.1,2016-2017,MA,2048,Regular School,High,No
250726001124,0.06,0.91,0.78,81520.0,24.69,0.08,2016-2017,MA,1945,Regular School,High,No
250732001133,0.09,0.66,0.91,66319.0,21.84,0.35,2016-2017,MA,1752,Regular School,High,No
250735001142,0.04,0.78,0.76,82326.0,22.42,0.12,2016-2017,MA,2050,Regular School,High,No
250738001145,0.02,0.78,0.78,80225.0,23.23,0.09,2016-2017,MA,2557,Regular School,High,No
250741001146,0.04,0.86,0.82,121157.0,24.4,0.02,2016-2017,MA,1921,Regular School,High,No
250744000886,0.1,0.6,0.6,58750.0,21.45,0.24,2016-2017,MA,2649,Regular School,High,No
250750001153,0.09,0.78,0.81,79688.0,22.16,0.13,2016-2017,MA,1754,Regular School,High,No
250753001157,0.06,0.88,0.9,147440.0,24.77,0.02,2016-2017,MA,2052,Regular School,High,No
250756001176,0.07,0.78,0.94,99196.0,21.57,0.23,2016-2017,MA,2155,Regular School,High,No
250759001184,0.07,0.88,0.83,112281.0,23.89,0.04,2016-2017,MA,2053,Regular School,High,No
250762001193,0.04,0.84,0.85,80478.0,22.45,0.15,2016-2017,MA,2176,Regular School,High,No
250768001202,0.08,0.8,0.85,111979.0,23.47,0.09,2016-2017,MA,1568,Regular School,High,No
250774001213,0.07,0.61,0.79,63704.0,20.13,0.35,2016-2017,MA,1844,Regular School,High,No
250777001227,0.12,0.51,0.62,60076.0,21.11,0.23,2016-2017,MA,2346,Regular School,High,No
250786001239,0.09,0.63,0.74,56477.0,21.11,0.24,2016-2017,MA,1757,Regular School,High,No
250789001249,0.13,0.62,0.58,50732.0,21.57,0.23,2016-2017,MA,1527,Regular School,High,No
250792001255,0.07,0.76,0.86,96773.0,22.25,0.16,2016-2017,MA,2054,Regular School,High,No
250798001262,0.05,0.84,0.62,105236.0,22.94,0.13,2016-2017,MA,2186,Regular School,High,No
250799001265,0.07,0.71,0.69,53641.0,22.86,0.28,2016-2017,MA,1370,Regular School,High,No
250804001269,0.09,0.58,0.66,64783.0,20.64,0.13,2016-2017,MA,1057,Regular School,High,No
250816001273,0.07,0.85,0.89,85156.0,24.33,0.14,2016-2017,MA,1267,Regular School,High,No
250825001282,0.0,0.75,0.42,96477.0,21.59,0.1,2016-2017,MA,2554,Regular School,High,No
250828001285,0.08,0.55,0.82,68929.0,21.08,0.21,2016-2017,MA,1436,Regular School,High,No
250831001289,0.05,0.84,0.87,144461.0,24.65,0.06,2016-2017,MA,1740,Regular School,High,No
250834001303,0.06,0.82,0.83,73750.0,23.79,0.08,2016-2017,MA,1760,Regular School,High,No
250837001315,0.02,0.96,0.91,125034.0,25.72,0.05,2016-2017,MA,2494,Regular School,High,No
250843001336,0.11,0.54,0.4,57632.0,18.27,0.65,2016-2017,MA,2740,Regular School,High,No
250858001354,0.06,0.9,0.85,56786.0,23.86,0.07,2016-2017,MA,1950,Regular School,High,No
250861001374,0.06,0.96,0.79,89267.0,26.01,0.13,2016-2017,MA,2460,Regular School,High,No
250861001375,0.06,0.97,0.87,175370.0,26.89,0.09,2016-2017,MA,2459,Regular School,High,No
250867001387,0.21,0.49,0.52,40690.0,19.81,0.53,2016-2017,MA,1247,Regular School,High,No
250870001397,0.02,0.89,0.93,144762.0,23.38,0.11,2016-2017,MA,1845,Regular School,High,No
250873001405,0.14,0.67,0.58,54133.0,23.03,0.12,2016-2017,MA,2760,Regular School,High,No
250876001411,0.06,0.56,0.7,58438.0,22.01,0.24,2016-2017,MA,1535,Regular School,High,No
250879001415,0.08,0.74,0.82,85240.0,22.37,0.13,2016-2017,MA,1469,Regular School,High,No
250882001422,0.04,0.81,0.92,138458.0,23.5,0.05,2016-2017,MA,1864,Regular School,High,No
250885001432,0.08,0.91,0.67,70547.0,25.21,0.19,2016-2017,MA,1060,Regular School,High,No
250891001441,0.04,0.82,0.85,98977.0,24.45,0.05,2016-2017,MA,1532,Regular School,High,No
250894001445,0.05,0.66,0.63,66667.0,21.79,0.23,2016-2017,MA,1588,Regular School,High,No
250900001451,0.09,0.77,0.85,90703.0,22.79,0.12,2016-2017,MA,2766,Regular School,High,No
250903001455,0.07,0.78,0.89,101776.0,24.18,0.04,2016-2017,MA,2061,Regular School,High,No
250906001466,0.04,0.78,0.69,99688.0,21.18,0.27,2016-2017,MA,2062,Regular School,High,No
250915001472,0.06,0.73,0.83,78216.0,22.59,0.11,2016-2017,MA,2739,Regular School,High,No
250927001482,0.09,0.64,0.8,70104.0,20.91,0.28,2016-2017,MA,1540,Regular School,High,No
250930001485,0.12,0.64,0.56,52763.0,21.59,0.28,2016-2017,MA,1069,Regular School,High,No
250936001504,0.08,0.71,0.85,54012.0,21.94,0.26,2016-2017,MA,1960,Regular School,High,No
250942001824,0.07,0.73,0.81,92159.0,22.64,0.09,2016-2017,MA,2359,Regular School,High,No
250945001513,0.07,0.77,0.85,92898.0,23.03,0.08,2016-2017,MA,1985,Regular School,High,No
250960001515,0.05,0.72,0.85,60721.0,21.69,0.19,2016-2017,MA,1360,Regular School,High,No
250963001526,0.21,0.41,0.4,18892.0,20.76,0.36,2016-2017,MA,1201,Regular School,High,No
250963001534,0.13,0.53,0.38,23603.0,21.08,0.38,2016-2017,MA,1201,Regular School,High,No
250972000320,0.08,0.62,0.59,53891.0,20.81,0.28,2016-2017,MA,2360,Regular School,High,No
250972000325,0.06,0.55,0.74,80208.0,19.98,0.24,2016-2017,MA,2360,Regular School,High,No
250987001577,0.05,0.58,0.82,65375.0,21.64,0.43,2016-2017,MA,2171,Regular School,High,No
250987001579,0.18,0.69,0.9,51732.0,21.15,0.42,2016-2017,MA,2169,Regular School,High,No
250990001587,0.15,0.55,0.7,41133.0,21.67,0.42,2016-2017,MA,1364,Regular School,High,No
250993001596,0.2,0.66,0.87,57151.0,19.2,0.46,2016-2017,MA,2368,Regular School,High,No
250999001611,0.03,0.8,0.9,102692.0,24.18,0.04,2016-2017,MA,1867,Regular School,High,No
251005001630,0.11,0.46,0.67,56136.0,18.52,0.59,2016-2017,MA,2151,Regular School,High,No
251017001643,0.06,0.5,0.82,67012.0,21.13,0.3,2016-2017,MA,2370,Regular School,High,No
251020002597,0.06,0.76,0.81,75270.0,23.11,0.14,2016-2017,MA,1966,Regular School,High,No
251038001664,0.08,0.62,0.47,63333.0,20.32,0.54,2016-2017,MA,1970,Regular School,High,No
251047001673,0.1,0.82,0.83,92533.0,21.98,0.1,2016-2017,MA,2537,Regular School,High,No
251050001684,0.1,0.63,0.55,71231.0,21.47,0.23,2016-2017,MA,1906,Regular School,High,No
251056001693,0.08,0.8,0.9,121719.0,23.74,0.07,2016-2017,MA,2066,Regular School,High,No
251059001699,0.06,0.78,0.82,61852.0,22.69,0.14,2016-2017,MA,2771,Regular School,High,No
251062001705,0.02,0.92,0.85,100528.0,25.89,0.06,2016-2017,MA,2067,Regular School,High,No
251077001717,0.04,0.89,0.89,121005.0,24.52,0.11,2016-2017,MA,1545,Regular School,High,No
251083001722,0.07,0.73,0.81,92159.0,22.67,0.13,2016-2017,MA,2364,Regular School,High,No
251089001745,0.09,0.75,0.84,57978.0,20.13,0.58,2016-2017,MA,2143,Regular School,High,No
251092001754,0.07,0.72,0.78,53111.0,22.35,0.23,2016-2017,MA,1075,Regular School,High,No
251104001774,0.05,0.59,0.8,50530.0,22.55,0.3234438618801839,2016-2017,MA,1257,Regular School,High,No
251113000901,0.04,0.44,0.78,56303.0,13.95,0.77,2016-2017,MA,1109,Regular School,High,No
251113001806,0.27,0.34,0.08,14186.0,14.1,0.76,2016-2017,MA,1105,Regular School,High,No
251113002444,0.23,0.4,0.3,25313.0,17.52,0.68,2016-2017,MA,1109,Regular School,High,No
251122002295,0.07,0.77,0.79,94398.0,21.91,0.14,2016-2017,MA,2180,Regular School,High,No
251125001864,0.18,0.59,0.51,41971.0,21.62,0.27,2016-2017,MA,2072,Regular School,High,No
251140001414,0.05,0.79,0.88,126250.0,22.81,0.07,2016-2017,MA,1590,Regular School,High,No
251143001887,0.08,0.94,0.84,107353.0,23.08,0.14,2016-2017,MA,1907,Regular School,High,No
251146001893,0.08,0.65,0.96,74826.0,21.94,0.21,2016-2017,MA,2777,Regular School,High,No
251149001900,0.06,0.61,0.76,63889.0,23.57,0.14,2016-2017,MA,1518,Regular School,High,No
251152001915,0.09,0.47,0.52,42487.0,21.5,0.37,2016-2017,MA,2780,Regular School,High,No
251158001926,0.06,0.68,0.74,87480.0,22.13,0.12,2016-2017,MA,1876,Regular School,High,No
251174001932,0.06,0.71,0.8,85994.0,22.67,0.16,2016-2017,MA,1922,Regular School,High,No
251176001934,0.09,0.68,0.77,85905.0,22.59,0.07,2016-2017,MA,1879,Regular School,High,No
251185001938,0.1,0.69,0.81,89423.0,21.06,0.16,2016-2017,MA,1569,Regular School,High,No
251188001940,0.05,0.81,0.89,93056.0,23.16,0.09,2016-2017,MA,1520,Regular School,High,No
251191001951,0.07,0.77,0.86,73643.0,22.84,0.08,2016-2017,MA,1880,Regular School,High,No
251197001964,0.06,0.78,0.87,93040.0,22.62,0.13,2016-2017,MA,2081,Regular School,High,No
251200001979,0.08,0.71,0.76,82798.0,20.71,0.32,2016-2017,MA,2452,Regular School,High,No
251203001983,0.12,0.54,0.48,36031.0,21.47,0.45,2016-2017,MA,1082,Regular School,High,No
251206001991,0.1,0.63,0.58,71205.0,20.57,0.38,2016-2017,MA,2571,Regular School,High,No
251210001994,0.08,0.56,0.57,42538.0,22.28,0.37,2016-2017,MA,1083,Regular School,High,No
251218002005,0.03,0.82,0.91,87423.0,22.2,0.27,2016-2017,MA,2472,Regular School,High,No
251221002010,0.05,0.96,0.89,155885.0,26.21,0.06,2016-2017,MA,1778,Regular School,High,No
251224002012,0.11,0.44,0.45,33814.0,19.98,0.47,2016-2017,MA,1570,Regular School,High,No
251227002030,0.05,0.96,0.93,175625.0,26.6,0.04,2016-2017,MA,2481,Regular School,High,No
251242002039,0.1,0.56,0.69,71844.0,21.64,0.14,2016-2017,MA,2379,Regular School,High,No
251251002052,0.09,0.67,0.68,76338.0,21.25,0.44,2016-2017,MA,1089,Regular School,High,No
251260002059,0.03,0.77,0.72,77647.0,24.91,0.07,2016-2017,MA,1581,Regular School,High,No
251263002073,0.1,0.64,0.73,68661.0,21.91,0.23,2016-2017,MA,1085,Regular School,High,No
251266002081,0.04,0.96,0.94,148770.0,25.82,0.03,2016-2017,MA,1886,Regular School,High,No
251275002087,0.03,0.92,0.88,226181.0,26.87,0.03,2016-2017,MA,2493,Regular School,High,No
251281002100,0.04,0.93,0.83,123974.0,24.87,0.04,2016-2017,MA,2090,Regular School,High,No
251284002123,0.07,0.66,0.74,76875.0,21.18,0.25,2016-2017,MA,2190,Regular School,High,No
251293002135,0.05,0.62,0.87,84436.0,21.5,0.18,2016-2017,MA,2382,Regular School,High,No
251305002158,0.07,0.69,0.76,91970.0,22.62,0.06,2016-2017,MA,1887,Regular School,High,No
251308002786,0.05,0.59,0.75,57620.0,21.62,0.34,2016-2017,MA,1475,Regular School,High,No
251311002174,0.07,0.83,0.84,89595.0,26.28,0.06,2016-2017,MA,1890,Regular School,High,No
251317002180,0.05,0.67,0.76,82361.0,20.49,0.21,2016-2017,MA,2152,Regular School,High,No
251320002193,0.1,0.55,0.72,56250.0,21.3,0.21,2016-2017,MA,1801,Regular School,High,No
251323001076,0.19,0.36,0.35,21141.0,19.25,0.71,2016-2017,MA,1603,Regular School,High,No
251323002200,0.08,0.58,0.62,30469.0,19.35,0.61,2016-2017,MA,1606,Regular School,High,No
251323002209,0.04,0.83,0.9,80139.0,20.3,0.53,2016-2017,MA,1602,Regular School,High,No
251323002239,0.13,0.61,0.42,45458.0,16.03,0.78,2016-2017,MA,1604,Regular School,High,No
251323002244,0.11,0.52,0.6,63380.0,18.44,0.78,2016-2017,MA,1603,Regular School,High,No
260000503830,0.36,0.5,0.22,19297.0,16.5,0.53,2016-2017,MI,49017,Regular School,High,No
260000603854,0.15,0.6,0.56,31611.0,20.6,0.32,2016-2017,MI,49911,Regular School,High,No
260000703856,0.11,0.45,0.68,38915.0,20.8,0.31,2016-2017,MI,48441,Regular School,High,No
260001203862,0.15,0.54,0.63,47979.0,19.7,0.3,2016-2017,MI,49781,Regular School,High,No
260001303869,0.03,0.78,0.68,38649.0,21.9,0.18,2016-2017,MI,49855,Regular School,High,No
260001503890,0.06,0.59,0.81,40833.0,18.3,0.46,2016-2017,MI,48185,Regular School,High,No
260001503903,0.22,0.6,0.09,32083.0,18.2,0.57,2016-2017,MI,48184,Regular School,High,No
260001603912,0.07,0.67,0.91,76821.0,19.8,0.56,2016-2017,MI,48127,Regular School,High,No
260001703918,0.13,0.49,0.32,31862.0,19.7,0.32,2016-2017,MI,48413,Regular School,High,No
260013901488,0.22,0.15,0.6,30195.0,17.1,0.95,2016-2017,MI,48209,Regular School,High,Yes
260014501652,0.12,0.57,0.88,32175.0,18.4,0.5,2016-2017,MI,48838,Regular School,High,Yes
260015600970,0.29,0.19,0.31,20966.0,14.6,0.66,2016-2017,MI,48342,Regular School,High,Yes
260016401005,0.06,0.71,0.41,31392.0,23.8,0.11,2016-2017,MI,48105,Regular School,High,Yes
260016807800,0.33,0.52,0.11,31944.0,16.2,0.85,2016-2017,MI,48225,Regular School,High,Yes
260017001039,0.29,0.5,0.08,25987.0,14.9,0.67,2016-2017,MI,48223,Regular School,High,Yes
260017101040,0.05,0.62,0.75,56525.0,17.8,0.48,2016-2017,MI,48124,Regular School,High,Yes
260018601543,0.37,1.0,0.38741333813180046,68971.87082575736,20.7,0.42,2016-2017,MI,49307,Regular School,High,Yes
260021001494,0.08,0.58,0.75,61250.0,16.5,0.81,2016-2017,MI,48092,Regular School,High,Yes
260021708533,0.2,0.47,0.73,37244.0,15.3,0.9,2016-2017,MI,48212,Regular School,High,Yes
260022501195,0.16,0.58,0.61,59605.0,20.4,0.35,2016-2017,MI,48174,Regular School,High,Yes
260022701485,0.24,0.34,0.68,22139.0,15.3,0.74,2016-2017,MI,48210,Regular School,High,Yes
260024201699,0.46,0.47,0.15,21538.0,15.7,0.78,2016-2017,MI,48235,Regular School,High,Yes
260027301308,0.11,0.62,0.58,53323.0,18.8,0.28,2016-2017,MI,48026,Regular School,High,Yes
260030101945,0.29,0.29,0.81,18163.0,16.6,0.99,2016-2017,MI,48212,Regular School,High,Yes
260031708195,0.18,0.57,0.7,32172.0,15.9,0.69,2016-2017,MI,48519,Regular School,High,Yes
260095208134,0.31,0.51,0.26,15976.0,18.4,0.58,2016-2017,MI,48207,Regular School,High,Yes
260095607842,0.17,0.94,0.62,21139.0,16.3,0.76,2016-2017,MI,48202,Regular School,High,Yes
260098108149,0.12,0.71,0.75,40149.0,23.4,0.39,2016-2017,MI,49505,Regular School,High,Yes
260098408257,0.07,0.74,0.61,42945.0,17.7,0.26,2016-2017,MI,48114,Regular School,High,Yes
260098908273,0.02,0.8,0.76,100083.0,21.6,0.25,2016-2017,MI,48197,Regular School,High,Yes
260099208258,0.23,0.49,0.4,21229.0,21.3,0.14,2016-2017,MI,48060,Regular School,High,Yes
260099308233,0.26,0.63,0.25,24250.0,15.7,0.79,2016-2017,MI,48235,Regular School,High,Yes
260100104670,0.3,0.54,0.09,28125.0,14.5,0.7,2016-2017,MI,48206,Regular School,High,No
260100104693,0.33,0.36,0.17,25544.0,13.6,0.73,2016-2017,MI,48224,Regular School,High,No
260100104734,0.29,0.53,0.22,28849.0,13.3,0.74,2016-2017,MI,48219,Regular School,High,No
260100104793,0.29,0.48,0.33,30211.0,14.1,0.68,2016-2017,MI,48221,Regular School,High,No
260100104813,0.38,0.45,0.21,23594.0,13.4,0.75,2016-2017,MI,48234,Regular School,High,No
260100104830,0.32,0.58,0.06,18554.0,13.4,0.7,2016-2017,MI,48214,Regular School,High,No
260101908370,0.06,0.93,0.85,87825.0,16.6,0.43,2016-2017,MI,48864,Regular School,High,Yes
260102308403,0.27,0.2,0.61,30330.0,13.4,0.94,2016-2017,MI,48209,Alternative School,High,Yes
260102906170,0.31,0.45,0.36,28810.0,13.4,0.83,2016-2017,MI,49444,Regular School,High,Yes
260106608474,0.27,0.31,0.35,16908.0,12.9,0.98,2016-2017,MI,49507,Alternative School,High,Yes
260192003923,0.08,0.56,0.77,50322.0,18.2,0.32,2016-2017,MI,49220,Regular School,High,No
260195003927,0.14,0.59,0.74,35741.0,19.5,0.44,2016-2017,MI,49221,Regular School,High,No
260198003939,0.13,0.6,0.72,51757.0,20.1,0.3,2016-2017,MI,48117,Regular School,High,No
260216003955,0.14,0.46,0.7,36744.0,19.6,0.43,2016-2017,MI,48742,Regular School,High,No
260219003960,0.11,0.42,0.73,45506.0,18.6,0.3,2016-2017,MI,48001,Regular School,High,No
260252003971,0.08,0.59,0.54,70521.0,20.6,0.22,2016-2017,MI,48101,Regular School,High,No
260255003976,0.08,0.67,0.77,57361.0,20.9,0.16,2016-2017,MI,49401,Regular School,High,No
260264003980,0.15,0.72,0.45,33543.0,20.0,0.36,2016-2017,MI,48801,Regular School,High,No
260267003982,0.13,0.6,0.84,62275.0,20.3,0.16,2016-2017,MI,48003,Regular School,High,No
260273003984,0.1,0.61,0.59,27381.0,19.5,0.32,2016-2017,MI,49707,Regular School,High,No
260279003997,0.04,0.7,0.9,89473.0,19.9,0.17,2016-2017,MI,48023,Regular School,High,No
260282004029,0.03,0.94,0.74,57938.0,24.7,0.14,2016-2017,MI,48103,Regular School,High,No
260282004032,0.12,0.95,0.89,92417.0,23.7,0.19,2016-2017,MI,48105,Regular School,High,No
260282007761,0.01,0.97,0.87,145347.0,24.5,0.14,2016-2017,MI,48103,Regular School,High,No
260324004042,0.08,0.66,0.83,74866.0,19.8,0.13,2016-2017,MI,48005,Regular School,High,No
260354004051,0.13,0.55,0.66,38750.0,17.5,0.58,2016-2017,MI,48519,Regular School,High,No
260360004059,0.15,0.46,0.76,37901.0,18.1,0.53,2016-2017,MI,48703,Regular School,High,No
260369004067,0.07,0.76,0.69,57213.0,20.9,0.2,2016-2017,MI,48326,Regular School,High,No
260381004068,0.14,0.46,0.5,22614.0,16.1,0.83,2016-2017,MI,49304,Regular School,High,No
260387004072,0.11,0.42,0.7,35332.0,17.0,0.62,2016-2017,MI,49013,Regular School,High,No
260390004081,0.08,0.62,0.53,44221.0,20.2,0.35,2016-2017,MI,48706,Regular School,High,No
260402004088,0.09,0.64,0.87,53438.0,19.2,0.39,2016-2017,MI,49845,Regular School,High,No
260417004090,0.05,0.83,0.82,68663.0,19.8,0.21,2016-2017,MI,48808,Regular School,High,No
260426004094,0.24,0.52,0.57,33382.0,18.1,0.49,2016-2017,MI,48708,Regular School,High,No
260426004113,0.08,0.61,0.78,60531.0,19.7,0.21,2016-2017,MI,48611,Alternative School,High,No
260429007510,0.11,0.49,0.72,46917.0,21.0,0.21,2016-2017,MI,48858,Regular School,High,No
260444004125,0.12,0.5,0.67,36960.0,18.4,0.45,2016-2017,MI,48612,Regular School,High,No
260447004128,0.11,0.66,0.76,56170.0,20.6,0.15,2016-2017,MI,48182,Regular School,High,No
260450004133,0.34,0.57,0.37,29102.0,15.2,0.79,2016-2017,MI,48458,Regular School,High,No
260453004142,0.12,0.48,0.64,41713.0,18.6,0.45,2016-2017,MI,48809,Regular School,High,No
260465004150,0.09,0.52,0.79,50447.0,17.7,0.47,2016-2017,MI,49021,Regular School,High,No
260474004152,0.23,0.37,0.54,37588.0,17.6,0.75,2016-2017,MI,48529,Regular School,High,No
260480004160,0.11,0.6,0.81,51280.0,16.9,0.49,2016-2017,MI,48509,Regular School,High,No
260483004162,0.22,0.35,0.2,22696.0,14.1,0.86,2016-2017,MI,49022,Regular School,High,No
260495004182,0.14,0.51,0.7,47022.0,20.7,0.41,2016-2017,MI,49616,Regular School,High,No
260501004187,0.05,0.9,0.9,94094.0,21.6,0.2,2016-2017,MI,48072,Special Education School,High,No
260543004199,0.08,0.92,0.72,45750.0,19.1,0.41,2016-2017,MI,49103,Regular School,High,No
260578004205,0.18,0.76,0.69,30230.0,20.7,0.39,2016-2017,MI,49307,Regular School,High,No
260582004210,0.09,0.65,0.68,59491.0,19.3,0.33,2016-2017,MI,48415,Regular School,High,No
260585004217,0.04,0.96,0.78,157109.0,25.0,0.04,2016-2017,MI,48009,Regular School,High,No
260585004226,0.07,0.91,0.79,86142.0,23.2,0.09,2016-2017,MI,48025,Regular School,High,No
260600004229,0.07,0.71,0.48,48569.0,21.6,0.21,2016-2017,MI,49228,Regular School,High,No
260650004252,0.07,0.65,0.65,51964.0,20.2,0.26,2016-2017,MI,49712,Regular School,High,No
260657004257,0.11,0.65,0.68,56250.0,19.7,0.29,2016-2017,MI,48462,Regular School,High,No
260660004262,0.11,0.49,0.76,35759.0,18.6,0.45,2016-2017,MI,49120,Regular School,High,No
260672004267,0.06,0.47,0.42,36598.0,21.2,0.25,2016-2017,MI,49802,Regular School,High,No
260678004274,0.18,0.53,0.63,38188.0,15.6,0.58,2016-2017,MI,48722,Regular School,High,No
260684004281,0.07,0.65,0.73,51181.0,21.5,0.23,2016-2017,MI,49106,Regular School,High,No
260687004283,0.07,0.74,0.61,42945.0,22.7,0.07,2016-2017,MI,48116,Regular School,High,No
260690004291,0.12,0.63,0.62,47634.0,20.3,0.4,2016-2017,MI,49715,Regular School,High,No
260699004300,0.07,0.52,0.73,60024.0,21.3,0.27,2016-2017,MI,49230,Regular School,High,No
260704004301,0.1,0.48,0.87,52981.0,21.2,0.46,2016-2017,MI,48416,Regular School,High,No
260708004305,0.13,0.62,0.65,57262.0,19.4,0.31,2016-2017,MI,48134,Regular School,High,No
260714004308,0.07,0.52,0.7,45507.0,19.8,0.35,2016-2017,MI,49107,Regular School,High,No
260732004320,0.1,0.68,0.82,63125.0,20.5,0.33,2016-2017,MI,48640,Regular School,High,No
260753004329,0.12,0.5,0.76,56891.0,20.1,0.25,2016-2017,MI,48418,Regular School,High,No
260756004332,0.05,0.65,0.78,62288.0,21.4,0.19,2016-2017,MI,49315,Regular School,High,No
260759004340,0.15,0.52,0.53,28977.0,20.8,0.31,2016-2017,MI,49601,Regular School,High,No
260762004346,0.04,0.74,0.85,78750.0,21.9,0.12,2016-2017,MI,49316,Regular School,High,No
260769004352,0.08,0.6,0.58,37235.0,20.4,0.37,2016-2017,MI,49913,Regular School,High,No
260771004355,0.12,0.34,0.7,37447.0,16.4,0.48,2016-2017,MI,49232,Regular School,High,No
260780004358,0.17,0.43,0.6,45583.0,18.7,0.29,2016-2017,MI,48014,Regular School,High,No
260789000507,0.17,0.51,0.17,15860.0,17.9,0.75,2016-2017,MI,48503,Regular School,High,No
260789004373,0.24,0.6,0.34,40694.0,17.6,0.54,2016-2017,MI,48532,Regular School,High,No
260789007793,0.08155088905333496,0.6146989667480596,0.6949994648871831,59534.46258953954,22.8,0.28,2016-2017,MI,48507,Regular School,High,No
260804004376,0.11,0.59,0.71,33750.0,19.3,0.38,2016-2017,MI,48723,Regular School,High,No
260807004379,0.15,0.55,0.77,43750.0,18.7,0.43488120288301857,2016-2017,MI,48604,Regular School,High,No
260813004383,0.14,0.46,0.75,42615.0,18.1,0.4,2016-2017,MI,48811,Regular School,High,No
260840004391,0.08,0.62,0.62,45753.0,19.6,0.44,2016-2017,MI,48726,Regular School,High,No
260843004397,0.1,0.49,0.57,33464.0,17.3,0.58,2016-2017,MI,49031,Regular School,High,No
260852004400,0.12,0.5,0.6,40612.0,20.2,0.31,2016-2017,MI,49319,Regular School,High,No
260858004404,0.12,0.56,0.54,31157.0,18.6,0.55,2016-2017,MI,48015,Regular School,High,No
260864004412,0.19,0.51,0.48,36221.0,19.4,0.4,2016-2017,MI,48888,Regular School,High,No
260867004417,0.08,0.55,0.8,55905.0,19.3,0.34,2016-2017,MI,49032,Regular School,High,No
260873004419,0.07,0.65,0.46,32157.0,20.7,0.29,2016-2017,MI,49720,Regular School,High,No
260877004422,0.13,0.62,0.48,43897.0,18.8,0.29,2016-2017,MI,48813,Regular School,High,No
260891004432,0.21,0.46,0.63,24527.0,19.9,0.45,2016-2017,MI,49721,Regular School,High,No
260894004437,0.04,0.86,0.88,66731.0,23.3,0.07,2016-2017,MI,48118,Regular School,High,No
260915004444,0.11,0.52,0.67,42065.0,20.1,0.31,2016-2017,MI,48616,Regular School,High,No
260956004452,0.16,0.45,0.61,39103.0,19.8,0.49,2016-2017,MI,49340,Regular School,High,No
260957000623,0.06,0.66,0.76,69082.0,20.6,0.13,2016-2017,MI,48044,Regular School,High,No
260957004454,0.09,0.78,0.76,61712.0,19.7,0.26,2016-2017,MI,48038,Regular School,High,No
260957007865,0.09,0.74,0.83,81332.0,26.8,0.1,2016-2017,MI,48038,Regular School,High,No
260975004465,0.14,0.52,0.39,30625.0,19.9,0.33,2016-2017,MI,48617,Regular School,High,No
260984004469,0.05,0.81,0.83,46481.0,18.2,0.43,2016-2017,MI,48152,Regular School,High,No
260993004481,0.16,0.71,0.84,52304.0,19.7,0.27,2016-2017,MI,48017,Regular School,High,No
261005004490,0.08,0.62,0.71,54859.0,20.2,0.27,2016-2017,MI,49236,Regular School,High,No
261008004491,0.16,0.58,0.64,46453.0,15.9,0.72,2016-2017,MI,48035,Regular School,High,No
261011004498,0.23,0.59,0.52,31136.0,19.0,0.34,2016-2017,MI,48420,Regular School,High,No
261014004502,0.06,0.58,0.62,35245.0,19.6,0.38,2016-2017,MI,49036,Regular School,High,No
261020004511,0.11,0.48,0.65,42021.0,18.6,0.36,2016-2017,MI,48618,Regular School,High,No
261038004515,0.09,0.56,0.71,57625.0,18.5,0.39,2016-2017,MI,49038,Regular School,High,No
261059004525,0.08,0.67,0.61,46412.0,19.1,0.46,2016-2017,MI,49048,Regular School,High,No
261062004532,0.07,0.61,0.51,54556.0,19.7,0.32,2016-2017,MI,49321,Regular School,High,No
261065004538,0.13,0.68,0.88,57392.0,19.1,0.36,2016-2017,MI,49237,Regular School,High,No
261075004540,0.11,0.44,0.6,46795.0,19.4,0.43,2016-2017,MI,49042,Regular School,High,No
261083004546,0.07,0.62,0.66,50921.0,21.0,0.21,2016-2017,MI,49404,Regular School,High,No
261086004554,0.11,0.62,0.66,38654.0,18.9,0.37,2016-2017,MI,48817,Regular School,High,No
261103004561,0.15,0.53,0.64,45000.0,21.1,0.46,2016-2017,MI,49738,Regular School,High,No
261114004565,0.13,0.47,0.69,46103.0,19.4,0.36,2016-2017,MI,48422,Regular School,High,No
261140004572,0.0746976511887883,0.6338650322163809,0.720136678889169,62657.85962699279,20.1,0.22,2016-2017,MI,48819,Regular School,High,No
261143004574,0.17,0.67,0.58,29375.0,21.3,0.25,2016-2017,MI,48423,Regular School,High,No
261155004582,0.04,0.85,0.75,86458.0,22.7,0.11,2016-2017,MI,48820,Regular School,High,No
261160004587,0.11,0.85,0.52,39363.0,20.7,0.42,2016-2017,MI,48124,Regular School,High,No
261160004590,0.05,0.62,0.75,56525.0,19.6,0.5,2016-2017,MI,48124,Regular School,High,No
261160004591,0.1,0.34,0.83,28090.0,18.2,0.74,2016-2017,MI,48126,Regular School,High,No
261160007810,0.18,0.69,0.78,27212.0,22.4,0.53,2016-2017,MI,48128,Regular School,High,No
261161004618,0.16,0.45,0.72,45814.0,19.4,0.55,2016-2017,MI,48125,Regular School,High,No
261164004621,0.26,0.43,0.23,23438.0,15.0,0.68,2016-2017,MI,48125,Regular School,High,No
261167004624,0.12,0.54,0.61,46852.0,19.4,0.5,2016-2017,MI,49045,Regular School,High,No
261170004628,0.14,0.42,0.63,40000.0,18.6,0.42,2016-2017,MI,48427,Regular School,High,No
261191004631,0.1,0.53,0.47,47195.0,18.8,0.42,2016-2017,MI,49046,Regular School,High,No
261203004916,0.06,0.86,0.77,72083.0,23.3,0.06,2016-2017,MI,48130,Regular School,High,No
261215004924,0.1,0.71,0.51,41909.0,18.3,0.55,2016-2017,MI,49047,Regular School,High,No
261224004926,0.11,0.66,0.83,66645.0,19.2,0.26,2016-2017,MI,48428,Regular School,High,No
261230004929,0.11,0.57,0.7,52747.0,19.9,0.23,2016-2017,MI,48131,Regular School,High,No
261233004934,0.1,0.51,0.73,48093.0,19.0,0.36,2016-2017,MI,48429,Regular School,High,No
261242004941,0.13,0.53,0.69,41410.0,21.3,0.25,2016-2017,MI,48039,Regular School,High,No
261242004943,0.11,0.67,0.7,50980.0,21.4,0.18,2016-2017,MI,48079,Regular School,High,No
261245004950,0.11,0.65,0.28,36757.0,15.6,0.76,2016-2017,MI,48021,Regular School,High,No
261248004961,0.04,0.95,0.89,106738.0,24.7,0.05,2016-2017,MI,49506,Regular School,High,No
261254004967,0.11,0.56,0.61,44266.0,18.2,0.43,2016-2017,MI,49202,Regular School,High,No
261256004969,0.09,0.36,0.84,33083.0,19.0,0.42,2016-2017,MI,49727,Regular School,High,No
261260004971,0.06,0.86,0.58,13540.0,22.4,0.24,2016-2017,MI,48823,Regular School,High,No
261269004981,0.18,0.47,0.7,38654.0,20.1,0.25,2016-2017,MI,48827,Regular School,High,No
261281004986,0.08,0.92,0.72,45750.0,17.1,0.81,2016-2017,MI,49111,Regular School,High,No
261293004988,0.33,0.31,0.38,31027.0,14.4,0.87,2016-2017,MI,48229,Regular School,High,No
261296004994,0.1,0.56,0.67,37943.0,17.7,0.49,2016-2017,MI,49310,Regular School,High,No
261299005001,0.1,0.56,0.82,52833.0,21.0,0.23,2016-2017,MI,49112,Regular School,High,No
261305005002,0.04,0.77,0.58,58438.0,21.8,0.25,2016-2017,MI,49629,Regular School,High,No
261309005007,0.07,0.51,0.63,44122.0,19.7,0.33,2016-2017,MI,48755,Regular School,High,No
261350005014,0.2,0.65,0.59,26850.0,21.0,0.27,2016-2017,MI,49829,Regular School,High,No
261353005024,0.11,0.68,0.47,52277.0,19.9,0.25,2016-2017,MI,48732,Regular School,High,No
261356005030,0.11,0.47,0.7,41620.0,16.6,0.57,2016-2017,MI,49631,Regular School,High,No
261407005039,0.08,0.81,0.68,58231.0,21.5,0.15,2016-2017,MI,48336,Regular School,High,No
261407005045,0.06,0.82,0.72,66974.0,22.4,0.13,2016-2017,MI,48334,Regular School,High,No
261407005054,0.09,0.75,0.43,37863.0,20.5,0.26,2016-2017,MI,48334,Regular School,High,No
261410005058,0.16,0.48,0.65,38264.0,17.6,0.59,2016-2017,MI,48622,Regular School,High,No
261423005062,0.08,0.32,0.6,35304.0,17.3,0.49,2016-2017,MI,49408,Regular School,High,No
261425005068,0.14,0.66,0.64,44696.0,21.0,0.17,2016-2017,MI,48430,Regular School,High,No
261428001901,0.09,0.76,0.27,49089.0,16.7,0.69,2016-2017,MI,48220,Regular School,High,No
261428005072,0.05,0.8,0.75,61313.0,19.0,0.5,2016-2017,MI,48220,Regular School,High,No
261446005082,0.11,0.59,0.72,45754.0,16.9,0.69,2016-2017,MI,48091,Regular School,High,No
261452005114,0.37,0.61,0.13,25946.0,14.1,0.88,2016-2017,MI,48505,Regular School,High,No
261452005122,0.16,0.65,0.28,24673.0,16.6,0.71,2016-2017,MI,48507,Regular School,High,No
261455005145,0.12,0.67,0.73,49306.0,20.2,0.26,2016-2017,MI,48433,Regular School,High,No
261457005151,0.07,0.65,0.8,61864.0,18.5,0.51,2016-2017,MI,49633,Regular School,High,No
261461001662,0.02,0.87,0.93,123639.0,23.1,0.08,2016-2017,MI,49301,Regular School,High,No
261461005155,0.05,0.89,0.92,115765.0,23.6,0.07,2016-2017,MI,49546,Regular School,High,No
261461005158,0.05,0.91,0.88,84107.0,22.8,0.11,2016-2017,MI,49525,Regular School,High,No
261470005168,0.06,0.64,0.83,64583.0,21.5,0.11,2016-2017,MI,48835,Regular School,High,No
261473005170,0.09,0.54,0.59,44278.0,19.8,0.23,2016-2017,MI,48836,Regular School,High,No
261476005172,0.04,0.8,0.86,51023.0,22.5,0.09,2016-2017,MI,48734,Regular School,High,No
261479005176,0.09,0.53,0.53,42788.0,20.4,0.36,2016-2017,MI,49635,Regular School,High,No
261482005179,0.13,0.67,0.74,51858.0,19.8,0.31,2016-2017,MI,48026,Regular School,High,No
261506005188,0.05,0.66,0.73,69697.0,20.8,0.12,2016-2017,MI,48623,Regular School,High,No
261515005194,0.15,0.64,0.7,42132.0,20.5,0.31,2016-2017,MI,49412,Regular School,High,No
261539005199,0.12,0.77,0.78,59907.0,19.3,0.32,2016-2017,MI,49415,Regular School,High,No
261542005202,0.07,0.55,0.78,50243.0,19.1,0.26,2016-2017,MI,48856,Regular School,High,No
261545005205,0.13,0.67,0.75,60853.0,20.5,0.39,2016-2017,MI,49053,Regular School,High,No
261554005213,0.08,0.49,0.87,48115.0,18.5,0.34,2016-2017,MI,48135,Regular School,High,No
261573005225,0.13,0.57,0.54,33684.0,20.7,0.35,2016-2017,MI,49735,Regular School,High,No
261575005229,0.14,0.53,0.64,41378.0,18.2,0.64,2016-2017,MI,48437,Regular School,High,No
261583005233,0.12,0.71,0.6,38796.0,20.8,0.47,2016-2017,MI,48653,Regular School,High,No
261587005236,0.12,0.57,0.6,64677.0,19.6,0.21,2016-2017,MI,48173,Regular School,High,No
261597005245,0.06,0.61,0.67,43658.0,20.0,0.24,2016-2017,MI,49837,Regular School,High,No
261599007485,0.1,0.52,0.68,31188.0,19.8,0.41,2016-2017,MI,48624,Regular School,High,No
261602005253,0.07,0.65,0.79,52083.0,20.4,0.28,2016-2017,MI,49664,Regular School,High,No
261608005260,0.12,0.31,0.34,39354.0,17.0,0.76,2016-2017,MI,49509,Regular School,High,No
261611005261,0.13,0.37,0.74,42237.0,17.0,0.73,2016-2017,MI,49548,Regular School,High,No
261632005267,0.09,0.67,0.71,68056.0,20.8,0.12,2016-2017,MI,48438,Regular School,High,No
261635005272,0.12,0.74,0.64,38831.0,21.1,0.22,2016-2017,MI,48439,Regular School,High,No
261638005282,0.06,0.83,0.77,91512.0,21.5,0.22,2016-2017,MI,49417,Regular School,High,No
261641005293,0.11,0.65,0.77,48929.0,20.6,0.15,2016-2017,MI,48837,Regular School,High,No
261644005338,0.13,0.75,0.8,49432.0,16.0,0.76,2016-2017,MI,49506,Regular School,High,No
261644005355,0.15,0.37,0.28,24116.0,26.4,0.33,2016-2017,MI,49505,Regular School,High,No
261644008543,0.09,0.86,0.76,19788.0,16.5,0.77,2016-2017,MI,49503,Regular School,High,No
261647005381,0.07,0.6,0.52,46439.0,21.4,0.22,2016-2017,MI,49418,Regular School,High,No
261683005391,0.09,0.78,0.84,61250.0,19.3,0.21,2016-2017,MI,49240,Regular School,High,No
261722005401,0.05,0.82,0.85,86207.0,22.7,0.07,2016-2017,MI,48138,Regular School,High,No
261725005406,0.06,0.8,0.83,62288.0,21.7,0.15,2016-2017,MI,49083,Regular School,High,No
261737005412,0.2,0.51,0.79,39931.0,18.0,0.67,2016-2017,MI,48739,Regular School,High,No
261740005416,0.08,0.48,0.67,48680.0,21.5,0.14,2016-2017,MI,49419,Alternative School,High,No
261752005421,0.18,0.36,0.88,33008.0,16.1,0.91,2016-2017,MI,48212,Regular School,High,No
261764005429,0.07,0.6,0.74,58690.0,20.7,0.23,2016-2017,MI,49246,Regular School,High,No
261770005432,0.1,0.82,0.77,62208.0,24.0,0.21,2016-2017,MI,49740,Regular School,High,No
261773005437,0.06,0.65,0.78,60904.0,19.1,0.28,2016-2017,MI,49014,Regular School,High,No
261776005441,0.12,0.66,0.39,45455.0,16.0,0.65,2016-2017,MI,48225,Regular School,High,No
261782005444,0.22,0.5,0.59,28892.0,17.3,0.61,2016-2017,MI,48625,Regular School,High,No
261786005450,0.13,0.51,0.62,33438.0,17.7,0.52,2016-2017,MI,49420,Regular School,High,No
261788005453,0.13,0.42,0.49,37014.0,19.6,0.61,2016-2017,MI,49057,Regular School,High,No
261791005458,0.05,0.77,0.92,84265.0,21.8,0.09,2016-2017,MI,48353,Regular School,High,No
261794005467,0.09,0.88,0.49,43638.0,22.2,0.15,2016-2017,MI,48840,Regular School,High,No
261797005473,0.13,0.53,0.64,43140.0,19.3,0.34,2016-2017,MI,49058,Regular School,High,No
261803005475,0.14,0.46,0.57,28357.0,19.1,0.62,2016-2017,MI,48030,Regular School,High,No
261818005487,0.06,0.63,0.79,61196.0,20.5,0.24,2016-2017,MI,48626,Regular School,High,No
261827005491,0.12,0.47,0.73,41885.0,18.7,0.46,2016-2017,MI,49421,Regular School,High,No
261839005507,0.08,0.54,0.66,38958.0,20.5,0.4,2016-2017,MI,49242,Regular School,High,No
261842005512,0.1,0.44,0.52,41226.0,19.3,0.45,2016-2017,MI,49423,Regular School,High,No
261845005522,0.13,0.57,0.65,56899.0,20.6,0.3,2016-2017,MI,48442,Regular School,High,No
261848005530,0.07,0.8,0.74,88578.0,19.9,0.24,2016-2017,MI,48842,Regular School,High,No
261851005536,0.14,0.51,0.57,46368.0,18.7,0.5,2016-2017,MI,49425,Regular School,High,No
261854005538,0.15,0.42,0.53,42500.0,19.3,0.41,2016-2017,MI,49245,Regular School,High,No
261857005542,0.1,0.52,0.81,51838.0,20.8,0.2,2016-2017,MI,49328,Regular School,High,No
261860005545,0.18,0.52,0.56,28132.0,19.7,0.6,2016-2017,MI,48629,Regular School,High,No
261872005550,0.07,0.72,0.59,44480.0,20.2,0.18,2016-2017,MI,48843,Regular School,High,No
261881005556,0.13,0.47,0.64,43325.0,19.6,0.41,2016-2017,MI,49247,Regular School,High,No
261884005563,0.1,0.63,0.74,48971.0,21.7,0.07,2016-2017,MI,49426,Regular School,High,No
261893005567,0.07,0.62,0.91,73828.0,20.1,0.21,2016-2017,MI,48164,Regular School,High,No
261899005574,0.04,0.73,0.9,77314.0,21.1,0.19,2016-2017,MI,48357,Regular School,High,No
261899005584,0.08,0.73,0.85,73707.0,20.3,0.22,2016-2017,MI,48383,Regular School,High,No
261905005587,0.07,0.69,0.83,72207.0,21.1,0.11,2016-2017,MI,48140,Regular School,High,No
261910005589,0.1,0.43,0.66,36694.0,19.6,0.32,2016-2017,MI,48444,Regular School,High,No
261925005601,0.11,0.55,0.84,47168.0,19.5,0.38,2016-2017,MI,48846,Regular School,High,No
261941005611,0.06,0.58,0.56,35742.0,20.0,0.21,2016-2017,MI,49801,Regular School,High,No
261953005619,0.11,0.63,0.65,31326.0,20.6,0.29,2016-2017,MI,49849,Regular School,High,No
261958005620,0.05,0.55,0.62,43079.0,19.8,0.29,2016-2017,MI,48847,Regular School,High,No
261962005629,0.14,0.58,0.42,38017.0,18.6,0.53,2016-2017,MI,49201,Regular School,High,No
261980005636,0.11,0.55,0.73,48370.0,19.3,0.27,2016-2017,MI,48162,Regular School,High,No
261983005645,0.04,0.8,0.86,88102.0,22.1,0.14,2016-2017,MI,49428,Regular School,High,No
261989005647,0.09,0.51,0.8,48450.0,18.9,0.37,2016-2017,MI,49751,Regular School,High,No
261992005650,0.08,0.57,0.66,43460.0,19.4,0.32,2016-2017,MI,49250,Regular School,High,No
261995005663,0.13,0.68,0.73,54143.0,19.1,0.57,2016-2017,MI,49001,Regular School,High,No
261995005677,0.07,0.77,0.57,34257.0,19.3,0.59,2016-2017,MI,49006,Regular School,High,No
262001005681,0.14,0.47,0.62,41655.0,18.9,0.47,2016-2017,MI,49619,Regular School,High,No
262005005685,0.09,0.4,0.69,40374.0,20.1,0.4,2016-2017,MI,49646,Regular School,High,No
262007005692,0.06,0.52,0.67,49609.0,19.1,0.48,2016-2017,MI,48506,Regular School,High,No
262016005697,0.1,0.54,0.66,48871.0,18.1,0.57,2016-2017,MI,49548,Regular School,High,No
262028005702,0.09,0.68,0.58,49653.0,19.9,0.33,2016-2017,MI,49544,Regular School,High,No
262031005708,0.12,0.47,0.76,47888.0,20.0,0.32,2016-2017,MI,49330,Regular School,High,No
262034005721,0.04,0.76,0.63,77531.0,18.8,0.48,2016-2017,MI,49508,Regular School,High,No
262038005722,0.13,0.61,0.81,53821.0,21.0,0.39,2016-2017,MI,49649,Regular School,High,No
262040005724,0.09,0.43,0.65,42528.0,19.5,0.54,2016-2017,MI,48741,Regular School,High,No
262055005727,0.06,0.71,0.88,58798.0,20.7,0.12,2016-2017,MI,48848,Regular School,High,No
262061007749,0.15,0.49,0.57,38125.0,18.6,0.48,2016-2017,MI,49651,Regular School,High,No
262067005730,0.11,0.68,0.75,68681.0,19.9,0.19,2016-2017,MI,48451,Regular School,High,No
262073005739,0.08,0.84,0.78,92188.0,22.5,0.15,2016-2017,MI,48360,Regular School,High,No
262082005745,0.04,0.75,0.87,67936.0,22.4,0.18,2016-2017,MI,49127,Regular School,High,No
262085005749,0.09,0.5,0.56,38402.0,19.1,0.44,2016-2017,MI,49015,Regular School,High,No
262088005759,0.09,0.8,0.75,62917.0,20.0,0.3,2016-2017,MI,48081,Regular School,High,No
262091005764,0.18,0.53,0.7,32525.0,19.3,0.42,2016-2017,MI,48850,Regular School,High,No
262094005766,0.13,0.52,0.79,46556.0,18.6,0.34,2016-2017,MI,48463,Regular School,High,No
262098005774,0.09,0.57,0.82,50849.0,20.1,0.25,2016-2017,MI,48849,Regular School,High,No
262112005781,0.06,0.67,0.78,64531.0,18.7,0.35,2016-2017,MI,48071,Regular School,High,No
262115005792,0.05,0.81,0.56,47511.0,17.2,0.68,2016-2017,MI,48912,Regular School,High,No
262115005794,0.12,0.52,0.55,32634.0,16.7,0.66,2016-2017,MI,48910,Regular School,High,No
262115005803,0.11924369730834174,0.5092856066722923,0.5567447878762606,42355.77888354671,16.2,0.61,2016-2017,MI,48915,Regular School,High,No
262118005840,0.15,0.52,0.55,30321.0,19.7,0.32,2016-2017,MI,48446,Regular School,High,No
262121005845,0.13,0.51,0.57,44102.0,19.5,0.47,2016-2017,MI,49064,Regular School,High,No
262124005847,0.08,0.59,0.77,55140.0,20.9,0.41,2016-2017,MI,49065,Regular School,High,No
262145005852,0.1,0.57,0.68,56208.0,19.2,0.32,2016-2017,MI,49251,Regular School,High,No
262157005855,0.11,0.6,0.85,62604.0,18.2,0.39,2016-2017,MI,48197,Regular School,High,No
262160005866,0.18,0.36,0.52,43869.0,18.0,0.66,2016-2017,MI,48146,Regular School,High,No
262169005870,0.14,0.58,0.61,54005.0,20.1,0.17,2016-2017,MI,48451,Regular School,High,No
262184005877,0.04,0.76,0.85,82292.0,21.4,0.1,2016-2017,MI,48152,Regular School,High,No
262184005882,0.07,0.66,0.7,65388.0,20.1,0.25,2016-2017,MI,48150,Regular School,High,No
262184005903,0.07,0.73,0.84,61861.0,21.3,0.2,2016-2017,MI,48150,Regular School,High,No
262187005912,0.05,0.72,0.64,58186.0,19.7,0.26,2016-2017,MI,48045,Regular School,High,No
262187005918,0.06,0.68,0.91,92825.0,20.1,0.19,2016-2017,MI,48042,Regular School,High,No
262205005926,0.1,0.68,0.78,70250.0,21.1,0.2,2016-2017,MI,49331,Regular School,High,No
262220005933,0.13,0.58,0.35,31086.0,20.0,0.29,2016-2017,MI,49431,Regular School,High,No
262229005943,0.09,0.69,0.58,37813.0,16.9,0.76,2016-2017,MI,48071,Regular School,High,No
262232005947,0.17,0.36,0.29,23750.0,19.6,0.46,2016-2017,MI,49221,Regular School,High,No
262238005952,0.07,0.73,0.89,72281.0,21.0,0.14,2016-2017,MI,48158,Regular School,High,No
262241005957,0.11,0.64,0.38,42100.0,19.5,0.34,2016-2017,MI,49660,Regular School,High,No
262250005966,0.11,0.48,0.69,41698.0,19.7,0.51,2016-2017,MI,49663,Regular School,High,No
262262005970,0.12,0.51,0.69,50101.0,19.1,0.39,2016-2017,MI,49096,Regular School,High,No
262274005973,0.1,0.52,0.76,46810.0,20.0,0.42,2016-2017,MI,49067,Regular School,High,No
262286005980,0.14,0.43,0.67,39561.0,20.1,0.45,2016-2017,MI,48453,Regular School,High,No
262297005985,0.06,0.79,0.56,50150.0,21.0,0.28,2016-2017,MI,49068,Regular School,High,No
262298005986,0.08,0.52,0.83,53891.0,18.6,0.28,2016-2017,MI,49070,Regular School,High,No
262304005989,0.09,0.66,0.73,48875.0,21.1,0.16,2016-2017,MI,48040,Regular School,High,No
262307005994,0.03,0.81,0.8,56792.0,19.9,0.18,2016-2017,MI,48854,Regular School,High,No
262310006001,0.1,0.52,0.7,53690.0,18.0,0.31,2016-2017,MI,48133,Regular School,High,No
262313006003,0.13,0.56,0.58,43856.0,19.2,0.38,2016-2017,MI,49454,Regular School,High,No
262316006008,0.13,0.56,0.58,43856.0,19.9,0.57,2016-2017,MI,49405,Regular School,High,No
262325006011,0.08,0.59,0.77,55140.0,22.2,0.09,2016-2017,MI,49071,Regular School,High,No
262328006013,0.1,0.44,0.64,42547.0,17.4,0.5,2016-2017,MI,48744,Regular School,High,No
262346006021,0.16,0.42,0.53,30107.0,18.2,0.66,2016-2017,MI,48122,Regular School,High,No
262355006032,0.11,0.54,0.44,37663.0,18.7,0.33,2016-2017,MI,49858,Regular School,High,No
262361006040,0.09,0.62,0.74,49904.0,18.5,0.39,2016-2017,MI,48637,Regular School,High,No
262379006047,0.21,0.51,0.55,34221.0,19.6,0.39,2016-2017,MI,49254,Regular School,High,No
262382006060,0.14,0.7,0.53,30326.0,22.3,0.23,2016-2017,MI,48642,Regular School,High,No
262382006068,0.06,0.85,0.89,70515.0,23.0,0.13,2016-2017,MI,48640,Regular School,High,No
262385006072,0.05,0.78,0.82,72779.0,20.1,0.19,2016-2017,MI,48160,Regular School,High,No
262391006075,0.18,0.53,0.81,48063.0,19.9,0.35,2016-2017,MI,48746,Regular School,High,No
262412006085,0.07,0.71,0.96,52056.0,21.1,0.26,2016-2017,MI,49441,Regular School,High,No
262415006099,0.1,0.43,0.52,42730.0,18.0,0.4,2016-2017,MI,48161,Regular School,High,No
262418006100,0.06,0.63,0.64,51331.0,19.4,0.37,2016-2017,MI,49437,Regular School,High,No
262442006104,0.21,0.52,0.64,34063.0,19.1,0.53,2016-2017,MI,48457,Regular School,High,No
262460006111,0.16,0.41,0.7,37643.0,18.6,0.53,2016-2017,MI,49336,Regular School,High,No
262463006114,0.13,0.55,0.72,55806.0,17.5,0.44,2016-2017,MI,48857,Regular School,High,No
262469006118,0.17,0.63,0.47,39778.0,16.7,0.81,2016-2017,MI,48043,Regular School,High,No
262472006128,0.3,0.4,0.37,18438.0,17.4,0.69,2016-2017,MI,48458,Regular School,High,No
262475006135,0.05,0.78,0.36,24471.0,21.5,0.25,2016-2017,MI,48858,Regular School,High,No
262484006152,0.25,0.39,0.28,27852.0,16.9,0.79,2016-2017,MI,49441,Regular School,High,No
262496006174,0.08,0.69,0.62,56720.0,19.7,0.29,2016-2017,MI,49261,Regular School,High,No
262502006179,0.11,0.7,0.74,39848.0,20.4,0.16,2016-2017,MI,49866,Regular School,High,No
262514006181,0.09,0.65,0.5,52941.0,22.7,0.25,2016-2017,MI,49117,Regular School,High,No
262523006184,0.13,0.56,0.75,52569.0,17.3,0.41,2016-2017,MI,48048,Regular School,High,No
262529006186,0.11,0.58,0.85,51095.0,21.3,0.18,2016-2017,MI,48460,Regular School,High,No
262532006190,0.11,0.46,0.74,44559.0,19.1,0.46,2016-2017,MI,49337,Regular School,High,No
262535006195,0.13,0.45,0.51,31403.0,18.5,0.35,2016-2017,MI,49868,Regular School,High,No
262540006202,0.04,0.64,0.87,60927.0,20.8,0.19,2016-2017,MI,49849,Regular School,High,No
262556006206,0.16,0.51,0.56,33109.0,19.5,0.47,2016-2017,MI,49120,Regular School,High,No
262568006213,0.1,0.53,0.64,50049.0,19.9,0.31,2016-2017,MI,48461,Regular School,High,No
262574006220,0.1,0.92,0.87,113672.0,23.8,0.07,2016-2017,MI,48236,Regular School,High,No
262574006230,0.06,0.92,0.92,106302.0,22.0,0.16,2016-2017,MI,48236,Regular School,High,No
262580006235,0.09,0.76,0.81,56893.0,20.8,0.18,2016-2017,MI,49445,Regular School,High,No
262595006240,0.12,0.57,0.79,44323.0,20.5,0.3,2016-2017,MI,49525,Regular School,High,No
262598006245,0.04,0.96,0.94,180125.0,25.1,0.05,2016-2017,MI,48168,Regular School,High,No
262601006255,0.12,0.59,0.66,42559.0,19.0,0.33,2016-2017,MI,49201,Regular School,High,No
262604006257,0.17,0.53,0.78,48500.0,19.8,0.24,2016-2017,MI,49870,Regular School,High,No
262613006263,0.06,0.92,0.79,97578.0,24.3,0.06,2016-2017,MI,48375,Regular School,High,No
262622006276,0.15,0.5,0.44,34110.0,18.1,0.43,2016-2017,MI,49442,Regular School,High,No
262628006282,0.06,0.93,0.85,87825.0,24.8,0.15,2016-2017,MI,48864,Regular School,High,No
262637006285,0.11,0.52,0.74,45985.0,19.9,0.31,2016-2017,MI,49076,Regular School,High,No
262640006289,0.2,0.42,0.6,34744.0,18.9,0.43,2016-2017,MI,49765,Regular School,High,No
262652006295,0.08,0.66,0.58,47013.0,19.2,0.25,2016-2017,MI,49265,Regular School,High,No
262676006304,0.14,0.47,0.58,32011.0,17.8,0.53,2016-2017,MI,49442,Regular School,High,No
262694006308,0.07,0.66,0.88,45663.0,22.1,0.44,2016-2017,MI,49922,Regular School,High,No
262697006312,0.14,0.55,0.58,32983.0,18.6,0.56,2016-2017,MI,48750,Regular School,High,No
262706006319,0.11,0.5,0.71,47313.0,20.6,0.24,2016-2017,MI,49078,Regular School,High,No
262715006325,0.11,0.49,0.72,51618.0,20.7,0.24,2016-2017,MI,48831,Regular School,High,No
262721006332,0.08,0.6,0.62,39940.0,18.9,0.46,2016-2017,MI,48867,Regular School,High,No
262724006338,0.11,0.64,0.75,57244.0,20.7,0.15,2016-2017,MI,48371,Regular School,High,No
262742006342,0.15,0.7,0.54,37169.0,18.7,0.4,2016-2017,MI,49004,Regular School,High,No
262766006352,0.06,0.76,0.82,63631.0,21.1,0.31,2016-2017,MI,49079,Regular School,High,No
262769006354,0.13,0.44,0.75,41221.0,17.8,0.41,2016-2017,MI,48466,Regular School,High,No
262781006362,0.12,0.62,0.47,39643.0,18.3,0.3,2016-2017,MI,49017,Regular School,High,No
262790006365,0.13,0.55,0.72,55806.0,19.9,0.3,2016-2017,MI,48872,Regular School,High,No
262793006372,0.06,0.78,0.59,40545.0,20.8,0.23,2016-2017,MI,49770,Regular School,High,No
262814006385,0.07,0.64,0.72,60488.0,20.0,0.13,2016-2017,MI,48169,Regular School,High,No
262817006391,0.12,0.49,0.74,42092.0,19.2,0.37,2016-2017,MI,48650,Regular School,High,No
262850006398,0.1,0.49,0.73,41929.0,19.0,0.43,2016-2017,MI,49271,Regular School,High,No
262853006402,0.09,0.58,0.8,47000.0,20.7,0.23,2016-2017,MI,49080,Regular School,High,No
262874006444,0.14,0.43,0.33,33023.0,14.6,0.68,2016-2017,MI,48340,Regular School,High,No
262883006473,0.06,0.76,0.37,32347.0,19.6,0.29,2016-2017,MI,48060,Regular School,High,No
262883006475,0.23,0.59,0.46,32813.0,17.5,0.48,2016-2017,MI,48060,Regular School,High,No
262889006482,0.09,0.83,0.75,26327.0,23.3,0.22,2016-2017,MI,49931,Regular School,High,No
262895006491,0.06,0.81,0.66,39973.0,22.6,0.13,2016-2017,MI,49002,Regular School,High,No
262895006493,0.1,0.76,0.7,45625.0,21.8,0.18,2016-2017,MI,49024,Regular School,High,No
262912006497,0.07,0.7,0.75,64941.0,19.5,0.24,2016-2017,MI,48875,Regular School,High,No
262916006504,0.1,0.68,0.63,55000.0,18.7,0.26,2016-2017,MI,48876,Regular School,High,No
262922006506,0.07,0.47,0.7,39708.0,19.5,0.27,2016-2017,MI,49874,Regular School,High,No
262925006511,0.09,0.51,0.61,51136.0,19.6,0.28,2016-2017,MI,49082,Regular School,High,No
262937006516,0.1,0.49,0.77,50275.0,19.3,0.29,2016-2017,MI,49451,Regular School,High,No
262940006520,0.13,0.45,0.72,41552.0,19.1,0.41,2016-2017,MI,49274,Regular School,High,No
262946006525,0.15,0.59,0.61,61739.0,17.3,0.56,2016-2017,MI,48240,Regular School,High,No
262946008380,0.15,0.59,0.61,61739.0,12.5,0.86,2016-2017,MI,48240,Regular School,High,No
262949006534,0.12,0.5,0.53,35410.0,18.4,0.43,2016-2017,MI,49677,Regular School,High,No
262952006536,0.09,0.6,0.74,49156.0,20.6,0.28,2016-2017,MI,48757,Regular School,High,No
262954006544,0.16,0.62,0.64,46324.0,18.7,0.32,2016-2017,MI,49445,Regular School,High,No
262967006549,0.08,0.62,0.73,47230.0,19.8,0.2,2016-2017,MI,48062,Special Education School,High,No
262976006555,0.23,0.26,0.47,33047.0,15.4,0.86,2016-2017,MI,48218,Regular School,High,No
262991006564,0.09,0.54,0.7,37117.0,20.7,0.23,2016-2017,MI,48193,Regular School,High,No
262994001286,0.07,0.86,0.92,77351.0,23.8,0.08,2016-2017,MI,48306,Regular School,High,No
262994006573,0.06,0.91,0.85,82407.0,22.1,0.2,2016-2017,MI,48307,Regular School,High,No
262994006577,0.05,0.92,0.92,134853.0,24.8,0.05,2016-2017,MI,48306,Regular School,High,No
263003006588,0.09,0.74,0.86,59773.0,22.2,0.06,2016-2017,MI,49341,Regular School,High,No
263012006606,0.09,0.44,0.61,43400.0,17.1,0.63,2016-2017,MI,48174,Regular School,High,No
263021006628,0.07,0.52,0.17,30643.0,17.9,0.6,2016-2017,MI,48066,Regular School,High,No
263030006637,0.05,0.8,0.8,52580.0,21.9,0.18,2016-2017,MI,48073,Regular School,High,No
263039006656,0.07,0.61,0.54,47310.0,15.8,0.89,2016-2017,MI,48602,Regular School,High,No
263039006677,0.34,0.35,0.04,17113.0,14.6,0.89,2016-2017,MI,48601,Regular School,High,No
263045006701,0.07,0.79,0.88,70179.0,20.3,0.28,2016-2017,MI,48603,Regular School,High,No
263066006709,0.05,0.93,0.96,134500.0,24.4,0.06,2016-2017,MI,48176,Regular School,High,No
263084006714,0.15,0.45,0.69,36401.0,20.4,0.4,2016-2017,MI,48471,Regular School,High,No
263093006717,0.09,0.57,0.81,51702.0,19.3,0.32,2016-2017,MI,48881,Regular School,High,No
263096006720,0.06,0.72,0.79,60018.0,22.1,0.24,2016-2017,MI,49453,Regular School,High,No
263102006732,0.07,0.65,0.87,50326.0,21.8,0.16,2016-2017,MI,49087,Regular School,High,No
263138006741,0.09,0.63,0.66,47679.0,19.8,0.29,2016-2017,MI,48883,Regular School,High,No
263222006751,0.09,0.67,0.66,48583.0,18.4,0.5,2016-2017,MI,48080,Regular School,High,No
263225001837,0.05,0.67,0.89,94688.0,21.8,0.18,2016-2017,MI,48178,Regular School,High,No
263225006755,0.05,0.77,0.87,68772.0,22.4,0.11,2016-2017,MI,48178,Regular School,High,No
263228006762,0.12,0.67,0.64,54637.0,17.6,0.49,2016-2017,MI,48239,Regular School,High,No
263230006770,0.05,0.73,0.54,45057.0,19.4,0.48,2016-2017,MI,49090,Regular School,High,No
263231007791,0.12,0.73,0.4,45553.0,21.0,0.22,2016-2017,MI,48076,Regular School,High,No
263234006793,0.06,0.62,0.84,44854.0,19.8,0.27,2016-2017,MI,48195,Regular School,High,No
263237006798,0.09,0.54,0.55,40703.0,19.7,0.28,2016-2017,MI,49345,Regular School,High,No
263255006806,0.04,0.75,0.88,55513.0,22.0,0.13,2016-2017,MI,49456,Regular School,High,No
263261006808,0.08,0.56,0.71,51150.0,19.6,0.44,2016-2017,MI,49284,Regular School,High,No
263267006815,0.07,0.56,0.77,49267.0,20.0,0.27,2016-2017,MI,48082,Regular School,High,No
263282006827,0.06,0.68,0.64,42808.0,21.0,0.18,2016-2017,MI,48879,Regular School,High,No
263285006834,0.05,0.7,0.89,44583.0,22.8,0.16,2016-2017,MI,49085,Regular School,High,No
263288006837,0.12,0.46,0.56,30529.0,19.2,0.42,2016-2017,MI,48880,Regular School,High,No
263291006842,0.12,0.49,0.57,28792.0,19.6,0.42,2016-2017,MI,49935,Regular School,High,No
263294006846,0.1,0.5,0.77,39653.0,18.6,0.41,2016-2017,MI,48658,Regular School,High,No
263300006852,0.09,0.59,0.76,54701.0,20.3,0.33,2016-2017,MI,49887,Regular School,High,No
263303006858,0.09,0.59,0.72,52029.0,19.3,0.26,2016-2017,MI,49285,Regular School,High,No
263309006864,0.11,0.59,0.76,48995.0,19.1,0.4,2016-2017,MI,49091,Regular School,High,No
263312006868,0.08,0.52,0.75,57781.0,20.0,0.2,2016-2017,MI,49270,Regular School,High,No
263341006876,0.09,0.64,0.72,58137.0,20.5,0.26,2016-2017,MI,48609,Regular School,High,No
263342006881,0.13,0.65,0.8,49181.0,19.5,0.3,2016-2017,MI,48473,Regular School,High,No
263351006885,0.14,0.57,0.64,43886.0,20.2,0.33,2016-2017,MI,48763,Regular School,High,No
263354006899,0.21,0.57,0.31,35109.0,18.7,0.5,2016-2017,MI,48180,Regular School,High,No
263354006910,0.06,0.5,0.43,42404.0,17.4,0.61,2016-2017,MI,48180,Regular School,High,No
263372006918,0.11,0.65,0.61,37528.0,20.8,0.19,2016-2017,MI,49286,Regular School,High,No
263381006924,0.04,0.63,0.9,61797.0,19.8,0.21,2016-2017,MI,49333,Regular School,High,No
263387000838,0.05,0.65,0.8,50186.0,21.1,0.25,2016-2017,MI,49684,Regular School,High,No
263387006949,0.03,0.89,0.75,56326.0,21.4,0.27,2016-2017,MI,49686,Regular School,High,No
263390006956,0.09,0.67,0.8,60639.0,21.3,0.16,2016-2017,MI,48183,Regular School,High,No
263393006961,0.08,0.46,0.79,47146.0,18.9,0.32,2016-2017,MI,49329,Regular School,High,No
263426006966,0.05,0.91,0.94,115250.0,25.0,0.08,2016-2017,MI,48098,Regular School,High,No
263426006976,0.08,0.89,0.88,107083.0,23.9,0.12,2016-2017,MI,48085,Regular School,High,No
263438006981,0.06,0.44,0.83,46705.0,18.9,0.3,2016-2017,MI,48475,Regular School,High,No
263441006983,0.11,0.51,0.61,43333.0,19.6,0.44,2016-2017,MI,49094,Regular School,High,No
263444006987,0.14,0.58,0.78,46625.0,19.7,0.33,2016-2017,MI,48759,Regular School,High,No
263447007005,0.07,0.63,0.82,41737.0,20.2,0.25,2016-2017,MI,48317,Regular School,High,No
263447007009,0.08,0.56,0.77,52467.0,20.6,0.3,2016-2017,MI,48313,Regular School,High,No
263447007018,0.1,0.76,0.95,77313.0,21.6,0.08,2016-2017,MI,48316,Regular School,High,No
263447007025,0.07,0.69,0.76,71393.0,20.8,0.2,2016-2017,MI,48313,Regular School,High,No
263456007030,0.08,0.6,0.5,46250.0,18.6,0.35,2016-2017,MI,48111,Regular School,High,No
263468007048,0.29,0.33,0.37,24258.0,16.0,0.66,2016-2017,MI,48089,Regular School,High,No
263471007056,0.12,0.5,0.72,47873.0,18.3,0.43,2016-2017,MI,48768,Regular School,High,No
263492007059,0.14,0.49,0.79,43052.0,17.6,0.44,2016-2017,MI,48891,Regular School,High,No
263495007065,0.1,0.66,0.75,57054.0,20.5,0.23,2016-2017,MI,49097,Regular School,High,No
263516001289,0.08,0.73,0.85,73707.0,21.6,0.12,2016-2017,MI,48382,Regular School,High,No
263516007081,0.06,0.77,0.86,88401.0,21.1,0.21,2016-2017,MI,48390,Regular School,High,No
263516007084,0.04,0.85,0.66,69013.0,20.5,0.26,2016-2017,MI,48390,Regular School,High,No
263519007088,0.1,0.67,0.76,53355.0,18.6,0.54,2016-2017,MI,48092,Alternative School,High,No
263519007089,0.17,0.63,0.74,44201.0,19.5,0.32,2016-2017,MI,48093,Alternative School,High,No
263519007112,0.14,0.69,0.9,56150.0,19.1,0.54,2016-2017,MI,48312,Alternative School,High,No
263522007124,0.07,0.62,0.82,59345.0,18.8,0.38,2016-2017,MI,48088,Regular School,High,No
263531007150,0.09,0.57,0.7,41393.0,18.5,0.45,2016-2017,MI,48328,Regular School,High,No
263546007156,0.12,0.44,0.74,41006.0,19.4,0.41,2016-2017,MI,49098,Regular School,High,No
263552007160,0.06,0.79,0.8,59292.0,19.2,0.37,2016-2017,MI,48917,Regular School,High,No
263555007169,0.05,0.56,0.8,54012.0,19.5,0.29,2016-2017,MI,49348,Regular School,High,No
263573007173,0.09,0.59,0.68,63590.0,19.7,0.32,2016-2017,MI,48892,Regular School,High,No
263582007181,0.08,0.88,0.92,106875.0,21.5,0.22,2016-2017,MI,48323,Regular School,High,No
263582007784,0.03,0.92,0.8,95513.0,21.6,0.17,2016-2017,MI,48334,Regular School,High,No
263585007185,0.11,0.58,0.44,33021.0,19.7,0.45,2016-2017,MI,48661,Regular School,High,No
263591007194,0.04,0.84,0.9,88125.0,20.4,0.35,2016-2017,MI,49424,Regular School,High,No
263594007200,0.09,0.7,0.73,52750.0,19.8,0.27,2016-2017,MI,49269,Regular School,High,No
263597007205,0.33,0.36,0.58,24639.0,15.6,0.7,2016-2017,MI,48504,Regular School,High,No
263606007207,0.18,0.39,0.64,31958.0,17.9,0.53,2016-2017,MI,49349,Regular School,High,No
263627007215,0.11,0.54,0.85,57426.0,19.5,0.15,2016-2017,MI,49267,Regular School,High,No
263630007219,0.08,0.69,0.63,49217.0,19.9,0.3,2016-2017,MI,49461,Regular School,High,No
263633007221,0.09,0.73,0.64,51143.0,19.5,0.31,2016-2017,MI,48189,Regular School,High,No
263639007223,0.12,0.44,0.73,33892.0,17.3,0.74,2016-2017,MI,48770,Regular School,High,No
263642007718,0.04,0.77,0.72,61750.0,22.2,0.14,2016-2017,MI,48895,Regular School,High,No
263648507242,0.08,0.6,0.7,65079.0,20.3,0.3,2016-2017,MI,48134,Regular School,High,No
263654007252,0.06,0.54,0.53,64130.0,19.3,0.36,2016-2017,MI,48192,Regular School,High,No
263657007264,0.11,0.5,0.58,47300.0,18.2,0.5,2016-2017,MI,49509,Regular School,High,No
263660007275,0.12,0.55,0.72,46928.0,20.2,0.25,2016-2017,MI,48097,Regular School,High,No
263663008112,0.08,0.7,0.28,28681.0,16.1,0.53,2016-2017,MI,48197,Regular School,High,No
263663008476,0.16,0.72,0.86,54023.0,15.3,0.61,2016-2017,MI,48197,Regular School,High,No
263663008572,0.16,0.72,0.86,54023.0,16.1,0.63,2016-2017,MI,48197,Regular School,High,No
263666001316,0.08,0.63,0.67,47396.0,20.8,0.14,2016-2017,MI,49464,Regular School,High,No
263666007296,0.08,0.63,0.67,47396.0,21.2,0.12,2016-2017,MI,49464,Regular School,High,No
268052008246,0.1,0.8,0.77,26660.0,22.8,0.28,2016-2017,MI,48933,Regular School,High,No
268082008011,0.05,0.67,0.81,60417.0,22.9,0.1,2016-2017,MI,48161,Regular School,High,No
268093008290,0.12,0.69,0.78,42358.0,20.1,0.24,2016-2017,MI,48710,Regular School,High,No
268099008061,0.31,0.62,0.0,16534.0,23.1,0.1,2016-2017,MI,48197,Regular School,High,No
268099008147,0.18,0.7,0.32,21754.0,27.3,0.06,2016-2017,MI,48198,Regular School,High,No
268099008165,0.17,0.63,0.49,37639.0,17.0,0.58,2016-2017,MI,48197,Regular School,High,No
290000100049,0.15,0.38,0.7,31750.0,20.1,0.43,2016-2017,MO,65013,Regular School,High,No
290000201642,0.03,0.4,0.53,41020.0,22.5,0.38,2016-2017,MO,64424,Regular School,High,No
290000401488,0.14,0.5,0.53,32169.0,19.3,0.51,2016-2017,MO,63869,Regular School,High,No
290001402743,0.1,0.41,0.16,26931.0,16.1,0.78,2016-2017,MO,64131,Regular School,High,Yes
290002702808,0.03,0.94,0.86,91554.0,20.1,0.62,2016-2017,MO,64131,Regular School,High,Yes
290002902741,0.15,0.41,0.21,28554.0,16.5,0.9,2016-2017,MO,64108,Regular School,High,Yes
290057403183,0.05,0.84,0.43,50378.0,15.8,0.78,2016-2017,MO,63104,Regular School,High,Yes
290057903102,0.04,0.83,1.0,55303.0,15.6,0.92,2016-2017,MO,63103,Regular School,High,Yes
290100000299,0.07,0.79,0.4,25104.0,24.3,0.18,2016-2017,MO,65203,Regular School,High,No
290100000300,0.13,0.63,0.38,29100.0,23.7,0.3,2016-2017,MO,65203,Regular School,High,No
290100003239,0.03,0.79,0.7,51372.0,20.7,0.46,2016-2017,MO,65202,Regular School,High,No
290291000009,0.05,0.73,0.7,49868.0,22.0,0.33,2016-2017,MO,63123,Regular School,High,No
290297000010,0.07,0.52,0.73,39280.0,19.2,0.36,2016-2017,MO,64402,Regular School,High,No
290306000016,0.08,0.36,0.49,27813.0,20.3,0.54,2016-2017,MO,65606,Regular School,High,No
290315000022,0.13,0.51,0.65,36016.0,22.0,0.48,2016-2017,MO,63650,Regular School,High,No
290327000028,0.06,0.47,0.68,40469.0,20.2,0.35,2016-2017,MO,65604,Regular School,High,No
290402000031,0.05,0.4,0.69,28315.0,20.5,0.44,2016-2017,MO,65605,Regular School,High,No
290405000036,0.15,0.32,0.68,26680.0,20.6,0.5,2016-2017,MO,65608,Regular School,High,No
290450000044,0.11,0.57,0.62,44883.0,19.8,0.42,2016-2017,MO,63123,Regular School,High,No
290462000055,0.09,0.56,0.73,52153.0,21.6,0.4,2016-2017,MO,64012,Regular School,High,No
290489000059,0.06,0.43,0.67,44808.0,20.8,0.35,2016-2017,MO,63736,Regular School,High,No
290525000073,0.13,0.44,0.85,41212.0,19.2,0.42,2016-2017,MO,63825,Regular School,High,No
290528000076,0.09,0.45,0.81,40746.0,20.7,0.45,2016-2017,MO,65611,Regular School,High,No
290531000085,0.1,0.57,0.59,45476.0,22.6,0.2,2016-2017,MO,64015,Regular School,High,No
290531000170,0.02,0.63,0.72,63887.0,23.1,0.15,2016-2017,MO,64014,Regular School,High,No
290537000092,0.16,0.52,0.67,37707.0,23.4,0.39,2016-2017,MO,65613,Regular School,High,No
290543000100,0.1,0.37,0.58,36614.0,20.0,0.43,2016-2017,MO,63628,Regular School,High,No
290558000104,0.06,0.59,0.67,40528.0,22.0,0.31,2016-2017,MO,65233,Regular School,High,No
290564000109,0.11,0.43,0.45,32344.0,18.8,0.53,2016-2017,MO,65441,Regular School,High,No
290566000115,0.04,0.44,0.63,28781.0,22.4,0.36,2016-2017,MO,63334,Regular School,High,No
290576000122,0.08,0.57,0.64,39821.0,22.1,0.41,2016-2017,MO,65616,Regular School,High,No
290588000131,0.02,0.94,0.84,72909.0,22.7,0.29,2016-2017,MO,63144,Regular School,High,No
290594000139,0.02,0.48,0.79,39038.0,21.0,0.33,2016-2017,MO,64628,Regular School,High,No
290612000149,0.15,0.55,0.63,41634.0,21.4,0.49,2016-2017,MO,65622,Regular School,High,No
290636000158,0.08,0.41,0.5,27896.0,21.1,0.38,2016-2017,MO,64730,Regular School,High,No
290643000161,0.15,0.37,0.67,29288.0,20.7,0.42,2016-2017,MO,65689,Regular School,High,No
290651000168,0.09,0.48,0.72,40885.0,21.4,0.31,2016-2017,MO,65018,Regular School,High,No
290699000175,0.1,0.55,0.48,37788.0,21.8,0.42,2016-2017,MO,65020,Regular School,High,No
290702000176,0.13,0.61,0.66,47038.0,21.0,0.31,2016-2017,MO,64429,Regular School,High,No
290708000182,0.06,0.56,0.67,40648.0,20.9,0.27,2016-2017,MO,63435,Regular School,High,No
290712000186,0.12,0.51,0.22,26620.0,20.9,0.45,2016-2017,MO,63703,Regular School,High,No
290735000198,0.05,0.65,0.64,56706.0,22.1,0.22,2016-2017,MO,64834,Regular School,High,No
290738000202,0.15,0.48,0.57,32429.0,19.7,0.36,2016-2017,MO,64633,Regular School,High,No
290746000211,0.14,0.38,0.65,31131.0,21.2,0.46,2016-2017,MO,64836,Regular School,High,No
290747000214,0.08,0.47,0.41,33400.0,19.5,0.61,2016-2017,MO,63830,Regular School,High,No
290817000219,0.07,0.48,0.6,39289.0,20.4,0.43,2016-2017,MO,65625,Regular School,High,No
290825000225,0.15,0.64,0.17,24250.0,18.8,0.58,2016-2017,MO,64131,Regular School,High,No
290837000239,0.01,0.62,0.74,64763.0,21.8,0.17,2016-2017,MO,63366,Regular School,High,No
290837002490,0.04,0.71,0.76,64239.0,23.1,0.13,2016-2017,MO,63376,Regular School,High,No
290837002624,0.11,0.61,0.81,82733.0,22.7,0.13,2016-2017,MO,63366,Regular School,High,No
290837002978,0.08,0.74,0.89,78125.0,22.6,0.21,2016-2017,MO,63376,Regular School,High,No
290840000244,0.05,0.6,0.76,46659.0,21.5,0.23,2016-2017,MO,65240,Regular School,High,No
290846000248,0.09,0.39,0.69,31469.0,20.5,0.33,2016-2017,MO,63740,Regular School,High,No
290867000254,0.24,0.38,0.34,27832.0,17.8,0.65,2016-2017,MO,63834,Regular School,High,No
290876000264,0.02,0.54,0.86,42750.0,20.9,0.3,2016-2017,MO,64601,Regular School,High,No
290972000275,0.06,0.79,0.94,110972.0,25.2,0.1,2016-2017,MO,63105,Regular School,High,No
290975000277,0.07,0.35,0.6,31319.0,21.1,0.61,2016-2017,MO,63957,Regular School,High,No
290978000282,0.08,0.6,0.78,52821.0,21.1,0.25,2016-2017,MO,65631,Regular School,High,No
290986000286,0.11,0.53,0.6,31952.0,20.5,0.37,2016-2017,MO,64735,Regular School,High,No
290990000293,0.08,0.55,0.76,39608.0,21.3,0.37,2016-2017,MO,65325,Regular School,High,No
290993000295,0.06,0.78,0.69,61042.0,23.1,0.08,2016-2017,MO,65101,Regular School,High,No
291008000322,0.07,0.5,0.6,46553.0,20.1,0.19,2016-2017,MO,64020,Regular School,High,No
291011000324,0.06,0.41,0.71,50908.0,21.1,0.45,2016-2017,MO,65632,Regular School,High,No
291029000333,0.09,0.36,0.73,41688.0,18.7,0.42,2016-2017,MO,65633,Regular School,High,No
291032000335,0.08,0.53,0.75,51184.0,21.2,0.33,2016-2017,MO,64739,Regular School,High,No
291041000341,0.13,0.51,0.44,40350.0,20.7,0.46,2016-2017,MO,65453,Regular School,High,No
291050000350,0.08,0.52,0.46,35744.0,21.3,0.41,2016-2017,MO,63020,Regular School,High,No
291077000363,0.09,0.44,0.66,36219.0,21.3,0.37,2016-2017,MO,63841,Regular School,High,No
291080000366,0.05,0.57,0.82,44434.0,20.6,0.32,2016-2017,MO,64840,Regular School,High,No
291083000369,0.08,0.43,0.73,42583.0,20.9,0.36,2016-2017,MO,65459,Regular School,High,No
291092000373,0.13,0.38,0.54,30385.0,19.8,0.55,2016-2017,MO,63935,Regular School,High,No
291095000375,0.18,0.42,0.57,31267.0,19.3,0.5,2016-2017,MO,65637,Regular School,High,No
291110000383,0.07,0.42,0.73,29262.0,21.0,0.56,2016-2017,MO,63937,Regular School,High,No
291122000388,0.09,0.33,0.55,23800.0,19.5,0.47,2016-2017,MO,63845,Regular School,High,No
291125000391,0.09,0.53,0.74,55357.0,22.0,0.19,2016-2017,MO,64454,Regular School,High,No
291131000398,0.1,0.44,0.46,25108.0,20.4,0.43,2016-2017,MO,64744,Regular School,High,No
291134000402,0.14,0.42,0.45,27740.0,21.2,0.44,2016-2017,MO,65026,Regular School,High,No
291140000407,0.14,0.48,0.67,40948.0,20.0,0.42,2016-2017,MO,63343,Regular School,High,No
291155000411,0.07,0.49,0.8,53375.0,20.4,0.33,2016-2017,MO,65032,Regular School,High,No
291165000420,0.02,0.55,0.6,55114.0,21.4,0.34,2016-2017,MO,64024,Regular School,High,No
291170000429,0.04,0.56,0.69,50868.0,22.6,0.24,2016-2017,MO,65648,Regular School,High,No
291173000431,0.1,0.42,0.76,36906.0,19.5,0.64,2016-2017,MO,65649,Regular School,High,No
291191000440,0.1,0.39,0.75,35028.0,21.2,0.37,2016-2017,MO,63640,Regular School,High,No
291194000445,0.04,0.53,0.74,71441.0,20.8,0.2,2016-2017,MO,64448,Regular School,High,No
291199000448,0.05,0.68,0.7,36088.0,21.1,0.32,2016-2017,MO,65248,Regular School,High,No
291201000471,0.08,0.77,0.58,53416.0,18.3,0.47,2016-2017,MO,63033,Regular School,High,No
291201000472,0.09,0.71,0.61,46351.0,16.4,0.69,2016-2017,MO,63031,Regular School,High,No
291201002691,0.15,0.5,0.56,36875.0,16.2,0.73,2016-2017,MO,63135,Regular School,High,No
291203000481,0.08,0.63,0.58,53734.0,21.8,0.27,2016-2017,MO,63028,Regular School,High,No
291218000485,0.05,0.36,0.76,37500.0,22.8,0.38,2016-2017,MO,65652,Regular School,High,No
291224000487,0.08,0.52,0.87,45017.0,20.9,0.57,2016-2017,MO,65653,Regular School,High,No
291229000496,0.07,0.56,0.87,67989.0,21.0,0.4,2016-2017,MO,64058,Regular School,High,No
291230000506,0.13,0.48,0.51,47959.0,22.2,0.29,2016-2017,MO,63010,Regular School,High,No
291230001981,0.07,0.54,0.63,59090.0,23.0,0.2,2016-2017,MO,63052,Regular School,High,No
291254000516,0.16,0.49,0.54,35299.0,21.2,0.5365776367845024,2016-2017,MO,63645,Regular School,High,No
291255000524,0.12,0.47,0.66,41089.0,20.6,0.38,2016-2017,MO,65251,Regular School,High,No
291260000526,0.18,0.42,0.57,31267.0,20.6,0.55,2016-2017,MO,65655,Regular School,High,No
291263000528,0.09,0.36,0.73,41688.0,20.6,0.56,2016-2017,MO,65656,Regular School,High,No
291266000530,0.06,0.47,0.77,40978.0,23.4,0.34,2016-2017,MO,64640,Regular School,High,No
291308000546,0.03,0.63,0.59,63377.0,21.8,0.18,2016-2017,MO,64029,Regular School,High,No
291314000556,0.15,0.63,0.61,37823.0,18.3,0.64,2016-2017,MO,64030,Regular School,High,No
291317002285,0.16,0.46,0.58,47585.0,20.3,0.35,2016-2017,MO,63050,Regular School,High,No
291329000564,0.06,0.52,0.78,44526.0,21.6,0.44,2016-2017,MO,65332,Regular School,High,No
291338000569,0.12,0.45,0.76,38302.0,18.8,0.53,2016-2017,MO,63944,Regular School,High,No
291356000578,0.05,0.59,0.65,58640.0,21.4,0.27,2016-2017,MO,65255,Regular School,High,No
291359000580,0.06,0.47,0.77,40978.0,21.6,0.32,2016-2017,MO,64644,Regular School,High,No
291362000583,0.07,0.35,0.61,43641.0,19.7,0.61,2016-2017,MO,63125,Regular School,High,No
291365000595,0.06,0.54,0.65,44673.0,21.1,0.39,2016-2017,MO,63401,Regular School,High,No
291371000599,0.05,0.57,0.95,65348.0,20.9,0.26,2016-2017,MO,65256,Regular School,High,No
291376000605,0.06,0.54,0.62,45582.0,21.5,0.28,2016-2017,MO,64701,Regular School,High,No
291377000608,0.13,0.37,0.82,34505.0,20.9,0.51,2016-2017,MO,65667,Regular School,High,No
291380000611,0.06,0.32,0.18,23368.0,17.3,0.79,2016-2017,MO,63851,Regular School,High,No
291383000622,0.1,0.73,0.56,63640.0,18.1,0.45,2016-2017,MO,63031,Regular School,High,No
291383000625,0.06,0.67,0.47,34381.0,18.1,0.44,2016-2017,MO,63042,Regular School,High,No
291383002696,0.09,0.63,0.45,42961.0,16.4,0.69,2016-2017,MO,63138,Regular School,High,No
291425000639,0.07,0.61,0.71,51806.0,21.4,0.34,2016-2017,MO,63048,Regular School,High,No
291428000646,0.08,0.53,0.65,37007.0,21.0,0.21,2016-2017,MO,65041,Regular School,High,No
291432002372,0.17,0.45,0.66,31250.0,21.8,0.35,2016-2017,MO,65767,Regular School,High,No
291434003156,0.21,0.5,0.32,35179.0,17.2,0.74,2016-2017,MO,64134,Regular School,High,No
291440000672,0.07,0.5,0.6,46553.0,21.5,0.34,2016-2017,MO,64037,Regular School,High,No
291443000675,0.12,0.56,0.89,61700.0,21.5,0.22,2016-2017,MO,63050,Regular School,High,No
291446000678,0.08,0.33,0.63,35471.0,19.1,0.47,2016-2017,MO,63852,Regular School,High,No
291449000680,0.11,0.46,0.69,43981.0,21.3,0.29,2016-2017,MO,64040,Regular School,High,No
291455000684,0.08,0.52,0.87,45017.0,20.0,0.58,2016-2017,MO,65672,Regular School,High,No
291484000688,0.05,0.4,0.72,38256.0,20.8,0.4,2016-2017,MO,65483,Regular School,High,No
291542000703,0.09,0.5,0.76,40885.0,19.7,0.38,2016-2017,MO,65486,Regular School,High,No
291545000705,0.06,0.39,0.56,42981.0,22.9,0.34,2016-2017,MO,63780,Regular School,High,No
291548000722,0.08,0.56,0.63,53952.0,20.6,0.38,2016-2017,MO,64055,Regular School,High,No
291548000724,0.09,0.48,0.64,44573.0,20.6,0.55,2016-2017,MO,64050,Regular School,High,No
291548003096,0.17,0.39,0.33,29322.0,17.7,0.71,2016-2017,MO,64053,Regular School,High,No
291560000738,0.09,0.54,0.74,39560.0,22.3,0.25,2016-2017,MO,63755,Regular School,High,No
291614000745,0.06,0.5,0.57,41014.0,20.1,0.4,2016-2017,MO,64755,Regular School,High,No
291619000749,0.09,0.62,0.43,34183.0,21.4,0.34,2016-2017,MO,65101,Regular School,High,No
291623003144,0.1,0.63,0.68,56200.0,20.7,0.22,2016-2017,MO,63028,Regular School,High,No
291629000769,0.27,0.57,0.34,27038.0,15.5,0.77,2016-2017,MO,63136,Regular School,High,No
291635000787,0.09,0.43,0.51,32884.0,21.7,0.45,2016-2017,MO,64802,Regular School,High,No
291638000797,0.04,0.55,0.67,41250.0,20.4,0.31,2016-2017,MO,63445,Regular School,High,No
291640000840,0.19,0.46,0.21,29275.0,14.8,0.74,2016-2017,MO,64128,Career and Technical School,High,No
291640000860,0.12,0.34,0.26,25473.0,14.7,0.69,2016-2017,MO,64124,Regular School,High,No
291640000862,0.2,0.42,0.39,17656.0,16.7,0.64,2016-2017,MO,64110,Regular School,High,No
291640000880,0.22,0.23,0.28,22143.0,14.7,0.75,2016-2017,MO,64127,Regular School,High,No
291640003097,0.17,0.4,0.22,30653.0,14.9,0.76,2016-2017,MO,64131,Regular School,High,No
291645000894,0.05,0.75,0.81,81763.0,22.8,0.11,2016-2017,MO,64060,Regular School,High,No
291650000897,0.09,0.37,0.67,41389.0,20.6,0.56,2016-2017,MO,63857,Regular School,High,No
291674000916,0.06,0.58,0.69,21319.0,23.0,0.29,2016-2017,MO,63501,Regular School,High,No
291677000926,0.02,0.93,0.91,86886.0,23.0,0.13,2016-2017,MO,63122,Regular School,High,No
291683000932,0.1,0.63,0.75,48973.0,21.1,0.21,2016-2017,MO,65336,Regular School,High,No
291782000946,0.04,0.97,0.87,194485.0,25.7,0.11,2016-2017,MO,63124,Regular School,High,No
291785000954,0.06,0.5,0.57,41014.0,20.8,0.34,2016-2017,MO,64759,Regular School,High,No
291788000957,0.11,0.42,0.66,44253.0,19.9,0.48,2016-2017,MO,65534,Regular School,High,No
291797000960,0.05,0.57,0.69,55663.0,21.8,0.24,2016-2017,MO,64465,Regular School,High,No
291822000962,0.02,0.55,0.6,55114.0,21.2,0.17,2016-2017,MO,64062,Regular School,High,No
291824000966,0.05,0.51,0.76,35730.0,20.9,0.52,2016-2017,MO,63601,Regular School,High,No
291827000972,0.1,0.47,0.59,31269.0,21.5,0.44,2016-2017,MO,65536,Regular School,High,No
291830000983,0.08,0.65,0.27,37835.0,23.0,0.17,2016-2017,MO,64063,Regular School,High,No
291830001481,0.06,0.79,0.6,60915.0,23.4,0.14,2016-2017,MO,64086,Regular School,High,No
291830002795,0.05,0.84,0.91,85399.0,23.6,0.07,2016-2017,MO,64082,Regular School,High,No
291846000993,0.05,0.39,0.87,45652.0,20.5,0.27,2016-2017,MO,63452,Regular School,High,No
291848001001,0.09,0.56,0.62,47211.0,18.7,0.36,2016-2017,MO,64067,Regular School,High,No
291851001003,0.06,0.51,0.85,37247.0,20.4,0.32,2016-2017,MO,64762,Regular School,High,No
291854001011,0.06,0.76,0.75,75875.0,21.7,0.15,2016-2017,MO,64068,Regular School,High,No
291854003148,0.03,0.83,0.87,86028.0,21.2,0.16,2016-2017,MO,64068,Regular School,High,No
291860001014,0.04,0.35,0.76,40465.0,21.3,0.46,2016-2017,MO,65542,Regular School,High,No
291869001026,0.03,0.79,0.9,58889.0,24.0,0.16,2016-2017,MO,63126,Regular School,High,No
291917001037,0.05,0.76,0.83,63617.0,22.8,0.25,2016-2017,MO,65742,Regular School,High,No
291923001040,0.04,0.65,0.63,58750.0,22.1,0.13,2016-2017,MO,64070,Regular School,High,No
291926001043,0.09,0.33,0.58,36250.0,19.7,0.49,2016-2017,MO,63353,Regular School,High,No
291935001046,0.06,0.37,0.79,37500.0,20.5,0.42,2016-2017,MO,63764,Regular School,High,No
291941001053,0.08,0.66,0.9,42909.0,20.7,0.35,2016-2017,MO,63552,Regular School,High,No
291989001058,0.13,0.2,0.34,26250.0,19.0,0.54,2016-2017,MO,63863,Regular School,High,No
291998001063,0.11,0.38,0.75,28110.0,21.2,0.51,2016-2017,MO,65704,Regular School,High,No
292001001067,0.12,0.81,0.48,40214.0,22.4,0.51,2016-2017,MO,63143,Regular School,High,No
292005001070,0.04,0.44,0.62,34830.0,20.5,0.26,2016-2017,MO,64658,Regular School,High,No
292031001077,0.13,0.51,0.68,36915.0,20.9,0.43,2016-2017,MO,65705,Regular School,High,No
292041001086,0.09,0.39,0.54,35462.0,20.3,0.33,2016-2017,MO,65340,Regular School,High,No
292043001090,0.07,0.56,0.75,45607.0,21.9,0.31,2016-2017,MO,65706,Regular School,High,No
292049001095,0.07,0.73,0.43,32996.0,21.7,0.15,2016-2017,MO,64468,Regular School,High,No
292055001099,0.06,0.36,0.82,38946.0,20.8,0.29,2016-2017,MO,64469,Regular School,High,No
292061001104,0.05,0.45,0.74,40250.0,20.0,0.49,2016-2017,MO,64831,Regular School,High,No
292067001115,0.07,0.65,0.62,47452.0,22.3,0.29,2016-2017,MO,63125,Regular School,High,No
292067001118,0.05,0.75,0.78,42717.0,23.6,0.16,2016-2017,MO,63129,Regular School,High,No
292070001127,0.07,0.57,0.44,33378.0,20.2,0.37,2016-2017,MO,63555,Regular School,High,No
292081001137,0.1,0.37,0.58,47014.0,18.9,0.38,2016-2017,MO,65265,Regular School,High,No
292094001144,0.05,0.34,0.45,36411.0,19.9,0.5,2016-2017,MO,63556,Regular School,High,No
292110001154,0.1,0.59,0.47,38125.0,20.9,0.46,2016-2017,MO,65270,Regular School,High,No
292112001162,0.18,0.39,0.54,39470.0,20.5,0.35,2016-2017,MO,65708,Regular School,High,No
292121001167,0.05,0.51,0.82,49911.0,20.5,0.34,2016-2017,MO,63456,Regular School,High,No
292133001169,0.1,0.49,0.61,37455.0,21.0,0.41,2016-2017,MO,63361,Regular School,High,No
292151001182,0.07,0.38,0.71,26906.0,20.5,0.48,2016-2017,MO,65711,Regular School,High,No
292154001186,0.12,0.52,0.59,26679.0,20.9,0.49,2016-2017,MO,65548,Regular School,High,No
292160001189,0.08,0.51,0.69,43393.0,21.9,0.36,2016-2017,MO,65712,Regular School,High,No
292181001209,0.05,0.54,0.72,35970.0,21.4,0.44,2016-2017,MO,64850,Regular School,High,No
292184001214,0.06,0.58,0.42,34283.0,21.1,0.39,2016-2017,MO,64772,Regular School,High,No
292187501219,0.05,0.47,0.66,49500.0,20.7,0.28,2016-2017,MO,65063,Regular School,High,No
292196001225,0.04,0.52,0.79,58147.0,22.9,0.24,2016-2017,MO,63068,Regular School,High,No
292253000424,0.06,0.64,0.83,50212.0,23.4,0.22,2016-2017,MO,65714,Regular School,High,No
292265001248,0.2,0.58,0.2,35074.0,15.4,0.85,2016-2017,MO,63133,Regular School,High,No
292274001254,0.04,0.53,0.72,45865.0,20.4,0.38,2016-2017,MO,65262,Regular School,High,No
292280001284,0.09,0.55,0.46,37936.0,21.0,0.38,2016-2017,MO,64116,Regular School,High,No
292280001286,0.04,0.78,0.83,81479.0,21.4,0.28,2016-2017,MO,64118,Regular School,High,No
292280001293,0.1,0.57,0.56,49628.0,20.0,0.38,2016-2017,MO,64119,Regular School,High,No
292280003083,0.03,0.83,0.88,97121.0,22.1,0.12,2016-2017,MO,64156,Regular School,High,No
292283001297,0.04,0.53,0.74,71441.0,22.3,0.12,2016-2017,MO,64439,Regular School,High,No
292289001309,0.11,0.52,0.58,53519.0,21.0,0.32,2016-2017,MO,63016,Regular School,High,No
292295001313,0.11,0.38,0.75,28110.0,17.2,0.52,2016-2017,MO,65717,Regular School,High,No
292301001317,0.09,0.54,0.53,40568.0,20.7,0.21,2016-2017,MO,64075,Regular School,High,No
292310001325,0.05,0.5,0.68,58432.0,20.5,0.31,2016-2017,MO,64076,Regular School,High,No
292316001331,0.02,0.9,0.78,85114.0,22.5,0.26,2016-2017,MO,63301,Regular School,High,No
292327001340,0.09,0.37,0.64,29688.0,19.0,0.48,2016-2017,MO,64776,Regular School,High,No
292334001347,0.08,0.45,0.56,36045.0,22.6,0.32,2016-2017,MO,65066,Regular School,High,No
292343001351,0.09,0.58,0.83,34740.0,22.4,0.19,2016-2017,MO,65721,Regular School,High,No
292346001356,0.11,0.6,0.47,42855.0,22.3,0.32,2016-2017,MO,63069,Regular School,High,No
292349001362,0.09,0.48,0.59,37324.0,21.6,0.22,2016-2017,MO,63461,Regular School,High,No
292355001371,0.08,0.79,0.71,64047.0,23.5,0.21,2016-2017,MO,64153,Regular School,High,No
292355002413,0.03,0.7,0.83,82950.0,24.3,0.16,2016-2017,MO,64150,Regular School,High,No
292358001379,0.04,0.89,0.86,92647.0,23.4,0.14,2016-2017,MO,63017,Regular School,High,No
292358001393,0.08,0.88,0.78,79609.0,22.8,0.2,2016-2017,MO,63146,Regular School,High,No
292358001394,0.03,0.81,0.78,70911.0,22.4,0.14,2016-2017,MO,63021,Regular School,High,No
292358001404,0.04,0.92,0.72,77063.0,23.9,0.12,2016-2017,MO,63011,Regular School,High,No
292364001406,0.05,0.42,0.8,38497.0,19.1,0.4,2016-2017,MO,63662,Regular School,High,No
292370001421,0.07,0.8,0.68,65319.0,22.2,0.31,2016-2017,MO,63043,Regular School,High,No
292373001424,0.04,0.73,0.78,81514.0,21.8,0.22,2016-2017,MO,64078,Regular School,High,No
292453002387,0.08,0.49,0.61,40347.0,19.8,0.32,2016-2017,MO,63775,Regular School,High,No
292511001441,0.07,0.52,0.74,40183.0,22.2,0.49,2016-2017,MO,65723,Regular School,High,No
292514001445,0.11,0.48,0.73,44542.0,21.0,0.35,2016-2017,MO,63336,Regular School,High,No
292523001456,0.06,0.74,0.59,69950.0,21.7,0.17,2016-2017,MO,64079,Regular School,High,No
292529001458,0.03,0.47,0.66,60603.0,20.7,0.18,2016-2017,MO,64477,Regular School,High,No
292533001461,0.06,0.53,0.67,55629.0,21.5,0.15,2016-2017,MO,64080,Regular School,High,No
292535001463,0.1,0.56,0.79,40557.0,21.8,0.48,2016-2017,MO,65725,Regular School,High,No
292541001465,0.07,0.51,0.77,42332.0,20.7,0.43,2016-2017,MO,64671,Regular School,High,No
292545001475,0.05,0.65,0.76,41532.0,22.2,0.43,2016-2017,MO,63901,Regular School,High,No
292550001497,0.14,0.39,0.54,28934.0,19.8,0.47,2016-2017,MO,63664,Regular School,High,No
292559002300,0.08,0.42,0.75,40398.0,20.6,0.37,2016-2017,MO,64673,Regular School,High,No
292562001502,0.09,0.45,0.81,40554.0,20.0,0.46,2016-2017,MO,65734,Regular School,High,No
292564001503,0.03,0.45,0.53,28173.0,19.3,0.3,2016-2017,MO,63565,Regular School,High,No
292571001510,0.06,0.42,0.77,43203.0,20.7,0.28,2016-2017,MO,63436,Regular School,High,No
292607001525,0.06,0.66,0.59,41377.0,19.9,0.39,2016-2017,MO,64133,Regular School,High,No
292607001526,0.04,0.68,0.63,61027.0,19.4,0.41,2016-2017,MO,64138,Regular School,High,No
292616001536,0.14,0.39,0.74,34167.0,21.1,0.51,2016-2017,MO,65737,Regular School,High,No
292622001541,0.08,0.66,0.72,56425.0,21.7,0.29,2016-2017,MO,65738,Regular School,High,No
292631001544,0.07,0.44,0.71,38542.0,19.8,0.49,2016-2017,MO,64779,Regular School,High,No
292643001551,0.11,0.42,0.66,44253.0,20.1,0.53,2016-2017,MO,65556,Regular School,High,No
292648001554,0.09,0.46,0.51,38531.0,20.8,0.31,2016-2017,MO,64085,Regular School,High,No
292664001573,0.09,0.53,0.59,46292.0,18.5,0.65,2016-2017,MO,63114,Regular School,High,No
292667001586,0.21,0.61,0.33,32027.0,15.2,0.88,2016-2017,MO,63137,Regular School,High,No
292685000657,0.03,0.93,0.93,112539.0,23.8,0.13,2016-2017,MO,63017,Regular School,High,No
292685000665,0.1,0.77,0.86,75483.0,22.8,0.13,2016-2017,MO,63026,Regular School,High,No
292685001621,0.04,0.83,0.86,95700.0,23.5,0.1,2016-2017,MO,63025,Regular School,High,No
292685001624,0.05,0.87,0.82,102878.0,24.8,0.11,2016-2017,MO,63011,Regular School,High,No
292689001636,0.03,0.74,0.7,49714.0,23.1,0.32,2016-2017,MO,65401,Regular School,High,No
292697001639,0.04,0.45,0.69,52813.0,20.5,0.28,2016-2017,MO,65074,Regular School,High,No
292706001644,0.03,0.48,0.45,37500.0,19.4,0.54,2016-2017,MO,64504,Regular School,High,No
292706001648,0.04,0.6,0.84,50902.0,20.7,0.4,2016-2017,MO,64501,Regular School,High,No
292706001660,0.14,0.43,0.7,36067.0,19.2,0.6,2016-2017,MO,64505,Regular School,High,No
292709001678,0.11,0.37,0.29,20909.0,20.3,0.43,2016-2017,MO,65560,Regular School,High,No
292752001685,0.03,0.46,0.78,40615.0,22.2,0.28,2016-2017,MO,65281,Regular School,High,No
292757001693,0.05,0.51,0.76,43503.0,21.2,0.23,2016-2017,MO,64485,Regular School,High,No
292763001697,0.06,0.58,0.51,43585.0,23.2,0.44,2016-2017,MO,65065,Regular School,High,No
292766001702,0.11,0.4,0.73,36523.0,19.4,0.38,2016-2017,MO,63561,Regular School,High,No
292783001709,0.02,0.62,0.75,38696.0,20.6,0.52,2016-2017,MO,65301,Regular School,High,No
292787001716,0.16,0.3,0.65,26757.0,18.5,0.52,2016-2017,MO,63876,Regular School,High,No
292790001719,0.05,0.5,0.83,44628.0,21.9,0.36,2016-2017,MO,64865,Regular School,High,No
292793001721,0.16,0.31,0.63,30849.0,22.3,0.61,2016-2017,MO,65746,Regular School,High,No
292811001728,0.09,0.49,0.83,37548.0,21.1,0.33,2016-2017,MO,63468,Regular School,High,No
292814001731,0.05,0.55,0.67,42000.0,24.0,0.12,2016-2017,MO,63469,Regular School,High,No
292826001744,0.11,0.35,0.64,30654.0,20.6,0.51,2016-2017,MO,63801,Regular School,High,No
292838001752,0.04,0.54,0.68,44300.0,20.7,0.34,2016-2017,MO,65350,Regular School,High,No
292841001754,0.06,0.61,0.77,61489.0,22.8,0.11,2016-2017,MO,64089,Regular School,High,No
292843001757,0.01,0.49,0.84,62188.0,21.4,0.31,2016-2017,MO,65059,Regular School,High,No
292853001764,0.16,0.44,0.53,32368.0,18.3,0.53,2016-2017,MO,63877,Regular School,High,No
292856001766,0.08,0.7,0.6,61824.0,22.0,0.15,2016-2017,MO,65010,Regular School,High,No
292871001774,0.11,0.34,0.54,38750.0,19.5,0.44,2016-2017,MO,65772,Regular School,High,No
292874001776,0.09,0.53,0.85,50703.0,20.7,0.43,2016-2017,MO,65753,Regular School,High,No
292880001779,0.14,0.51,0.62,31750.0,19.3,0.34,2016-2017,MO,65754,Regular School,High,No
292886001796,0.1,0.78,0.52,43339.0,23.1,0.29,2016-2017,MO,65804,Regular School,High,No
292886001800,0.13,0.63,0.58,45134.0,19.4,0.54,2016-2017,MO,65803,Regular School,High,No
292886001804,0.03,0.68,0.79,51250.0,22.4,0.19,2016-2017,MO,65807,Regular School,High,No
292886001808,0.1,0.68,0.43,21130.0,21.1,0.52,2016-2017,MO,65807,Regular School,High,No
292892001848,0.13,0.64,0.48,41447.0,21.0,0.35,2016-2017,MO,63301,Regular School,High,No
292892001851,0.02,0.81,0.78,83833.0,22.1,0.27,2016-2017,MO,63301,Regular School,High,No
292895001860,0.04,0.78,0.72,102500.0,23.1,0.08,2016-2017,MO,63304,Regular School,High,No
292895002072,0.05,0.83,0.9,95224.0,22.0,0.15,2016-2017,MO,63304,Regular School,High,No
292895002481,0.07,0.67,0.83,81111.0,21.9,0.17,2016-2017,MO,63303,Regular School,High,No
292910001864,0.09,0.43,0.54,34337.0,21.0,0.37,2016-2017,MO,63077,Regular School,High,No
292917001869,0.11,0.56,0.66,33487.0,20.8,0.43,2016-2017,MO,63601,Regular School,High,No
292925001872,0.08,0.48,0.72,43887.0,21.8,0.52,2016-2017,MO,65559,Regular School,High,No
292928000434,0.1,0.79,0.68,43301.0,16.1,0.75,2016-2017,MO,63110,Regular School,High,No
292928000790,0.31,0.59,0.2,20302.0,16.1,0.84,2016-2017,MO,63108,Regular School,High,No
292928001976,0.1,0.65,0.3,14518.0,26.3,0.32,2016-2017,MO,63108,Regular School,High,No
292928001994,0.17,0.69,0.37,33801.0,15.3,0.86,2016-2017,MO,63118,Regular School,High,No
292928002009,0.4,0.41,0.04,20517.0,14.1,0.88,2016-2017,MO,63113,Regular School,High,No
292928002011,0.25,0.4,0.01,12832.0,14.2,0.88,2016-2017,MO,63106,Regular School,High,No
292928002013,0.05,0.78,0.73,42407.0,16.9,0.78,2016-2017,MO,63139,Regular School,High,No
292928002313,0.05,0.78,0.73,42407.0,17.2,0.79,2016-2017,MO,63139,Regular School,High,No
292928002873,0.2,0.4,0.33,29500.0,17.2,0.82,2016-2017,MO,63118,Regular School,High,No
292928002875,0.03,0.42,0.13,24239.0,15.4,0.93,2016-2017,MO,63120,Regular School,High,No
292934002030,0.07,0.47,0.75,43507.0,18.7,0.23,2016-2017,MO,64489,Regular School,High,No
292937002033,0.03,0.45,0.74,36784.0,21.5,0.27,2016-2017,MO,63670,Regular School,High,No
292943002037,0.13,0.46,0.76,32046.0,20.3,0.46,2016-2017,MO,65565,Regular School,High,No
292952002044,0.08,0.53,0.69,34566.0,20.8,0.48,2016-2017,MO,65785,Regular School,High,No
292961002048,0.16,0.4,0.87,37929.0,20.2,0.57,2016-2017,MO,65078,Regular School,High,No
292964002050,0.04,0.56,0.69,50868.0,21.8,0.21,2016-2017,MO,65757,Regular School,High,No
292976002057,0.18,0.39,0.61,27168.0,20.9,0.33,2016-2017,MO,63080,Regular School,High,No
293027002069,0.07,0.53,0.81,31686.0,21.2,0.45,2016-2017,MO,65791,Regular School,High,No
293033002073,0.07,0.35,0.75,45817.0,21.6,0.33,2016-2017,MO,65081,Regular School,High,No
293036002080,0.05,0.56,0.5,29209.0,20.4,0.39,2016-2017,MO,64683,Regular School,High,No
293042002084,0.11,0.5,0.78,39858.0,21.4,0.45,2016-2017,MO,64844,Regular School,High,No
293045002090,0.09,0.51,0.6,43993.0,20.9,0.29,2016-2017,MO,63379,Regular School,High,No
293052002095,0.13,0.35,0.6,40618.0,19.1,0.5,2016-2017,MO,63932,Regular School,High,No
293057002101,0.09,0.62,0.7,42818.0,22.4,0.23,2016-2017,MO,63084,Regular School,High,No
293066002113,0.09,0.76,0.55,48387.0,18.0,0.63,2016-2017,MO,63130,Regular School,High,No
293069002116,0.02,0.78,0.61,58571.0,22.8,0.38,2016-2017,MO,63088,Regular School,High,No
293078002124,0.13,0.34,0.65,35128.0,21.6,0.37,2016-2017,MO,63382,Regular School,High,No
293084002131,0.25,0.29,0.57,29964.0,20.6,0.53,2016-2017,MO,65084,Regular School,High,No
293087002134,0.09,0.49,0.68,47379.0,19.7,0.25,2016-2017,MO,65582,Regular School,High,No
293102002145,0.08,0.8,0.69,53350.0,22.0,0.22,2016-2017,MO,64093,Regular School,High,No
293105002151,0.1,0.49,0.63,45944.0,21.1,0.41,2016-2017,MO,63383,Regular School,High,No
293107002152,0.07,0.33,0.58,32010.0,20.5,0.57,2016-2017,MO,65355,Regular School,High,No
293111002163,0.06,0.65,0.54,47696.0,23.2,0.21,2016-2017,MO,63090,Regular School,High,No
293114001901,0.18,0.26,0.51,28438.0,21.6,0.62,2016-2017,MO,63630,Regular School,High,No
293144002175,0.19,0.72,0.74,54341.0,21.0,0.22,2016-2017,MO,65583,Regular School,High,No
293150002186,0.06,0.42,0.49,35895.0,20.7,0.33,2016-2017,MO,64870,Regular School,High,No
293153002197,0.04,0.9,0.95,109167.0,23.1,0.14,2016-2017,MO,63119,Regular School,High,No
293165002208,0.02,0.46,0.3,39684.0,22.8,0.2,2016-2017,MO,63385,Regular School,High,No
293165002844,0.02,0.82,0.86,83349.0,23.6,0.19,2016-2017,MO,63385,Regular School,High,No
293168002215,0.13,0.45,0.36,19068.0,20.8,0.47,2016-2017,MO,65775,Regular School,High,No
293171002220,0.08,0.69,0.69,73059.0,22.3,0.21,2016-2017,MO,64098,Regular School,High,No
293180002224,0.07,0.56,0.68,64603.0,21.3,0.36410288121038337,2016-2017,MO,64734,Regular School,High,No
293183002226,0.03,0.41,0.9,63378.0,22.8,0.11,2016-2017,MO,65085,Regular School,High,No
293186002232,0.06,0.45,0.71,41103.0,19.5,0.4,2016-2017,MO,65259,Regular School,High,No
293201002243,0.06,0.56,0.81,51659.0,22.5,0.26,2016-2017,MO,65781,Regular School,High,No
293207002245,0.11,0.47,0.6,32634.0,21.3,0.49,2016-2017,MO,65793,Regular School,High,No
293210002253,0.15,0.43,0.69,50972.0,21.4,0.28,2016-2017,MO,63052,Regular School,High,No
293211002255,0.08,0.51,0.85,34351.0,19.3,0.41,2016-2017,MO,65360,Regular School,High,No
293219002257,0.15,0.42,0.78,54613.0,20.3,0.42,2016-2017,MO,63389,Regular School,High,No
293222002260,0.11,0.39,0.62,32404.0,18.9,0.78,2016-2017,MO,65588,Regular School,High,No
293231002266,0.09,0.6,0.8,54971.0,19.9,0.4,2016-2017,MO,63390,Regular School,High,No
340000406014,0.1,0.93,0.98,102277.0,25.31,0.02,2016-2017,NJ,7928,Regular School,High,No
340000900176,0.04,0.94,0.95,123333.0,25.23,0.06,2016-2017,NJ,7924,Regular School,High,No
340001900269,0.08,0.59,0.47,61136.0,17.56,0.38,2016-2017,NJ,8244,Regular School,High,Yes
340004800335,0.1,0.64,0.54,58464.0,15.56,0.74,2016-2017,NJ,7719,Regular School,High,Yes
340007300531,0.13,0.69,0.65,55611.0,16.27,0.64,2016-2017,NJ,7305,Regular School,High,Yes
340074003047,0.11,0.22,0.27,38493.0,16.25,0.55,2016-2017,NJ,7060,Regular School,High,Yes
340074103050,0.05,0.36,0.49,57553.0,19.32,0.49,2016-2017,NJ,8861,Regular School,High,Yes
340093003732,0.09,0.62,0.15,43295.0,14.15,0.84,2016-2017,NJ,7712,Regular School,High,No
340096000010,0.11,0.38,0.46,28793.0,18.74,0.73,2016-2017,NJ,8401,Regular School,High,No
340105001298,0.1,0.6,0.84,87337.0,21.64,0.17,2016-2017,NJ,8106,Regular School,High,No
340126002704,0.07,0.56,0.59,52847.0,18.83,0.58,2016-2017,NJ,7002,Regular School,High,No
340135001954,0.08,0.6,0.73,93380.0,19.35,0.41,2016-2017,NJ,7109,Regular School,High,No
340144005794,0.07,0.58,0.81,59737.0,21.03,0.1,2016-2017,NJ,7823,Regular School,High,No
340150000268,0.05,0.69,0.84,91500.0,20.79,0.25,2016-2017,NJ,7621,Regular School,High,No
340153000201,0.07,0.92,0.97,181563.0,23.94,0.01,2016-2017,NJ,7922,Regular School,High,No
340165005124,0.04,0.94,0.95,123333.0,25.94,0.01,2016-2017,NJ,7920,Regular School,High,No
340177000425,0.12,0.63,0.6,70244.0,21.32,0.24,2016-2017,NJ,8081,Regular School,High,No
340177001336,0.14,0.59,0.59,49383.0,20.93,0.25,2016-2017,NJ,8012,Regular School,High,No
340177001338,0.15,0.55,0.57,48000.0,21.35,0.25,2016-2017,NJ,8078,Regular School,High,No
340183001980,0.11,0.73,0.57,65425.0,18.27,0.37,2016-2017,NJ,7003,Regular School,High,No
340192000284,0.12,0.55,0.79,79242.0,19.79,0.35,2016-2017,NJ,7603,Regular School,High,No
340195004154,0.08,0.72,0.81,97961.0,20.81,0.13,2016-2017,NJ,7005,Regular School,High,No
340203000960,0.0,0.3,1.0,149750.0,21.45,0.18,2016-2017,NJ,8505,Regular School,High,No
340210005144,0.05,0.37,0.65,58490.0,18.69,0.51,2016-2017,NJ,8805,Regular School,High,No
340222004582,0.15,0.46,0.69,43642.0,20.96,0.27,2016-2017,NJ,8723,Regular School,High,No
340222005896,0.11,0.56,0.45,58625.0,20.91,0.19,2016-2017,NJ,8724,Regular School,High,No
340225001784,0.17,0.5,0.5,45000.0,16.59,0.82,2016-2017,NJ,8302,Regular School,High,No
340228000173,0.11,0.8,0.86,113489.0,24.62,0.06,2016-2017,NJ,8807,Regular School,High,No
340240000044,0.18,0.52,0.71,44010.0,21.01,0.3,2016-2017,NJ,8310,Regular School,High,No
340243000966,0.02,0.56,0.7,78491.0,18.83,0.55,2016-2017,NJ,8016,Regular School,High,No
340246001004,0.1,0.72,0.85,110268.0,20.49,0.17,2016-2017,NJ,8016,Regular School,High,No
340252004166,0.08,0.6,0.84,79491.0,21.18,0.14,2016-2017,NJ,7405,Regular School,High,No
340258002008,0.13,0.86,0.6,69306.0,23.16,0.04,2016-2017,NJ,7006,Regular School,High,No
340264000087,0.2,0.39,0.15,19518.0,15.73,0.8,2016-2017,NJ,8103,Regular School,High,No
340264001346,0.22,0.43,0.21,31352.0,13.46,0.87,2016-2017,NJ,8103,Regular School,High,No
340264001348,0.13,0.39,0.37,35331.0,13.75,0.86,2016-2017,NJ,8105,Regular School,High,No
340280000300,0.07,0.74,0.67,73308.0,20.32,0.24,2016-2017,NJ,7073,Regular School,High,No
340282003268,0.13,0.53,0.59,51500.0,18.39,0.49,2016-2017,NJ,7008,Regular School,High,No
340285002026,0.05,0.76,0.82,94310.0,21.64,0.05,2016-2017,NJ,7009,Regular School,High,No
340288001662,0.11,0.52,0.62,47804.0,20.25,0.21,2016-2017,NJ,8083,Regular School,High,No
340291004604,0.12,0.54,0.87,87885.0,20.18,0.27,2016-2017,NJ,8721,Regular School,High,No
340300001418,0.05,0.93,0.73,113030.0,24.96,0.08,2016-2017,NJ,8003,Regular School,High,No
340300001420,0.08,0.75,0.78,57271.0,22.79,0.21,2016-2017,NJ,8034,Regular School,High,No
340312001020,0.09,0.7,0.46,77500.0,22.01,0.11,2016-2017,NJ,8077,Regular School,High,No
340315000205,0.06,0.68,0.88,78825.0,21.59,0.04,2016-2017,NJ,7066,Regular School,High,No
340318002498,0.07,0.49,0.63,64183.0,18.59,0.37,2016-2017,NJ,8312,Regular School,High,No
340321002506,0.08,0.79,0.91,111031.0,22.37,0.1,2016-2017,NJ,8062,Regular School,High,No
340327000304,0.12,0.62,0.68,47135.0,19.74,0.57,2016-2017,NJ,7010,Regular School,High,No
340330004762,0.04,0.71,0.72,76977.0,19.27,0.44,2016-2017,NJ,7013,Regular School,High,No
340342001474,0.06,0.78,0.87,72714.0,20.98,0.37,2016-2017,NJ,8108,Regular School,High,No
340357005458,0.06,0.88,0.97,141429.0,24.23,0.03,2016-2017,NJ,7016,Regular School,High,No
340360000324,0.05,0.84,0.92,100342.0,24.55,0.03,2016-2017,NJ,7626,Regular School,High,No
340362001820,0.05,0.54,0.62,53791.0,19.76,0.35,2016-2017,NJ,8302,Regular School,High,No
340375002978,0.11,0.77,0.94,115230.0,22.91,0.05,2016-2017,NJ,8825,Regular School,High,No
340378001040,0.1,0.67,0.74,102585.0,20.86,0.15,2016-2017,NJ,8075,Regular School,High,No
340390002512,0.04,0.43,0.82,69813.0,21.23,0.31,2016-2017,NJ,8096,Regular School,High,No
340393004212,0.09,0.44,0.67,57843.0,20.76,0.51,2016-2017,NJ,7801,Regular School,High,No
340399000340,0.06,0.65,0.95,101500.0,22.13,0.08,2016-2017,NJ,7628,Regular School,High,No
340402003286,0.06,0.54,0.62,76214.0,21.37,0.31,2016-2017,NJ,8812,Regular School,High,No
340411003294,0.14,0.85,0.81,78293.0,24.13,0.1,2016-2017,NJ,8816,Regular School,High,No
340423000494,0.14,0.59,0.43,48878.0,14.58,0.62,2016-2017,NJ,7017,Regular School,High,No
340432003054,0.07,0.63,0.82,72432.0,22.67,0.25,2016-2017,NJ,8520,Regular School,High,No
340438001488,0.11,0.71,0.86,75779.0,24.13,0.08,2016-2017,NJ,8043,Regular School,High,No
340450003324,0.09,0.65,0.78,92560.0,21.74,0.25,2016-2017,NJ,8817,Regular School,High,No
340450003326,0.07,0.75,0.75,98750.0,25.84,0.13,2016-2017,NJ,8820,Regular School,High,No
340456005961,0.13,0.68,0.81,88083.0,21.01,0.31,2016-2017,NJ,8234,Regular School,High,No
340459003039,0.17,0.34,0.38,47649.0,13.36,0.8,2016-2017,NJ,7202,Regular School,High,No
340459003043,0.1,0.36,0.37,31172.0,17.22,0.75,2016-2017,NJ,7208,Regular School,High,No
340459003045,0.17,0.34,0.38,47649.0,14.15,0.79,2016-2017,NJ,7202,Regular School,High,No
340459003049,0.16,0.24,0.4,23650.0,14.22,0.73,2016-2017,NJ,7201,Regular School,High,No
340459003071,0.17,0.34,0.38,47649.0,13.22,0.78,2016-2017,NJ,7202,Regular School,High,No
340459005478,0.11,0.27,0.38,39564.0,21.5,0.57,2016-2017,NJ,7201,Regular School,High,No
340466000368,0.08,0.61,0.63,66075.0,19.2,0.37,2016-2017,NJ,7407,Regular School,High,No
340471000380,0.09,0.78,0.83,108295.0,20.79,0.06,2016-2017,NJ,7630,Regular School,High,No
340474000388,0.03,0.66,0.79,66042.0,20.57,0.31,2016-2017,NJ,7631,Regular School,High,No
340492003068,0.16,0.57,0.55,71175.0,19.62,0.3,2016-2017,NJ,8618,Regular School,High,No
340498000410,0.08,0.72,0.79,113277.0,23.03,0.09,2016-2017,NJ,7410,Regular School,High,No
340522001082,0.06,0.7,0.8,99081.0,20.57,0.22,2016-2017,NJ,8518,Regular School,High,No
340531000442,0.09,0.76,0.64,59565.0,22.84,0.15,2016-2017,NJ,7024,Regular School,High,No
340549005194,0.06,0.76,0.89,90382.0,20.1,0.37,2016-2017,NJ,8873,Regular School,High,No
340561000237,0.05,0.9,0.85,135000.0,24.4,0.07,2016-2017,NJ,7722,Regular School,High,No
340561003796,0.07,0.56,0.85,81346.0,22.91,0.19,2016-2017,NJ,7728,Regular School,High,No
340561003798,0.04,0.8,0.91,124760.0,22.79,0.08,2016-2017,NJ,7728,Regular School,High,No
340561003800,0.08,0.61,0.44,61711.0,22.03,0.06,2016-2017,NJ,7727,Regular School,High,No
340561003802,0.09,0.76,0.91,127763.0,22.79,0.06,2016-2017,NJ,7726,Regular School,High,No
340561003804,0.05,0.88,0.94,155078.0,24.08,0.04,2016-2017,NJ,7746,Regular School,High,No
340576000466,0.12,0.45,0.79,50320.0,18.39,0.6,2016-2017,NJ,7026,Regular School,High,No
340582002554,0.05,0.5,0.61,60152.0,20.76,0.27,2016-2017,NJ,8096,Regular School,High,No
340588002558,0.12,0.75,0.87,24609.0,19.76,0.36,2016-2017,NJ,8028,Regular School,High,No
340594002092,0.05,0.89,0.91,169006.0,25.18,0.0,2016-2017,NJ,7028,Regular School,High,No
340597000484,0.07,0.89,0.91,155227.0,25.13,0.01,2016-2017,NJ,7452,Regular School,High,No
340600001494,0.12,0.42,0.73,49931.0,19.64,0.51,2016-2017,NJ,8030,Regular School,High,No
340606000122,0.09,1.0,0.0,102917.0,20.96,0.34,2016-2017,NJ,8205,Regular School,High,No
340606000124,0.15,0.55,0.68,53393.0,20.23,0.43,2016-2017,NJ,8330,Regular School,High,No
340606003115,0.18,0.47,0.53,43246.0,20.91,0.32,2016-2017,NJ,8215,Regular School,High,No
340627000496,0.07,0.55,0.47,40733.0,20.3,0.4,2016-2017,NJ,7601,Regular School,High,No
340630005814,0.05,0.55,0.85,62298.0,21.79,0.1,2016-2017,NJ,7840,Regular School,High,No
340633001528,0.1,0.88,0.91,94167.0,21.35,0.1,2016-2017,NJ,8035,Regular School,High,No
340636001540,0.07,0.79,0.8,69475.0,21.81,0.09,2016-2017,NJ,8108,Regular School,High,No
340639001554,0.06,0.91,0.87,107000.0,25.7,0.01,2016-2017,NJ,8033,Regular School,High,No
340654003090,0.06,0.75,0.78,61813.0,21.91,0.1,2016-2017,NJ,8690,Regular School,High,No
340654003092,0.07,0.52,0.55,48413.0,19.71,0.33,2016-2017,NJ,8610,Regular School,High,No
340654005933,0.13,0.6,0.42,53416.0,19.4,0.42,2016-2017,NJ,8619,Regular School,High,No
340657000136,0.1,0.48,0.61,57861.0,22.4,0.26,2016-2017,NJ,8037,Regular School,High,No
340666004244,0.07,0.67,0.92,111384.0,22.96,0.02,2016-2017,NJ,7936,Regular School,High,No
340666004246,0.05,0.84,0.9,114239.0,23.74,0.01,2016-2017,NJ,7981,Regular School,High,No
340687002738,0.13,0.47,0.59,43684.0,17.95,0.71,2016-2017,NJ,7029,Regular School,High,No
340693000512,0.1,0.7,0.85,77944.0,21.86,0.13,2016-2017,NJ,7604,Regular School,High,No
340699004806,0.12,0.56,0.65,67465.0,21.03,0.21,2016-2017,NJ,7506,Regular School,High,No
340705003844,0.13,0.68,0.71,66635.0,21.11,0.22,2016-2017,NJ,7732,Regular School,High,No
340714005358,0.12,0.62,0.78,90259.0,21.89,0.09,2016-2017,NJ,7461,Regular School,High,No
340717003372,0.08,0.7,0.68,59276.0,25.11,0.25,2016-2017,NJ,8904,Regular School,High,No
340723005222,0.03,0.75,0.73,76987.0,24.45,0.05,2016-2017,NJ,8844,Regular School,High,No
340729005540,0.2,0.51,0.49,52407.0,16.34,0.5,2016-2017,NJ,7205,Regular School,High,No
340735002746,0.02,0.93,0.89,113396.0,16.78,0.54,2016-2017,NJ,7030,Regular School,High,No
340741003850,0.09,0.86,0.88,143352.0,25.53,0.02,2016-2017,NJ,7733,Regular School,High,No
340744005362,0.2,0.6,0.75,81000.0,21.4,0.16,2016-2017,NJ,7843,Regular School,High,No
340753003136,0.04,0.89,0.82,116583.0,25.23,0.02,2016-2017,NJ,8534,Regular School,High,No
340759003006,0.06,0.51,0.41,48810.0,23.89,0.05,2016-2017,NJ,8822,Regular School,High,No
340768002104,0.11,0.48,0.42,47410.0,15.32,0.63,2016-2017,NJ,7111,Regular School,High,No
340774000787,0.1,0.66,0.92,85924.0,21.25,0.19,2016-2017,NJ,8527,Regular School,High,No
340774004612,0.14,0.61,0.87,104045.0,21.91,0.1,2016-2017,NJ,8527,Regular School,High,No
340780004264,0.04,0.71,0.89,96500.0,21.08,0.08,2016-2017,NJ,7438,Regular School,High,No
340783000391,0.11,0.6,0.57,41793.0,16.54,0.54,2016-2017,NJ,7306,Regular School,High,No
340783002772,0.19,0.51,0.18,32426.0,14.0,0.65,2016-2017,NJ,7305,Regular School,High,No
340783002774,0.06,0.78,0.47,54298.0,14.07,0.64,2016-2017,NJ,7302,Regular School,High,No
340783002776,0.07,0.59,0.42,35862.0,13.73,0.67,2016-2017,NJ,7304,Regular School,High,No
340783002778,0.08,0.9,0.95,95213.0,26.26,0.35,2016-2017,NJ,7302,Regular School,High,No
340783002780,0.13,0.44,0.22,36850.0,16.61,0.62,2016-2017,NJ,7306,Regular School,High,No
340786003880,0.12,0.46,0.54,44115.0,19.13,0.59,2016-2017,NJ,7734,Regular School,High,No
340789002866,0.19,0.49,0.53,57938.0,19.71,0.4,2016-2017,NJ,7032,Regular School,High,No
340792000209,0.09,0.59,0.74,100680.0,20.32,0.17,2016-2017,NJ,7033,Regular School,High,No
340795003888,0.03,0.51,0.65,40776.0,19.3,0.42,2016-2017,NJ,7735,Regular School,High,No
340798002580,0.06,0.65,0.69,73036.0,22.01,0.13,2016-2017,NJ,8085,Regular School,High,No
340804004282,0.07,0.66,0.78,98546.0,24.4,0.01,2016-2017,NJ,7405,Regular School,High,No
340806005372,0.1,0.68,0.73,69191.0,22.13,0.08,2016-2017,NJ,7860,Regular School,High,No
340810005935,0.15,0.59,0.61,54458.0,21.52,0.2,2016-2017,NJ,8734,Regular School,High,No
340819004818,0.08,0.62,0.77,89683.0,22.06,0.08,2016-2017,NJ,7465,Regular School,High,No
340822004636,0.04,0.4,0.86,44506.0,15.07,0.76,2016-2017,NJ,8701,Regular School,High,No
340840003152,0.09,0.79,0.77,89196.0,22.74,0.16,2016-2017,NJ,8648,Regular School,High,No
340849000701,0.12,0.41,1.0,37117.0,22.79,0.07,2016-2017,NJ,8088,Regular School,High,No
340849001092,0.06,0.79,0.86,105759.0,23.01,0.07,2016-2017,NJ,8053,Regular School,High,No
340849001094,0.05,0.61,0.69,83940.0,22.96,0.09,2016-2017,NJ,8055,Regular School,High,No
340849001096,0.06,0.82,0.75,108791.0,23.47,0.04,2016-2017,NJ,8055,Regular School,High,No
340850005378,0.05,0.68,0.73,86164.0,21.18,0.09,2016-2017,NJ,7874,Regular School,High,No
340852000534,0.06,0.76,0.79,74698.0,23.35,0.16,2016-2017,NJ,7605,Regular School,High,No
340861005556,0.08,0.57,0.83,72364.0,18.15,0.46,2016-2017,NJ,7036,Regular School,High,No
340864000429,0.09,0.35,0.51,31875.0,18.27,0.61,2016-2017,NJ,8021,Regular School,High,No
340882002126,0.09,0.85,0.83,117212.0,25.79,0.01,2016-2017,NJ,7039,Regular School,High,No
340885000550,0.07,0.69,0.79,80848.0,18.88,0.47,2016-2017,NJ,7644,Regular School,High,No
340894003904,0.17,0.68,0.69,47079.0,17.0,0.63,2016-2017,NJ,7740,Regular School,High,No
340909001720,0.12,0.47,0.79,51250.0,20.15,0.3,2016-2017,NJ,8204,Regular School,High,No
340912005064,0.12,0.51,0.76,54844.0,21.4,0.19,2016-2017,NJ,8070,Regular School,High,No
340921000568,0.05,0.61,0.89,70313.0,19.47,0.19,2016-2017,NJ,7071,Regular School,High,No
340924004300,0.05,0.77,0.67,67035.0,24.3,0.06,2016-2017,NJ,7940,Regular School,High,No
340927003496,0.07,0.83,0.98,141875.0,22.28,0.19,2016-2017,NJ,7747,Regular School,High,No
340933000586,0.1,0.9,0.74,96897.0,24.38,0.07,2016-2017,NJ,7430,Regular School,High,No
340936000158,0.08,0.75,0.88,92969.0,22.45,0.21,2016-2017,NJ,8221,Regular School,High,No
340942003940,0.05,0.84,0.89,84386.0,22.59,0.09,2016-2017,NJ,8736,Regular School,High,No
340945004660,0.02,0.62,1.0,45833.0,21.28,0.23,2016-2017,NJ,8759,Regular School,High,No
340955005844,0.09,0.69,0.82,83953.0,22.86,0.06,2016-2017,NJ,7825,Regular School,High,No
340963005238,0.11,0.38,0.72,42768.0,20.37,0.33,2016-2017,NJ,8835,Regular School,High,No
340966001104,0.13,0.55,0.77,59545.0,20.32,0.31,2016-2017,NJ,8052,Regular School,High,No
340975003958,0.09,0.73,0.9,101370.0,21.89,0.21,2016-2017,NJ,7747,Regular School,High,No
340999003392,0.05,0.85,0.83,127045.0,23.91,0.09,2016-2017,NJ,8840,Regular School,High,No
341002001732,0.09,0.52,0.68,58854.0,21.32,0.31,2016-2017,NJ,8210,Regular School,High,No
341005003404,0.08,0.6,0.75,63667.0,20.71,0.2,2016-2017,NJ,8846,Regular School,High,No
341008003176,0.06,0.71,0.81,94813.0,17.2,0.31,2016-2017,NJ,8816,Regular School,High,No
341008003420,0.06,0.71,0.81,94813.0,19.32,0.31,2016-2017,NJ,8816,Regular School,High,No
341008003424,0.06,0.34,0.42,32861.0,17.42,0.61,2016-2017,NJ,8861,Regular School,High,No
341008003426,0.08,0.86,0.97,91225.0,17.15,0.59,2016-2017,NJ,8854,Regular School,High,No
341008003428,0.03,0.53,0.44,54052.0,28.97,0.06,2016-2017,NJ,7095,Regular School,High,No
341011003976,0.09,0.7,0.93,104159.0,21.79,0.13,2016-2017,NJ,7748,Regular School,High,No
341011003978,0.06,0.91,0.97,174844.0,23.47,0.07,2016-2017,NJ,7748,Regular School,High,No
341014000608,0.03,0.76,0.9,85966.0,23.25,0.05,2016-2017,NJ,7432,Regular School,High,No
341020002148,0.04,0.84,0.82,94917.0,27.82,0.02,2016-2017,NJ,7041,Regular School,High,No
341032001868,0.23,0.41,0.41,37025.0,19.86,0.47,2016-2017,NJ,8332,Regular School,High,No
341044004026,0.04,0.86,0.87,135795.0,21.76,0.13,2016-2017,NJ,7724,Regular School,High,No
341047002594,0.12,0.53,0.56,51912.0,20.89,0.22,2016-2017,NJ,8094,Regular School,High,No
341050003438,0.0,0.82,1.0,56422.0,22.5,0.08,2016-2017,NJ,8831,Regular School,High,No
341056002166,0.09,0.84,0.72,76250.0,23.86,0.17,2016-2017,NJ,7042,Regular School,High,No
341059005250,0.09,0.89,0.87,175156.0,27.14,0.03,2016-2017,NJ,8558,Regular School,High,No
341065004332,0.03,0.85,0.87,112778.0,24.5,0.03,2016-2017,NJ,7045,Regular School,High,No
341071001132,0.08,0.88,0.84,124602.0,25.01,0.08,2016-2017,NJ,8057,Regular School,High,No
341074004352,0.09,0.7,0.76,99886.0,22.06,0.19,2016-2017,NJ,7866,Regular School,High,No
341074004354,0.06,0.62,0.79,74080.0,23.21,0.07,2016-2017,NJ,7834,Regular School,High,No
341081004366,0.02,0.61,0.61,95199.0,23.21,0.21,2016-2017,NJ,7960,Regular School,High,No
341098004398,0.08,0.75,0.79,94404.0,23.55,0.08,2016-2017,NJ,7836,Regular School,High,No
341101004416,0.09,0.95,0.89,168611.0,25.26,0.01,2016-2017,NJ,7046,Regular School,High,No
341116004032,0.18,0.57,0.46,48173.0,18.17,0.4,2016-2017,NJ,7753,Regular School,High,No
341122003454,0.08,0.42,0.62,55433.0,18.15,0.79,2016-2017,NJ,8901,Regular School,High,No
341128000624,0.06,0.73,0.77,83375.0,20.98,0.07,2016-2017,NJ,7646,Regular School,High,No
341131005592,0.05,0.86,0.87,122471.0,25.31,0.03,2016-2017,NJ,7974,Regular School,High,No
341134000139,0.21,0.21,0.27,38000.0,18.71,0.81,2016-2017,NJ,7102,Regular School,High,No
341134000791,0.34,0.35,0.07,15735.0,16.76,0.78,2016-2017,NJ,7103,Regular School,High,No
341134002188,0.21,0.54,0.23,29725.0,17.12,0.71,2016-2017,NJ,7102,Regular School,High,No
341134002190,0.18,0.64,0.18,35987.0,13.51,0.69,2016-2017,NJ,7104,Regular School,High,No
341134002192,0.14,0.5,0.23,36845.0,14.58,0.83,2016-2017,NJ,7103,Regular School,High,No
341134002194,0.1,0.29,0.49,41971.0,17.12,0.76,2016-2017,NJ,7105,Regular School,High,No
341134002198,0.25,0.3,0.21,22367.0,13.07,0.86,2016-2017,NJ,7108,Regular School,High,No
341134002200,0.08,0.9,0.33,72663.0,23.38,0.7,2016-2017,NJ,7102,Regular School,High,No
341134002202,0.26,0.47,0.25,26394.0,19.03,0.74,2016-2017,NJ,7108,Regular School,High,No
341134002206,0.27,0.5,0.35,39250.0,13.41,0.8,2016-2017,NJ,7112,Regular School,High,No
341134003158,0.28,0.29,0.19,19395.0,17.81,0.64,2016-2017,NJ,7103,Regular School,High,No
341140005384,0.12,0.45,0.59,35265.0,22.74,0.13,2016-2017,NJ,7860,Regular School,High,No
341143000636,0.11,0.72,0.68,64196.0,20.18,0.13,2016-2017,NJ,7031,Regular School,High,No
341146002882,0.11,0.55,0.54,60156.0,19.18,0.56,2016-2017,NJ,7047,Regular School,High,No
341149003480,0.11,0.65,0.54,59234.0,22.55,0.31,2016-2017,NJ,8902,Regular School,High,No
341161003024,0.07,0.75,0.83,101923.0,24.72,0.02,2016-2017,NJ,8801,Regular School,High,No
341161003026,0.14,0.79,0.75,95357.0,25.28,0.04,2016-2017,NJ,8826,Regular School,High,No
341164005258,0.09,0.39,0.58,71399.0,18.88,0.53,2016-2017,NJ,7060,Regular School,High,No
341170001182,0.07,0.77,0.93,124619.0,21.52,0.11,2016-2017,NJ,8022,Regular School,High,No
341173000646,0.1,0.9,0.91,124821.0,24.84,0.0,2016-2017,NJ,7401,Regular School,High,No
341176000650,0.11,0.75,0.89,111480.0,25.67,0.01,2016-2017,NJ,7627,Regular School,High,No
341176000652,0.05,0.87,0.93,135114.0,24.87,0.01,2016-2017,NJ,7675,Regular School,High,No
341188002378,0.1,0.61,0.72,62721.0,20.76,0.09,2016-2017,NJ,7110,Regular School,High,No
341197001746,0.05,0.8,0.53,57321.0,22.45,0.13,2016-2017,NJ,8226,Regular School,High,No
341206004058,0.08,0.78,0.77,90372.0,22.23,0.21,2016-2017,NJ,7755,Regular School,High,No
341226000786,0.08,0.84,0.92,114757.0,24.13,0.0,2016-2017,NJ,7649,Regular School,High,No
341227002396,0.15,0.4,0.34,27907.0,15.83,0.74,2016-2017,NJ,7050,Regular School,High,No
341236000682,0.1,0.54,0.85,52853.0,21.47,0.27,2016-2017,NJ,7650,Regular School,High,No
341239001188,0.06,0.64,0.91,76759.0,18.27,0.36,2016-2017,NJ,8065,Regular School,High,No
341242000688,0.03,0.78,0.86,97361.0,23.08,0.04,2016-2017,NJ,7652,Regular School,High,No
341245000710,0.08,0.77,0.86,95863.0,23.47,0.04,2016-2017,NJ,7656,Regular School,High,No
341248004430,0.06,0.69,0.89,34583.0,23.5,0.13,2016-2017,NJ,7054,Regular School,High,No
341248004432,0.08,0.85,0.95,105372.0,24.11,0.1,2016-2017,NJ,7950,Regular School,High,No
341251000718,0.07,0.79,0.78,103361.0,24.52,0.01,2016-2017,NJ,7645,Regular School,High,No
341251000720,0.05,0.76,0.81,116838.0,23.42,0.01,2016-2017,NJ,7642,Regular School,High,No
341254004836,0.08,0.31,0.25,32886.0,17.15,0.78,2016-2017,NJ,7055,Regular School,High,No
341257004858,0.11,0.6,0.81,76134.0,21.28,0.23,2016-2017,NJ,7424,Regular School,High,No
341260004856,0.12,0.47,0.55,54241.0,18.22,0.65,2016-2017,NJ,7508,Regular School,High,No
341269000809,0.02,0.21,0.59,32292.0,16.71,0.86,2016-2017,NJ,7501,Regular School,High,No
341269003103,0.15,0.28,0.33,23783.0,12.83,0.84,2016-2017,NJ,7501,Regular School,High,No
341269003105,0.15,0.28,0.33,23783.0,14.05,0.84,2016-2017,NJ,7501,Regular School,High,No
341269003168,0.19,0.3,0.52,31766.0,14.66,0.83,2016-2017,NJ,7502,Regular School,High,No
341269003169,0.19,0.3,0.52,31766.0,15.95,0.87,2016-2017,NJ,7502,Regular School,High,No
341269003170,0.19,0.3,0.52,31766.0,13.19,0.8,2016-2017,NJ,7502,Regular School,High,No
341269003171,0.19,0.3,0.52,31766.0,13.24,0.84,2016-2017,NJ,7502,Regular School,High,No
341269005998,0.15,0.26,0.28,33606.0,15.56,0.75,2016-2017,NJ,7514,Regular School,High,No
341272002608,0.19,0.41,0.42,41061.0,17.22,0.61,2016-2017,NJ,8066,Regular School,High,No
341281001202,0.16,0.38,0.49,56150.0,20.4,0.34,2016-2017,NJ,8068,Regular School,High,No
341284005048,0.13,0.66,0.95,55048.0,18.47,0.55,2016-2017,NJ,8069,Regular School,High,No
341287001610,0.14,0.39,0.63,45000.0,18.39,0.51,2016-2017,NJ,8110,Regular School,High,No
341290004470,0.06,0.82,0.97,80077.0,23.79,0.03,2016-2017,NJ,7444,Regular School,High,No
341293003530,0.07,0.37,0.28,71250.0,17.52,0.77,2016-2017,NJ,8861,Regular School,High,No
341296005852,0.08,0.37,0.67,42473.0,22.52,0.24,2016-2017,NJ,8865,Regular School,High,No
341299000432,0.09,0.57,0.65,66290.0,19.1,0.32,2016-2017,NJ,8021,Regular School,High,No
341300005917,0.09,0.63,0.73,59483.0,21.35,0.32,2016-2017,NJ,8087,Regular School,High,No
341305003554,0.08,0.84,0.87,66250.0,22.01,0.18,2016-2017,NJ,8854,Regular School,High,No
341308002616,0.11,0.65,0.83,65721.0,20.05,0.12,2016-2017,NJ,8071,Regular School,High,No
341311005080,0.09,0.58,0.8,66821.0,19.52,0.26,2016-2017,NJ,8318,Regular School,High,No
341314003041,0.06,0.54,0.62,76214.0,18.54,0.61,2016-2017,NJ,7063,Regular School,High,No
341314005604,0.1,0.65,0.54,68400.0,15.51,0.8,2016-2017,NJ,7060,Regular School,High,No
341320000192,0.19,0.4,0.22,34740.0,14.51,0.71,2016-2017,NJ,8232,Regular School,High,No
341323000341,0.07,0.52,0.75,74938.0,21.28,0.12,2016-2017,NJ,8533,Regular School,High,No
341329004692,0.1,0.62,0.8,81435.0,22.77,0.13,2016-2017,NJ,8742,Regular School,High,No
341332004702,0.07,0.65,0.76,73531.0,22.25,0.1,2016-2017,NJ,8742,Regular School,High,No
341335004930,0.11,0.6,0.79,72460.0,21.86,0.07,2016-2017,NJ,7442,Regular School,High,No
341341003182,0.05,0.9,0.79,93417.0,27.45,0.07,2016-2017,NJ,8540,Regular School,High,No
341353005634,0.12,0.59,0.67,65074.0,18.42,0.42,2016-2017,NJ,7065,Regular School,High,No
341356000724,0.06,0.86,0.79,126667.0,23.25,0.01,2016-2017,NJ,7436,Regular School,High,No
341356000726,0.08,0.84,0.81,176786.0,24.23,0.0,2016-2017,NJ,7417,Regular School,High,No
341359000730,0.05,0.93,0.97,163068.0,22.74,0.03,2016-2017,NJ,7446,Regular School,High,No
341362001230,0.14,0.65,0.63,65721.0,22.11,0.19,2016-2017,NJ,8060,Regular School,High,No
341365004486,0.05,0.92,0.98,151250.0,24.11,0.05,2016-2017,NJ,7869,Regular School,High,No
341368003826,0.03,0.85,0.91,88304.0,20.62,0.09,2016-2017,NJ,7730,Regular School,High,No
341375004084,0.06,0.88,0.97,140000.0,21.74,0.23,2016-2017,NJ,7739,Regular School,High,No
341377000742,0.09,0.54,0.8,72083.0,21.25,0.17,2016-2017,NJ,7657,Regular School,High,No
341380000754,0.05,0.67,0.88,63929.0,19.98,0.31,2016-2017,NJ,7660,Regular School,High,No
341383000764,0.05,0.96,0.97,140066.0,26.11,0.01,2016-2017,NJ,7451,Regular School,High,No
341401001234,0.1,0.38,0.5,57250.0,20.1,0.34,2016-2017,NJ,8075,Regular School,High,No
341428005650,0.21,0.64,0.56,43182.0,16.05,0.55,2016-2017,NJ,7203,Regular School,High,No
341431005664,0.1,0.6,0.76,60256.0,19.81,0.29,2016-2017,NJ,7204,Regular School,High,No
341434004524,0.05,0.84,0.93,119207.0,22.55,0.05,2016-2017,NJ,7876,Regular School,High,No
341440004094,0.07,0.91,0.83,132679.0,24.4,0.0,2016-2017,NJ,7760,Regular School,High,No
341446000810,0.07,0.74,0.67,73308.0,22.64,0.01,2016-2017,NJ,7070,Regular School,High,No
341449000824,0.06,0.6,0.9,74830.0,19.3,0.15,2016-2017,NJ,7663,Regular School,High,No
341455005090,0.37,0.19,0.04,16629.0,17.64,0.69,2016-2017,NJ,8079,Regular School,High,No
341464003580,0.09,0.7,0.76,81779.0,21.23,0.24,2016-2017,NJ,8859,Regular School,High,No
341467005676,0.08,0.74,0.9,101429.0,23.33,0.04,2016-2017,NJ,7076,Regular School,High,No
341485002900,0.07,0.71,0.68,85116.0,21.06,0.24,2016-2017,NJ,7094,Regular School,High,No
341494004100,0.05,0.75,0.86,95428.0,21.94,0.01,2016-2017,NJ,7764,Regular School,High,No
341509005284,0.07,0.63,0.84,71176.0,23.13,0.09,2016-2017,NJ,8876,Regular School,High,No
341521003610,0.05,0.79,0.83,115464.0,24.43,0.08,2016-2017,NJ,8852,Regular School,High,No
341533002422,0.06,0.94,0.97,166875.0,23.01,0.2,2016-2017,NJ,7040,Regular School,High,No
341536003632,0.08,0.66,0.9,96648.0,20.59,0.13,2016-2017,NJ,7080,Regular School,High,No
341539003648,0.13,0.57,0.71,75283.0,19.18,0.32,2016-2017,NJ,8882,Regular School,High,No
341545002630,0.12,0.47,0.7,63818.0,20.45,0.24,2016-2017,NJ,8322,Regular School,High,No
341548004710,0.18,0.46,0.56,44964.0,21.59,0.18,2016-2017,NJ,8050,Regular School,High,No
341551005396,0.05,0.84,0.89,140078.0,23.52,0.02,2016-2017,NJ,7871,Regular School,High,No
341554003660,0.05,0.56,0.94,73947.0,22.03,0.1,2016-2017,NJ,8884,Regular School,High,No
341563000213,0.06,0.75,0.84,88864.0,21.59,0.09,2016-2017,NJ,7081,Regular School,High,No
341590005708,0.04,0.92,0.93,101215.0,25.62,0.12,2016-2017,NJ,7901,Regular School,High,No
341608000840,0.08,0.85,0.95,112500.0,20.1,0.19,2016-2017,NJ,7666,Regular School,High,No
341611000864,0.05,0.84,0.92,100342.0,27.23,0.03,2016-2017,NJ,7670,Regular School,High,No
341623004722,0.11,0.57,0.69,57639.0,22.2,0.18,2016-2017,NJ,8753,Regular School,High,No
341623004724,0.09,0.58,0.76,85733.0,21.47,0.22,2016-2017,NJ,8753,Regular School,High,No
341623005919,0.08,0.55,0.65,74280.0,21.74,0.2,2016-2017,NJ,8753,Regular School,High,No
341629000449,0.18,0.32,0.37,22875.0,14.9,0.66,2016-2017,NJ,8618,Regular School,High,No
341629003072,0.12,0.4,0.11,32805.0,16.93,0.75,2016-2017,NJ,8618,Regular School,High,No
341629003200,0.18,0.32,0.34,25275.0,15.32,0.78,2016-2017,NJ,8611,Regular School,High,No
341638003059,0.12,0.38,0.42,39906.0,17.42,0.89,2016-2017,NJ,7087,Regular School,High,No
341647000557,0.07,0.61,0.68,72821.0,21.11,0.24,2016-2017,NJ,8005,Regular School,High,No
341650005742,0.13,0.67,0.59,83438.0,18.86,0.24,2016-2017,NJ,7083,Regular School,High,No
341656004124,0.08,0.7,0.69,102250.0,23.3,0.06,2016-2017,NJ,8501,Regular School,High,No
341671005422,0.11,0.62,0.84,96932.0,22.13,0.1,2016-2017,NJ,7462,Regular School,High,No
341674002448,0.04,0.83,0.92,100050.0,23.25,0.01,2016-2017,NJ,7044,Regular School,High,No
341680001902,0.08,0.51,0.53,52813.0,21.03,0.51,2016-2017,NJ,8360,Regular School,High,No
341686000888,0.07,0.86,0.9,117500.0,21.96,0.01,2016-2017,NJ,7463,Regular School,High,No
341687005949,0.07,0.71,0.8,72237.0,22.35,0.15,2016-2017,NJ,7419,Regular School,High,No
341689004132,0.06,0.71,0.68,84250.0,23.16,0.11,2016-2017,NJ,7719,Regular School,High,No
341692000898,0.06,0.52,0.62,48618.0,20.93,0.24,2016-2017,NJ,7057,Regular School,High,No
341697005878,0.09,0.49,0.59,55547.0,21.91,0.14,2016-2017,NJ,7882,Regular School,High,No
341707002640,0.08,0.64,0.81,70804.0,21.91,0.14,2016-2017,NJ,8080,Regular School,High,No
341710000549,0.07,0.86,0.89,107835.0,23.06,0.03,2016-2017,NJ,8691,Regular School,High,No
341722005320,0.07,0.75,0.94,119250.0,24.57,0.02,2016-2017,NJ,7059,Regular School,High,No
341728004964,0.08,0.77,0.8,123225.0,23.03,0.07,2016-2017,NJ,7470,Regular School,High,No
341728004966,0.15,0.72,0.8,67115.0,23.16,0.06,2016-2017,NJ,7470,Regular School,High,No
341731002928,0.09,0.64,0.6,55242.0,22.2,0.47,2016-2017,NJ,7086,Regular School,High,No
341743002662,0.13,0.61,0.59,59479.0,21.47,0.2,2016-2017,NJ,8093,Regular School,High,No
341746002462,0.04,0.86,0.93,194536.0,23.55,0.02,2016-2017,NJ,7006,Regular School,High,No
341752004996,0.08,0.62,0.93,120071.0,21.06,0.1,2016-2017,NJ,7480,Regular School,High,No
341755004550,0.08,0.75,0.79,94404.0,24.43,0.01,2016-2017,NJ,7930,Regular School,High,No
341755004552,0.07,0.91,0.82,129919.0,24.67,0.01,2016-2017,NJ,7945,Regular School,High,No
341758002938,0.13,0.55,0.33,38153.0,17.95,0.75,2016-2017,NJ,7093,Regular School,High,No
341761002468,0.04,0.8,0.92,101250.0,20.59,0.32,2016-2017,NJ,7052,Regular School,High,No
341770000191,0.07,0.9,0.9,129497.0,27.26,0.03,2016-2017,NJ,8536,Regular School,High,No
341770003258,0.09,0.94,0.99,167778.0,27.38,0.03,2016-2017,NJ,8550,Regular School,High,No
341776005764,0.1,0.87,0.86,131844.0,25.65,0.02,2016-2017,NJ,7090,Regular School,High,No
341782000906,0.06,0.8,0.92,128571.0,22.59,0.06,2016-2017,NJ,7676,Regular School,High,No
341794001768,0.17,0.34,0.63,28304.0,17.86,0.65,2016-2017,NJ,8260,Regular School,High,No
341800001264,0.23,0.65,0.5,85221.0,17.03,0.35,2016-2017,NJ,8046,Regular School,High,No
341806000437,0.11,0.59,0.76,67656.0,18.47,0.41,2016-2017,NJ,8004,Regular School,High,No
341812003668,0.06,0.76,0.97,94297.0,21.42,0.22,2016-2017,NJ,7067,Regular School,High,No
341812003670,0.1,0.7,0.85,87250.0,21.79,0.3,2016-2017,NJ,8830,Regular School,High,No
341812003672,0.06,0.67,0.85,98661.0,20.27,0.34,2016-2017,NJ,7095,Regular School,High,No
341830000922,0.07,0.68,0.72,96772.0,20.81,0.18,2016-2017,NJ,7075,Regular School,High,No
341833005114,0.07,0.7,0.61,82212.0,22.28,0.15,2016-2017,NJ,8098,Regular School,High,No
360007601275,0.09,0.82,0.73,71641.0,17.71,0.78,2016-2017,NY,10002,Regular School,High,No
360007603680,0.01,0.32,0.4,23036.0,16.27,0.84,2016-2017,NY,10002,Regular School,High,No
360007605614,0.06,0.85,0.89,78300.0,16.86,0.79,2016-2017,NY,10002,Regular School,High,No
360007605621,0.21,0.34,0.19,17972.0,28.06,0.23,2016-2017,NY,10002,Regular School,High,No
360007700116,0.05,0.88,1.0,82296.0,19.47,0.69,2016-2017,NY,10019,Regular School,High,No
360007700582,0.04,0.89,0.44,87802.0,15.78,0.84,2016-2017,NY,10011,Regular School,High,No
360007700584,0.05,0.96,0.9,145875.0,21.37,0.62,2016-2017,NY,10010,Regular School,High,No
360007700585,0.04,0.92,0.9,108736.0,17.44,0.72,2016-2017,NY,10021,Regular School,High,No
360007700586,0.04,0.92,0.9,108736.0,16.37,0.99,2016-2017,NY,10021,Regular School,High,No
360007700595,0.05,0.97,0.8,104583.0,15.49,0.85,2016-2017,NY,10016,Regular School,High,No
360007700691,0.1,0.9,0.72,105427.0,18.83,1.0,2016-2017,NY,10003,Regular School,High,No
360007700692,0.06,0.95,0.85,122031.0,16.12,0.73,2016-2017,NY,10006,Regular School,High,No
360007700700,0.06,0.95,0.85,122031.0,19.18,0.73,2016-2017,NY,10006,Regular School,High,No
360007701297,0.04,0.92,0.9,108736.0,20.93,0.5,2016-2017,NY,10021,Regular School,High,No
360007701299,0.03,0.95,0.82,144097.0,17.44,0.75,2016-2017,NY,10036,Regular School,High,No
360007701713,0.12,0.48,0.44598040470965067,12479.0,18.32,0.66,2016-2017,NY,10036,Regular School,High,No
360007702034,0.02,0.68,0.67,46696.0,17.27,0.69,2016-2017,NY,10038,Regular School,High,No
360007702856,0.05,0.96,0.9,145875.0,24.23,0.56,2016-2017,NY,10010,Regular School,High,No
360007702857,0.09,0.77,0.28,67578.0,24.89,0.31,2016-2017,NY,10011,Regular School,High,No
360007702871,0.09,0.77,0.28,67578.0,23.55,0.65,2016-2017,NY,10011,Regular School,High,No
360007702877,0.03,0.94,0.9,196027.0,32.36,0.34,2016-2017,NY,10282,Regular School,High,No
360007704729,0.06,0.95,0.85,122031.0,17.1,0.78,2016-2017,NY,10004,Regular School,High,No
360007705084,0.06,0.92,0.86,97600.0,27.65,0.21,2016-2017,NY,10021,Regular School,High,No
360007705085,0.06,0.95,0.85,122031.0,24.69,0.36,2016-2017,NY,10004,Regular School,High,No
360007705499,0.06,0.54,0.74,48243.0,15.9,0.99,2016-2017,NY,10002,Regular School,High,No
360007705500,0.1,0.84,0.96,67369.0,15.71,0.99,2016-2017,NY,10019,Regular School,High,No
360007705532,0.06,0.54,0.74,48243.0,22.96,0.82,2016-2017,NY,10002,Regular School,High,No
360007705560,0.03,0.91,0.79,170455.0,18.88,0.59,2016-2017,NY,10004,Regular School,High,No
360007705622,0.1,0.84,0.96,67369.0,18.0,0.73,2016-2017,NY,10019,Regular School,High,No
360007705623,0.06,0.54,0.74,48243.0,16.61,0.64,2016-2017,NY,10002,Regular School,High,No
360007705624,0.1,0.84,0.96,67369.0,18.52,0.83,2016-2017,NY,10019,Regular School,High,No
360007705625,0.06,0.5,0.7,30294.0,18.05,0.69,2016-2017,NY,10002,Regular School,High,No
360007705626,0.1,0.84,0.96,67369.0,17.98,0.73,2016-2017,NY,10019,Regular School,High,No
360007705764,0.06,0.95,0.85,122031.0,17.39,0.75,2016-2017,NY,10004,Regular School,High,No
360007705769,0.1,0.84,0.96,67369.0,14.56,0.99,2016-2017,NY,10019,Regular School,High,No
360007705770,0.06,0.54,0.74,48243.0,16.07,0.74,2016-2017,NY,10002,Regular School,High,No
360007705771,0.06,0.54,0.74,48243.0,17.59,0.99,2016-2017,NY,10002,Regular School,High,No
360007706065,0.03,0.95,0.83,83125.0,22.16,0.39,2016-2017,NY,10013,Regular School,High,No
360007706077,0.1,0.94,0.82,105449.0,19.03,0.59,2016-2017,NY,10003,Regular School,High,No
360007706105,0.1,0.94,0.82,105449.0,18.39,0.78,2016-2017,NY,10003,Regular School,High,No
360007706108,0.04,0.89,0.44,87802.0,16.88,0.74,2016-2017,NY,10011,Regular School,High,No
360007706126,0.1,0.84,0.96,67369.0,16.0,0.99,2016-2017,NY,10019,Regular School,High,No
360007706178,0.05,0.97,0.8,104583.0,13.63,0.87,2016-2017,NY,10016,Regular School,High,No
360007706191,0.1,0.94,0.82,105449.0,14.83,0.84,2016-2017,NY,10003,Regular School,High,No
360007706193,0.04,0.89,0.44,87802.0,16.1,0.67,2016-2017,NY,10011,Regular School,High,No
360007706251,0.1,0.84,0.96,67369.0,18.35,0.99,2016-2017,NY,10019,Regular School,High,No
360007800592,0.05,0.95,0.89,121414.0,25.48,0.23,2016-2017,NY,10036,Regular School,High,No
360007804458,0.06,0.94,0.81,158679.0,25.84,0.24,2016-2017,NY,10023,Regular School,High,No
360007805113,0.06,0.94,0.81,158679.0,17.25,0.83,2016-2017,NY,10023,Regular School,High,No
360007805114,0.06,0.94,0.81,158679.0,17.66,0.88,2016-2017,NY,10023,Regular School,High,No
360007805505,0.06,0.94,0.81,158679.0,24.08,0.55,2016-2017,NY,10023,Regular School,High,No
360007805630,0.06,0.94,0.81,158679.0,16.73,0.74,2016-2017,NY,10023,Regular School,High,No
360007805774,0.06,0.94,0.81,158679.0,15.59,0.79,2016-2017,NY,10023,Regular School,High,No
360007806146,0.07,0.91,0.92,92019.0,16.78,0.85,2016-2017,NY,10024,Regular School,High,No
360007806148,0.07,0.91,0.92,92019.0,15.59,0.87,2016-2017,NY,10024,Regular School,High,No
360007806185,0.07,0.91,0.92,92019.0,20.86,0.41,2016-2017,NY,10024,Regular School,High,No
360007900579,0.13,0.3,0.44,22109.0,14.32,0.99,2016-2017,NY,10035,Regular School,High,No
360007900593,0.12,0.53,0.28,32024.0,17.98,0.81,2016-2017,NY,10029,Regular School,High,No
360007900638,0.14,0.54,0.24,20607.0,20.15,0.81,2016-2017,NY,10029,Regular School,High,No
360007902929,0.12,0.49,0.38,34412.0,15.61,0.83,2016-2017,NY,10029,Regular School,High,No
360007904518,0.05,0.54,0.52,30023.0,22.84,0.72,2016-2017,NY,10029,Regular School,High,No
360008105116,0.13,0.67,0.29,42893.0,28.5,0.39,2016-2017,NY,10031,Regular School,High,No
360008105639,0.15,0.77,0.53,40280.0,17.95,0.84,2016-2017,NY,10030,Regular School,High,No
360008105934,0.06,0.5,0.29,36921.0,15.93,0.79,2016-2017,NY,10027,Regular School,High,No
360008105945,0.06,0.5,0.29,36921.0,14.17,0.77,2016-2017,NY,10027,Regular School,High,No
360008301265,0.21,0.56,0.47,37593.0,14.95,0.91,2016-2017,NY,10032,Regular School,High,No
360008303681,0.15,0.45,0.23,28302.0,15.1,0.9,2016-2017,NY,10040,Regular School,High,No
360008303685,0.15,0.45,0.23,28302.0,15.46,0.86,2016-2017,NY,10040,Regular School,High,No
360008303691,0.15,0.45,0.23,28302.0,16.34,0.72,2016-2017,NY,10040,Regular School,High,No
360008303692,0.15,0.45,0.23,28302.0,15.46,0.88,2016-2017,NY,10040,Regular School,High,No
360008304305,0.13523458565895066,0.4645647872462091,0.49809128853829354,35067.85246282247,19.2,0.75,2016-2017,NY,10031,Regular School,High,No
360008400749,0.18,0.47,0.28,39792.0,18.08,0.81,2016-2017,NY,10455,Regular School,High,No
360008401338,0.21,0.32,0.25,20233.0,15.49,0.84,2016-2017,NY,10451,Regular School,High,No
360008405180,0.21,0.32,0.25,20233.0,15.54,0.83,2016-2017,NY,10451,Regular School,High,No
360008405187,0.18,0.47,0.28,39792.0,15.24,0.91,2016-2017,NY,10455,Regular School,High,No
360008405189,0.12,0.81,0.24,47993.0,14.98,0.86,2016-2017,NY,10451,Regular School,High,No
360008405512,0.12,0.81,0.24,47993.0,16.64,0.83,2016-2017,NY,10451,Regular School,High,No
360008405517,0.12,0.81,0.24,47993.0,16.17,0.9,2016-2017,NY,10451,Regular School,High,No
360008405873,0.21,0.32,0.25,20233.0,13.61,0.92,2016-2017,NY,10454,Regular School,High,No
360008501964,0.15,0.45,0.7,42595.0,17.56,0.64,2016-2017,NY,10461,Regular School,High,No
360008502968,0.15,0.38,0.24,24583.0,15.71,0.8,2016-2017,NY,10459,Regular School,High,No
360008505186,0.09,0.52,0.29,44836.0,15.44,0.99,2016-2017,NY,10473,Regular School,High,No
360008505653,0.09,0.43,0.37,32354.0,15.88,0.8,2016-2017,NY,10473,Regular School,High,No
360008505654,0.09,0.52,0.29,44836.0,16.68,0.99,2016-2017,NY,10473,Regular School,High,No
360008505659,0.15,0.45,0.7,42595.0,16.49,0.99,2016-2017,NY,10461,Regular School,High,No
360008505661,0.09,0.52,0.29,44836.0,15.93,0.99,2016-2017,NY,10473,Regular School,High,No
360008505789,0.12,0.61,0.33,50388.0,16.39,0.77,2016-2017,NY,10473,Regular School,High,No
360008505876,0.15,0.38,0.24,24583.0,15.2,0.87,2016-2017,NY,10459,Regular School,High,No
360008600795,0.21,0.35,0.52,28988.0,15.17,0.84,2016-2017,NY,10457,Regular School,High,No
360008604879,0.16,0.41,0.34,22839.0,13.66,0.92,2016-2017,NY,10456,Regular School,High,No
360008605175,0.16,0.41,0.34,22839.0,15.54,0.87,2016-2017,NY,10456,Regular School,High,No
360008605176,0.14,0.34,0.46,31309.0,14.63,0.99,2016-2017,NY,10457,Regular School,High,No
360008605547,0.16,0.41,0.34,22839.0,15.59,0.87,2016-2017,NY,10467,Regular School,High,No
360008605668,0.24,0.34,0.16,17300.0,15.81,0.82,2016-2017,NY,10456,Regular School,High,No
360008605669,0.14,0.34,0.46,31309.0,16.37,0.99,2016-2017,NY,10457,Regular School,High,No
360008605693,0.16,0.41,0.34,22839.0,16.37,0.84,2016-2017,NY,10456,Regular School,High,No
360008605791,0.19,0.36,0.41,23674.0,16.25,0.85,2016-2017,NY,10456,Regular School,High,No
360008605793,0.21,0.45,0.49,30330.0,16.86,0.86,2016-2017,NY,10457,Regular School,High,No
360008605794,0.19,0.36,0.41,23674.0,20.89,0.75,2016-2017,NY,10456,Regular School,High,No
360008605861,0.21,0.45,0.49,30330.0,15.42,0.88,2016-2017,NY,10457,Regular School,High,No
360008605882,0.14,0.34,0.46,31309.0,15.73,0.99,2016-2017,NY,10457,Regular School,High,No
360008605981,0.21,0.39,0.2,17664.0,14.15,0.94,2016-2017,NY,10453,Regular School,High,No
360008701922,0.2,0.43,0.67,50669.0,30.48,0.33,2016-2017,NY,10468,Regular School,High,No
360008701940,0.1,0.68,0.64,59461.0,18.44,0.72,2016-2017,NY,10468,Regular School,High,No
360008705181,0.19,0.43,0.36,36481.0,14.83,0.85,2016-2017,NY,10468,Regular School,High,No
360008705182,0.21,0.36,0.38,21190.0,16.98,0.81,2016-2017,NY,10458,Regular School,High,No
360008705183,0.21,0.36,0.38,21190.0,16.51,0.81,2016-2017,NY,10458,Regular School,High,No
360008705184,0.21,0.36,0.38,21190.0,14.71,0.85,2016-2017,NY,10458,Regular School,High,No
360008705185,0.21,0.36,0.38,21190.0,16.54,0.85,2016-2017,NY,10458,Regular School,High,No
360008705188,0.17,0.47,0.26,28015.0,18.13,0.87,2016-2017,NY,10463,Regular School,High,No
360008705190,0.2,0.43,0.67,50669.0,29.68,0.22,2016-2017,NY,10468,Regular School,High,No
360008705496,0.17,0.47,0.26,28015.0,15.63,0.77,2016-2017,NY,10463,Regular School,High,No
360008705556,0.19,0.43,0.36,36481.0,17.71,0.76,2016-2017,NY,10468,Regular School,High,No
360008705557,0.19,0.43,0.36,36481.0,17.15,0.79,2016-2017,NY,10468,Regular School,High,No
360008705676,0.17,0.47,0.26,28015.0,16.47,0.76,2016-2017,NY,10458,Regular School,High,No
360008705677,0.2,0.49,0.24,36656.0,17.52,0.99,2016-2017,NY,10463,Regular School,High,No
360008705678,0.17,0.47,0.26,28015.0,15.93,0.82,2016-2017,NY,10463,Regular School,High,No
360008705799,0.19,0.43,0.36,36481.0,13.46,0.95,2016-2017,NY,10468,Regular School,High,No
360008705943,0.21,0.36,0.38,21190.0,17.08,0.79,2016-2017,NY,10458,Regular School,High,No
360008801963,0.13,0.54,0.32,35096.0,16.49,0.63,2016-2017,NY,10475,Regular School,High,No
360008805179,0.11,0.53,0.52,44601.0,17.34,0.64,2016-2017,NY,10462,Regular School,High,No
360008805541,0.12,0.53,0.32,28832.0,17.76,0.6,2016-2017,NY,10469,Regular School,High,No
360008805543,0.15,0.65,0.18,47625.0,15.2,0.99,2016-2017,NY,10467,Regular School,High,No
360008805568,0.15,0.65,0.18,47625.0,16.78,0.99,2016-2017,NY,10467,Regular School,High,No
360008805680,0.13,0.54,0.32,35096.0,17.15,0.7,2016-2017,NY,10475,Regular School,High,No
360008805681,0.15,0.65,0.18,47625.0,16.88,0.99,2016-2017,NY,10467,Regular School,High,No
360008805683,0.15,0.65,0.18,47625.0,17.03,0.99,2016-2017,NY,10467,Regular School,High,No
360008805684,0.15,0.65,0.18,47625.0,16.34,0.99,2016-2017,NY,10467,Regular School,High,No
360008805685,0.12,0.53,0.32,28832.0,20.1,0.69,2016-2017,NY,10469,Regular School,High,No
360008805686,0.15,0.65,0.18,47625.0,15.63,0.99,2016-2017,NY,10467,Regular School,High,No
360008805687,0.12,0.53,0.32,28832.0,17.42,0.75,2016-2017,NY,10469,Regular School,High,No
360008805803,0.16,0.54,0.19,35329.0,15.73,0.94,2016-2017,NY,10466,Regular School,High,No
360008805804,0.16,0.54,0.19,35329.0,16.47,0.63,2016-2017,NY,10466,Regular School,High,No
360008805810,0.16,0.54,0.19,35329.0,16.47,0.74,2016-2017,NY,10466,Regular School,High,No
360008806245,0.12,0.53,0.32,28832.0,13.93,0.94,2016-2017,NY,10469,Regular School,High,No
360008806270,0.12,0.53,0.32,28832.0,17.69,0.75,2016-2017,NY,10469,Regular School,High,No
360009001327,0.18,0.4,0.14,20671.0,13.83,0.99,2016-2017,NY,10460,Regular School,High,No
360009001332,0.2,0.24,0.15,23750.0,15.27,0.81,2016-2017,NY,10460,Regular School,High,No
360009001341,0.17,0.26,0.23,17708.0,14.39,0.84,2016-2017,NY,10472,Regular School,High,No
360009001767,0.17,0.26,0.23,17708.0,14.39,0.98,2016-2017,NY,10472,Regular School,High,No
360009005792,0.23,0.34,0.46,23883.0,15.22,0.86,2016-2017,NY,10460,Regular School,High,No
360009005809,0.1,0.35,0.37,29254.0,15.85,0.85,2016-2017,NY,10459,Regular School,High,No
360009006030,0.17,0.26,0.23,17708.0,12.36,0.99,2016-2017,NY,10472,Regular School,High,No
360009006160,0.17,0.26,0.23,17708.0,18.39,0.71,2016-2017,NY,10472,Regular School,High,No
360009006163,0.16,0.41,0.34,22839.0,15.22,0.85,2016-2017,NY,10456,Regular School,High,No
360009006275,0.23,0.34,0.46,23883.0,15.22,0.81,2016-2017,NY,10460,Regular School,High,No
360009006276,0.17,0.26,0.23,17708.0,18.22,0.87,2016-2017,NY,10472,Regular School,High,No
360009100867,0.22,0.35,0.19,20169.0,16.37,0.69,2016-2017,NY,11201,Regular School,High,No
360009101371,0.22,0.35,0.19,20169.0,15.63,0.99,2016-2017,NY,11201,Regular School,High,No
360009102315,0.07,0.84,0.76,93393.0,20.45,0.47,2016-2017,NY,11238,Regular School,High,No
360009102478,0.09,0.74,0.46,55050.0,15.83,0.77,2016-2017,NY,11238,Regular School,High,No
360009105508,0.07,0.71,0.43,54801.0,20.59,0.45,2016-2017,NY,11217,Regular School,High,No
360009105698,0.05,0.93,0.69,103500.0,18.64,0.62,2016-2017,NY,11201,Regular School,High,No
360009105812,0.22,0.35,0.19,20169.0,15.1,0.74,2016-2017,NY,11201,Regular School,High,No
360009105962,0.08,0.65,0.83,47670.0,15.1,0.79,2016-2017,NY,11205,Regular School,High,No
360009203389,0.06,0.95,0.59,116058.0,17.34,0.83,2016-2017,NY,11201,Regular School,High,No
360009204497,0.09,0.85,0.83,104728.0,18.42,0.63,2016-2017,NY,11217,Regular School,High,No
360009204889,0.07,0.98,0.88,108715.0,17.54,0.77,2016-2017,NY,11215,Regular School,High,No
360009205531,0.07,0.98,0.88,108715.0,17.52,0.79,2016-2017,NY,11215,Regular School,High,No
360009206111,0.13,0.38,0.76,43942.0,15.93,0.79,2016-2017,NY,11232,Regular School,High,No
360009206292,0.07,0.98,0.88,108715.0,23.89,0.35,2016-2017,NY,11215,Regular School,High,No
360009401921,0.19,0.62,0.33,51410.0,16.25,0.74,2016-2017,NY,11213,Regular School,High,No
360009404079,0.15,0.41,0.22,43942.0,16.37,0.78,2016-2017,NY,11221,Regular School,High,No
360009405927,0.12,0.49,0.29,41154.0,15.81,0.99,2016-2017,NY,11233,Regular School,High,No
360009406122,0.21,0.54,0.34,40093.0,15.9,0.98,2016-2017,NY,11221,Regular School,High,No
360009505510,0.12,0.69,0.45,48239.0,19.44,0.75,2016-2017,NY,11203,Regular School,High,No
360009505514,0.18,0.56,0.46,42794.0,15.85,0.75,2016-2017,NY,11225,Regular School,High,No
360009505523,0.18,0.56,0.46,42794.0,17.2,0.77,2016-2017,NY,11225,Regular School,High,No
360009505712,0.18,0.56,0.46,42794.0,12.7,0.99,2016-2017,NY,11225,Regular School,High,No
360009505713,0.18,0.56,0.46,42794.0,15.56,0.84,2016-2017,NY,11225,Regular School,High,No
360009505714,0.17,0.47,0.42,43702.0,15.05,0.79,2016-2017,NY,11226,Regular School,High,No
360009505715,0.17,0.47,0.42,43702.0,15.46,0.69,2016-2017,NY,11203,Regular School,High,No
360009505885,0.17,0.47,0.42,43702.0,15.46,0.81,2016-2017,NY,11226,Regular School,High,No
360009506200,0.12,0.57,0.36,40938.0,16.73,0.88,2016-2017,NY,11213,Regular School,High,No
360009506273,0.12,0.57,0.36,40938.0,18.61,0.67,2016-2017,NY,11213,Regular School,High,No
360009605956,0.13,0.61,0.53,73750.0,16.42,0.8,2016-2017,NY,11236,Regular School,High,No
360009605957,0.06,0.71,0.67,78063.0,15.78,0.76,2016-2017,NY,11203,Regular School,High,No
360009605959,0.14,0.31,0.28,44375.0,15.32,0.7,2016-2017,NY,11203,Regular School,High,No
360009605964,0.06,0.71,0.67,78063.0,14.95,0.78,2016-2017,NY,11203,Regular School,High,No
360009605966,0.13,0.61,0.53,73750.0,15.78,0.81,2016-2017,NY,11236,Regular School,High,No
360009605967,0.13,0.61,0.53,73750.0,16.32,0.72,2016-2017,NY,11236,Regular School,High,No
360009606023,0.08,0.54,0.54,53854.0,17.22,0.83,2016-2017,NY,11236,Regular School,High,No
360009606042,0.06,0.71,0.67,78063.0,15.9,0.74,2016-2017,NY,11203,Regular School,High,No
360009606052,0.08,0.54,0.54,53854.0,15.44,0.75,2016-2017,NY,11236,Regular School,High,No
360009606054,0.13,0.61,0.53,73750.0,15.93,0.72,2016-2017,NY,11236,Regular School,High,No
360009606059,0.08,0.54,0.54,53854.0,16.47,0.77,2016-2017,NY,11236,Regular School,High,No
360009700827,0.12,0.48,0.57,54583.0,15.56,0.89,2016-2017,NY,11221,Regular School,High,No
360009705552,0.19,0.4,0.47,41990.0,15.63,0.94,2016-2017,NY,11237,Regular School,High,No
360009705555,0.19,0.4,0.47,41990.0,14.56,0.99,2016-2017,NY,11237,Regular School,High,No
360009705562,0.12,0.48,0.57,54583.0,15.51,0.91,2016-2017,NY,11221,Regular School,High,No
360009705866,0.19,0.4,0.47,41990.0,14.78,0.99,2016-2017,NY,11237,Regular School,High,No
360009801959,0.13,0.6,0.59,57426.0,18.27,0.66,2016-2017,NY,11385,Regular School,High,No
360009802038,0.04,0.46,0.77,41625.0,17.32,0.66,2016-2017,NY,11373,Regular School,High,No
360009803154,0.08,0.5,0.5,47333.0,16.9,1.0,2016-2017,NY,11368,Regular School,High,No
360009804895,0.06,0.44,0.98,39773.0,15.63,0.99,2016-2017,NY,11101,Regular School,High,No
360009804896,0.06,0.44,0.98,39773.0,16.27,0.99,2016-2017,NY,11101,Regular School,High,No
360009805828,0.06,0.44,0.98,39773.0,20.01,0.69,2016-2017,NY,11101,Regular School,High,No
360009805829,0.06,0.44,0.98,39773.0,18.22,0.65,2016-2017,NY,11101,Regular School,High,No
360009806004,0.06,0.44,0.98,39773.0,26.94,0.34,2016-2017,NY,11101,Regular School,High,No
360009806028,0.09,0.29,0.59,41339.0,17.91,0.71,2016-2017,NY,11373,Regular School,High,No
360009806084,0.09,0.29,0.59,41339.0,13.05,0.87,2016-2017,NY,11373,Regular School,High,No
360009806278,0.05,0.56,0.52,46962.0,20.05,0.56,2016-2017,NY,11373,Regular School,High,No
360009901917,0.04,0.76,0.73,92222.0,21.4,0.6,2016-2017,NY,11361,Regular School,High,No
360009901919,0.1,0.61,0.94,64762.0,23.01,0.44,2016-2017,NY,11361,Regular School,High,No
360009901953,0.09,0.66,0.81,77645.0,22.45,0.6,2016-2017,NY,11365,Regular School,High,No
360009902030,0.02,0.63,0.78,71950.0,16.29,0.59,2016-2017,NY,11427,Regular School,High,No
360009905536,0.0,0.45,0.83,101016.0,18.59,0.5,2016-2017,NY,11426,Regular School,High,No
360010001951,0.07,0.87,0.91,67744.0,21.4,0.53,2016-2017,NY,11375,Regular School,High,No
360010001965,0.11,0.56,0.73,46607.0,18.42,0.72,2016-2017,NY,11432,Regular School,High,No
360010005297,0.1043950152684906,0.550812081853655,0.6112087515472301,49123.13913136206,29.21,0.48,2016-2017,NY,11451,Regular School,High,No
360010005534,0.24,0.42,0.34,37989.0,17.47,0.61,2016-2017,NY,11434,Regular School,High,No
360010006174,0.09,0.61,0.55,42000.0,16.66,0.69,2016-2017,NY,11432,Regular School,High,No
360010006209,0.05,0.66,0.86,83636.0,19.1,0.48,2016-2017,NY,11374,Regular School,High,No
360010006213,0.09,0.61,0.55,42000.0,16.64,0.8,2016-2017,NY,11432,Regular School,High,No
360010006283,0.09,0.61,0.55,42000.0,20.05,0.69,2016-2017,NY,11432,Regular School,High,No
360010101408,0.05,0.66,0.49,69318.0,16.42,0.69,2016-2017,NY,11411,Regular School,High,No
360010101413,0.05,0.66,0.49,69318.0,16.29,0.62,2016-2017,NY,11411,Regular School,High,No
360010105733,0.1,0.54,0.31,62411.0,16.25,0.68,2016-2017,NY,11413,Regular School,High,No
360010105734,0.1,0.54,0.31,62411.0,18.1,0.61,2016-2017,NY,11413,Regular School,High,No
360010105833,0.1,0.54,0.31,62411.0,17.56,0.61,2016-2017,NY,11413,Regular School,High,No
360010106220,0.13,0.55,0.67,82750.0,17.49,0.62,2016-2017,NY,11423,Regular School,High,No
360010201821,0.07,0.69,0.71,46681.0,18.03,0.83,2016-2017,NY,11101,Regular School,High,No
360010202022,0.07,0.79,0.87,70932.0,17.76,0.69,2016-2017,NY,11106,Regular School,High,No
360010202562,0.07,0.69,0.71,46681.0,20.79,0.59,2016-2017,NY,11101,Regular School,High,No
360010202887,0.17,0.36,0.32,25625.0,18.66,0.63,2016-2017,NY,11103,Regular School,High,No
360010204894,0.1,0.65,0.66,59559.0,23.28,0.28,2016-2017,NY,11106,Regular School,High,No
360010205511,0.07,0.86,0.83,118563.0,18.0,0.72,2016-2017,NY,11101,Regular School,High,No
360010205735,0.07,0.51,0.9,54779.0,27.53,0.31,2016-2017,NY,11106,Regular School,High,No
360010206070,0.09,0.88,0.73,82470.0,18.96,0.55,2016-2017,NY,11101,Regular School,High,No
360010301939,0.1,0.61,0.54,60352.0,19.18,0.65,2016-2017,NY,10301,Regular School,High,No
360010302035,0.07,0.68,0.91,92292.0,18.91,0.47,2016-2017,NY,10306,Regular School,High,No
360010302850,0.07,0.52,0.68,54231.0,17.91,0.58,2016-2017,NY,10302,Regular School,High,No
360010302878,0.05,0.7,0.95,100556.0,21.01,0.46,2016-2017,NY,10314,Regular School,High,No
360010302883,0.09,0.64,0.79,90455.0,20.62,0.24,2016-2017,NY,10312,Regular School,High,No
360010305835,0.05,0.61,0.65,61806.0,20.01,0.31,2016-2017,NY,10314,Regular School,High,No
360010306024,0.05,0.61,0.65,61806.0,18.91,0.38,2016-2017,NY,10314,Regular School,High,No
360011505705,0.17,0.34,0.16,20943.0,16.81,0.78,2016-2017,NY,11206,Regular School,High,Yes
360011900892,0.05,0.44,0.91,31685.0,14.61,0.81,2016-2017,NY,11211,Regular School,High,No
360011903074,0.14,0.72,0.91,72891.0,15.42,0.85,2016-2017,NY,11211,Regular School,High,No
360011903078,0.14,0.72,0.91,72891.0,16.05,0.82,2016-2017,NY,11211,Regular School,High,No
360011903091,0.14,0.72,0.91,72891.0,19.13,0.76,2016-2017,NY,11211,Regular School,High,No
360011905699,0.07,0.91,0.97,84739.0,16.39,0.71,2016-2017,NY,11211,Regular School,High,No
360011905703,0.07,0.91,0.97,84739.0,17.42,0.71,2016-2017,NY,11211,Regular School,High,No
360011905704,0.07,0.91,0.97,84739.0,18.49,0.72,2016-2017,NY,11211,Regular School,High,No
360011905896,0.15,0.51,0.42,25775.0,16.03,0.82,2016-2017,NY,11206,Regular School,High,No
360011905929,0.15,0.51,0.42,25775.0,26.55,0.56,2016-2017,NY,11206,Regular School,High,No
360011906080,0.06,0.93,0.73,95714.0,16.76,0.86,2016-2017,NY,11222,Regular School,High,No
360012005716,0.2,0.38,0.25,14154.0,14.85,0.78,2016-2017,NY,11207,Regular School,High,No
360012005717,0.2,0.38,0.25,14154.0,15.59,0.73,2016-2017,NY,11207,Regular School,High,No
360012005718,0.2,0.38,0.25,14154.0,15.68,0.86,2016-2017,NY,11207,Regular School,High,No
360012005719,0.2,0.38,0.25,14154.0,15.71,0.82,2016-2017,NY,11207,Regular School,High,No
360012005931,0.09,0.42,0.51,43385.0,12.61,0.92,2016-2017,NY,11208,Regular School,High,No
360012006031,0.14,0.52,0.71,62070.0,14.88,0.82,2016-2017,NY,11208,Regular School,High,No
360012006045,0.14,0.52,0.71,62070.0,15.46,0.78,2016-2017,NY,11208,Regular School,High,No
360012006046,0.14,0.52,0.71,62070.0,15.76,0.73,2016-2017,NY,11208,Regular School,High,No
360012006118,0.23,0.31,0.23,30564.0,15.93,0.8,2016-2017,NY,11208,Regular School,High,No
360012105721,0.13,0.51,0.22,40526.0,16.2,0.77,2016-2017,NY,11233,Regular School,High,No
360012105722,0.11,0.45,0.11,37991.0,16.64,0.83,2016-2017,NY,11212,Regular School,High,No
360012200954,0.19,0.51,0.88,46731.0,18.57,0.71,2016-2017,NY,11366,Regular School,High,No
360012201950,0.13,0.49,0.75,50452.0,17.71,0.63,2016-2017,NY,11354,Regular School,High,No
360012202014,0.03,0.61,0.96,53882.0,18.64,0.63,2016-2017,NY,11367,Regular School,High,No
360012204485,0.09,0.75,0.95,81250.0,29.16,0.36,2016-2017,NY,11367,Regular School,High,No
360012205727,0.07,0.43,0.74,32094.0,16.56,0.86,2016-2017,NY,11355,Regular School,High,No
360012301912,0.16,0.57,0.51,65680.0,14.95,0.66,2016-2017,NY,11434,Regular School,High,No
360012302013,0.12,0.37,0.65,55339.0,16.93,0.79,2016-2017,NY,11417,Regular School,High,No
360012302863,0.08,0.53,0.63,58209.0,16.93,0.77,2016-2017,NY,11418,Regular School,High,No
360012305730,0.09,0.54,0.61,57725.0,17.15,0.71,2016-2017,NY,11691,Regular School,High,No
360012305899,0.11,0.54,0.49,53333.0,20.03,0.54,2016-2017,NY,11416,Regular School,High,No
360012305999,0.09,0.54,0.61,57725.0,14.85,0.74,2016-2017,NY,11691,Regular School,High,No
360012306047,0.08,0.53,0.58,66518.0,17.95,0.66,2016-2017,NY,11417,Regular School,High,No
360012306194,0.07,0.55,0.31,54496.0,14.95,0.99,2016-2017,NY,11694,Regular School,High,No
360012306277,0.07,0.55,0.31,54496.0,16.51,0.99,2016-2017,NY,11694,Regular School,High,No
360015101916,0.12,0.66,0.65,43309.0,19.27,0.72,2016-2017,NY,11220,Regular School,High,No
360015101947,0.09,0.4,1.0,28274.0,19.27,0.75,2016-2017,NY,11204,Regular School,High,No
360015101952,0.11,0.79,0.76,90556.0,20.59,0.56,2016-2017,NY,11209,Regular School,High,No
360015102036,0.1,0.39,0.74,38708.0,19.15,0.7,2016-2017,NY,11214,Regular School,High,No
360015201906,0.12,0.82,1.0,31795.0,18.0,0.62,2016-2017,NY,11235,Regular School,High,No
360015201943,0.09,0.59,0.94,51875.0,20.84,0.46,2016-2017,NY,11230,Regular School,High,No
360015204312,0.06,0.55,0.89,57500.0,19.64,0.78,2016-2017,NY,11223,Regular School,High,No
360015205823,0.1,0.45,0.75,39936.0,15.66,0.91,2016-2017,NY,11214,Regular School,High,No
360015205826,0.08,0.78,0.4,47740.0,18.08,0.99,2016-2017,NY,11224,Regular School,High,No
360015205827,0.1,0.45,0.75,39936.0,15.02,0.76,2016-2017,NY,11214,Regular School,High,No
360015205940,0.1,0.45,0.75,39936.0,15.2,0.84,2016-2017,NY,11214,Regular School,High,No
360015205941,0.1,0.45,0.75,39936.0,16.86,0.71,2016-2017,NY,11214,Regular School,High,No
360015300829,0.09,0.81,0.91,86719.0,21.28,0.59,2016-2017,NY,11218,Regular School,High,No
360015300871,0.06,0.69,0.57,52036.0,23.72,0.34,2016-2017,NY,11235,Regular School,High,No
360015302009,0.1,0.74,1.0,61742.0,19.93,0.53,2016-2017,NY,11229,Regular School,High,No
360015302032,0.09,0.73,0.66,56786.0,22.91,0.42,2016-2017,NY,11210,Regular School,High,No
360016305923,0.1,0.56,0.55,43672.0,17.3,0.67,2016-2017,NY,10463,Regular School,High,Yes
360094806058,0.05,0.93,0.39,91875.0,16.66,0.71,2016-2017,NY,11222,Regular School,High,Yes
360095906073,0.16,0.44,0.29,31424.0,15.81,0.88,2016-2017,NY,10454,Regular School,High,Yes
360096306039,0.17,0.32,0.42,20678.0,18.42,0.84,2016-2017,NY,10455,Regular School,High,Yes
360103606225,0.11,0.59,0.43,33792.0,15.61,0.78,2016-2017,NY,10029,Regular School,High,Yes
360104106263,0.17,0.47,0.26,28015.0,15.61,0.69,2016-2017,NY,10463,Regular School,High,Yes
360104706254,0.17,0.47,0.26,28015.0,17.22,0.67,2016-2017,NY,10463,Regular School,High,Yes
370001100400,0.17,0.57,0.23,32444.0,17.32,0.69,2016-2017,NC,28304,Regular School,High,No
370001100402,0.19,0.49,0.46,33850.0,20.57,0.38,2016-2017,NC,28301,Regular School,High,No
370001100420,0.23,0.44,0.24,29135.0,21.15,0.19,2016-2017,NC,28306,Regular School,High,No
370001100426,0.14,0.76,0.63,54716.0,19.1,0.45,2016-2017,NC,28311,Regular School,High,No
370001100433,0.13,0.71,0.5,59118.0,17.64,0.49,2016-2017,NC,28304,Regular School,High,No
370001100436,0.14,0.61,0.58,33935.0,19.42,0.43,2016-2017,NC,28348,Regular School,High,No
370001100445,0.18,0.71,0.41,46797.0,16.25,0.62,2016-2017,NC,28303,Regular School,High,No
370001102124,0.22,0.61,0.38,32708.0,17.32,0.6,2016-2017,NC,28301,Regular School,High,No
370001102132,0.29,0.61,0.29,27105.0,18.74,0.41,2016-2017,NC,28301,Regular School,High,No
370001102134,0.08,0.75,0.58,48309.0,21.28,0.37,2016-2017,NC,28303,Regular School,High,No
370001102512,0.13,0.7,0.72,83359.0,22.06,0.21,2016-2017,NC,28306,Regular School,High,No
370001102663,0.07,0.64,0.68,61784.0,20.35,0.33,2016-2017,NC,28348,Regular School,High,No
370001103228,0.06,0.78,0.37,41281.0,20.71,0.46,2016-2017,NC,28303,Regular School,High,No
370001201491,0.14,0.54,0.27,34051.0,20.45,0.52,2016-2017,NC,28513,Regular School,High,No
370001201495,0.06,0.79,0.71,68563.0,22.28,0.29,2016-2017,NC,27858,Regular School,High,No
370001201497,0.15,0.53,0.49,32847.0,19.2,0.55,2016-2017,NC,27828,Regular School,High,No
370001201502,0.18,0.48,0.51,40156.0,18.25,0.61,2016-2017,NC,27812,Regular School,High,No
370001202142,0.24,0.46,0.21,20028.0,21.76,0.47,2016-2017,NC,27834,Regular School,High,No
370001202616,0.06,0.81,0.75,53840.0,19.49,0.42,2016-2017,NC,28590,Regular School,High,No
370003000006,0.11,0.71,0.55,47589.0,21.54,0.31,2016-2017,NC,27302,Regular School,High,No
370003000009,0.19,0.58,0.51,40179.0,17.81,0.59,2016-2017,NC,27253,Regular School,High,No
370003000016,0.07,0.61,0.76,63300.0,20.93,0.31,2016-2017,NC,27253,Regular School,High,No
370003000019,0.08,0.6,0.69,50795.0,21.5,0.21,2016-2017,NC,27244,Regular School,High,No
370003000202,0.12,0.37,0.44,31536.0,18.76,0.75,2016-2017,NC,27217,Regular School,High,No
370003000207,0.16,0.64,0.35,30522.0,19.98,0.46,2016-2017,NC,27215,Regular School,High,No
370009000028,0.11,0.44,0.57,35464.0,20.96,0.36,2016-2017,NC,28681,Regular School,High,No
370012000037,0.14,0.43,0.59,24957.0,20.62,0.44,2016-2017,NC,28675,Regular School,High,No
370018002054,0.33,0.51,0.16,31549.0,16.59,0.67,2016-2017,NC,28170,Regular School,High,No
370018002748,0.18,0.35,0.65,40605.0,18.27,0.47,2016-2017,NC,28135,Regular School,High,No
370018002973,0.33,0.51,0.16,31549.0,17.3,0.58,2016-2017,NC,28170,Regular School,High,No
370021002425,0.11,0.53,0.54,32926.0,20.86,0.42,2016-2017,NC,28694,Regular School,High,No
370024000062,0.18,0.48,0.61,34171.0,19.96,0.58,2016-2017,NC,27203,Regular School,High,No
370027000070,0.2,0.62,0.17,17130.0,22.25,0.37,2016-2017,NC,28803,Regular School,High,No
370027002749,0.2,0.62,0.17,17130.0,23.96,0.22,2016-2017,NC,28803,Regular School,High,No
370030000081,0.07,0.51,0.75,39423.0,20.96,0.44,2016-2017,NC,28657,Regular School,High,No
370033001926,0.1,0.69,0.33,29126.0,19.3,0.5,2016-2017,NC,27889,Regular School,High,No
370033002224,0.12,0.45,0.67,35500.0,17.98,0.39,2016-2017,NC,27865,Regular School,High,No
370033002504,0.12,0.41,0.57,38068.0,19.49,0.57,2016-2017,NC,27817,Regular School,High,No
370036000101,0.09,0.48,0.41,30962.0,14.71,0.81,2016-2017,NC,27983,Regular School,High,No
370036002918,0.09,0.48,0.41,30962.0,17.83,0.45,2016-2017,NC,27983,Regular School,High,No
370039000116,0.21,0.57,0.32,23879.0,16.86,0.62,2016-2017,NC,28337,Regular School,High,No
370039002620,0.16,0.51,0.54,25180.0,17.15,0.51,2016-2017,NC,28320,Regular School,High,No
370042000125,0.1,0.57,0.52,45272.0,19.54,0.47,2016-2017,NC,28451,Regular School,High,No
370042000127,0.1,0.54,0.7,42355.0,21.37,0.39,2016-2017,NC,28461,Regular School,High,No
370042000132,0.24,0.44,0.57,36597.0,20.86,0.42,2016-2017,NC,28470,Regular School,High,No
370042002898,0.18,0.5,0.57,47149.0,23.62,0.37,2016-2017,NC,28422,Regular School,High,No
370045000133,0.05,0.76,0.84,76250.0,22.72,0.33,2016-2017,NC,28803,Regular School,High,No
370045000142,0.09,0.54,0.65,38117.0,21.64,0.38,2016-2017,NC,28711,Regular School,High,No
370045000143,0.06,0.6,0.71,43657.0,19.86,0.54,2016-2017,NC,28806,Regular School,High,No
370045000147,0.08,0.7,0.75,49592.0,20.93,0.44,2016-2017,NC,28715,Regular School,High,No
370045000156,0.04,0.64,0.81,52981.0,22.67,0.31,2016-2017,NC,28787,Regular School,High,No
370045000164,0.07,0.9,0.75,61314.0,22.99,0.31,2016-2017,NC,28803,Regular School,High,No
370045002661,0.2,0.62,0.17,17130.0,21.79,0.36,2016-2017,NC,28801,Regular School,High,No
370048000174,0.15,0.41,0.66,29646.0,20.37,0.44,2016-2017,NC,28612,Regular School,High,No
370048000176,0.16,0.48,0.55,35332.0,21.25,0.46,2016-2017,NC,28655,Regular School,High,No
370048002832,0.21,0.46,0.74,40227.0,23.28,0.39,2016-2017,NC,28655,Regular School,High,No
370048002836,0.13,0.51,0.68,43750.0,22.47,0.37,2016-2017,NC,28690,Regular School,High,No
370053000210,0.17,0.59,0.44,42173.0,19.3,0.39,2016-2017,NC,28025,Regular School,High,No
370053000215,0.11,0.6,0.74,53091.0,20.71,0.29,2016-2017,NC,28124,Regular School,High,No
370053000216,0.14,0.62,0.61,46200.0,21.37,0.37,2016-2017,NC,28027,Regular School,High,No
370053000378,0.05,0.72,0.7,54096.0,21.84,0.43,2016-2017,NC,28025,Regular School,High,No
370053002570,0.09,0.76,0.75,69848.0,22.08,0.36,2016-2017,NC,28027,Regular School,High,No
370053002833,0.05,0.81,0.77,84730.0,22.59,0.13,2016-2017,NC,28075,Regular School,High,No
370053003083,0.07,0.88,0.93,111228.0,22.06,0.15,2016-2017,NC,28027,Regular School,High,No
370053003159,0.04,0.73,0.91,73400.0,23.6,0.3,2016-2017,NC,28027,Regular School,High,No
370058000231,0.11,0.67,0.84,45891.0,20.67,0.43,2016-2017,NC,28645,Regular School,High,No
370058000239,0.08,0.4,0.63,35938.0,21.69,0.35,2016-2017,NC,28638,Regular School,High,No
370058000241,0.13,0.46,0.62,32225.0,18.96,0.57,2016-2017,NC,28645,Regular School,High,No
370058002880,0.13,0.59,0.67,48889.0,21.96,0.34,2016-2017,NC,28638,Regular School,High,No
370060000246,0.12,0.39,0.45,25651.0,20.49,0.18,2016-2017,NC,27921,Regular School,High,No
370063000253,0.11,0.65,0.67,53681.0,21.64,0.35,2016-2017,NC,28516,Regular School,High,No
370063000259,0.01,0.76,0.57,53929.0,22.42,0.29,2016-2017,NC,28557,Regular School,High,No
370063002369,0.16,0.59,0.64,47434.0,23.16,0.2,2016-2017,NC,28570,Regular School,High,No
370066000264,0.2,0.44,0.4,29500.0,19.25,0.49,2016-2017,NC,27379,Regular School,High,No
370069000274,0.07,0.51,0.73,51406.0,21.52,0.26,2016-2017,NC,28609,Regular School,High,No
370069000277,0.08,0.63,0.78,47109.0,19.47,0.46,2016-2017,NC,28610,Regular School,High,No
370069000282,0.07,0.48,0.82,47476.0,22.45,0.29,2016-2017,NC,28658,Regular School,High,No
370069000285,0.09,0.56,0.75,48552.0,20.03,0.4,2016-2017,NC,28650,Regular School,High,No
370069000290,0.11,0.63,0.68,52813.0,21.67,0.4,2016-2017,NC,28601,Regular School,High,No
370069002753,0.18,0.32,0.44,31011.0,22.01,0.37,2016-2017,NC,28602,Regular School,High,No
370072000295,0.05,0.97,0.91,135781.0,26.21,0.18,2016-2017,NC,27516,Regular School,High,No
370072001942,0.01,0.89,0.91,91771.0,26.53,0.18,2016-2017,NC,27514,Regular School,High,No
370072002823,0.07,0.87,0.78,87472.0,25.96,0.18,2016-2017,NC,27510,Regular School,High,No
370075000306,0.14,0.43,0.72,45250.0,19.1,0.29,2016-2017,NC,27207,Regular School,High,No
370075000311,0.19,0.38,0.56,36683.0,18.05,0.61,2016-2017,NC,27344,Regular School,High,No
370075000313,0.13,0.69,0.76,58150.0,21.72,0.24,2016-2017,NC,27312,Regular School,High,No
370078000318,0.14,0.47,0.68,30771.0,19.3,0.43,2016-2017,NC,28901,Regular School,High,No
370078000323,0.07,0.57,0.68,33757.0,21.3,0.46,2016-2017,NC,28906,Regular School,High,No
370078002626,0.09,0.52,0.9,34906.0,19.32,0.44,2016-2017,NC,28906,Regular School,High,No
370084000330,0.25,0.5,0.42,25747.0,18.47,0.5,2016-2017,NC,27932,Regular School,High,No
370087000333,0.16,0.58,0.65,31956.0,21.76,0.39,2016-2017,NC,28904,Regular School,High,No
370090000336,0.12,0.43,0.64,38582.0,18.98,0.5,2016-2017,NC,28090,Regular School,High,No
370090000340,0.13,0.64,0.68,50825.0,19.93,0.45,2016-2017,NC,28152,Regular School,High,No
370090002714,0.09,0.63,0.69,41130.0,21.64,0.42,2016-2017,NC,28086,Regular School,High,No
370090002720,0.25,0.53,0.29,27116.0,20.42,0.57,2016-2017,NC,28152,Regular School,High,No
370090003030,0.13,0.58,0.5,44805.0,21.03,0.56,2016-2017,NC,28152,Regular School,High,No
370093000353,0.12,0.47,0.47,36967.0,18.52,0.5262398031858795,2016-2017,NC,28328,Regular School,High,No
370096000145,0.03,0.75,0.66,44375.0,16.68,0.47,2016-2017,NC,28450,Regular School,High,No
370096000237,0.08,0.5,0.48,23689.0,18.25,0.4,2016-2017,NC,28463,Regular School,High,No
370096000373,0.08,0.48,0.56,35541.0,17.34,0.61,2016-2017,NC,28430,Regular School,High,No
370096002902,0.21,0.47,0.28,24007.0,18.96,0.47,2016-2017,NC,28472,Regular School,High,No
370108000449,0.12,0.52,0.46,46469.0,21.86,0.22,2016-2017,NC,27917,Regular School,High,No
370108003037,0.07,0.57,0.83,62212.0,22.06,0.2,2016-2017,NC,27929,Regular School,High,No
370111000457,0.07,0.68,0.62,56516.0,21.03,0.29,2016-2017,NC,27954,Regular School,High,No
370111002724,0.04,0.75,0.48,56929.0,22.52,0.19,2016-2017,NC,27948,Regular School,High,No
370114000459,0.11,0.53,0.74,47576.0,20.96,0.37,2016-2017,NC,27292,Regular School,High,No
370114000467,0.18,0.48,0.54,35419.0,20.45,0.33,2016-2017,NC,27360,Regular School,High,No
370114000471,0.07,0.65,0.78,64864.0,20.49,0.23,2016-2017,NC,27360,Regular School,High,No
370114000475,0.13,0.6,0.74,52611.0,21.62,0.23,2016-2017,NC,27295,Regular School,High,No
370114000484,0.13,0.47,0.59,43497.0,20.89,0.37,2016-2017,NC,27295,Regular School,High,No
370114002216,0.17,0.39,0.44,32179.0,19.22,0.42,2016-2017,NC,27239,Regular School,High,No
370117000486,0.1,0.49,0.68,39286.0,22.08,0.31,2016-2017,NC,27028,Regular School,High,No
370117002827,0.1,0.49,0.68,39286.0,22.35,0.27,2016-2017,NC,27028,Regular School,High,No
370120000497,0.09,0.47,0.67,35929.0,19.2,0.51,2016-2017,NC,28518,Regular School,High,No
370120000498,0.12,0.56,0.45,28311.0,17.34,0.66,2016-2017,NC,28398,Regular School,High,No
370120000500,0.08,0.47,0.63,37197.0,19.08,0.5,2016-2017,NC,28365,Regular School,High,No
370120000505,0.14,0.38,0.61,34069.0,17.83,0.58,2016-2017,NC,28464,Regular School,High,No
370120003154,0.1,0.45,0.55,42005.0,21.5,0.66,2016-2017,NC,28349,Regular School,High,No
370126000385,0.12,0.52,0.34,35633.0,17.1,0.59,2016-2017,NC,27707,Regular School,High,No
370126000530,0.05,0.94,0.9,156875.0,22.08,0.35,2016-2017,NC,27707,Regular School,High,No
370126000545,0.12,0.68,0.58,72266.0,18.93,0.54,2016-2017,NC,27712,Regular School,High,No
370126000550,0.1,0.67,0.75,52963.0,15.88,0.68,2016-2017,NC,27703,Regular School,High,No
370126002292,0.07,0.5,0.27,32809.0,20.84,0.48,2016-2017,NC,27712,Regular School,High,No
370126002726,0.08,0.59,0.24,26830.0,20.86,0.49,2016-2017,NC,27707,Regular School,High,No
370126002920,0.12,0.52,0.34,35633.0,17.05,0.47,2016-2017,NC,27707,Regular School,High,No
370126003112,0.11,0.55,0.51,38243.0,18.59,0.53,2016-2017,NC,27704,Regular School,High,No
370132000555,0.2,0.49,0.45,34544.0,17.44,0.74,2016-2017,NC,27886,Regular School,High,No
370132000559,0.18,0.42,0.52,41853.0,18.64,0.59,2016-2017,NC,27864,Regular School,High,No
370132001770,0.12,0.58,0.45,33832.0,17.34,0.67,2016-2017,NC,27886,Regular School,High,No
370132002762,0.12,0.58,0.45,33832.0,21.81,0.29,2016-2017,NC,27886,Regular School,High,No
370150000592,0.29,0.6,0.14,34479.0,15.66,0.84,2016-2017,NC,27105,Regular School,High,No
370150000600,0.1,0.59,0.64,40945.0,20.57,0.3,2016-2017,NC,27284,Regular School,High,No
370150000604,0.04,0.75,0.75,64375.0,20.4,0.45,2016-2017,NC,27284,Regular School,High,No
370150000623,0.07,0.8,0.78,56607.0,21.59,0.34,2016-2017,NC,27106,Regular School,High,No
370150000624,0.02,0.46,0.61,39545.0,18.15,0.63,2016-2017,NC,27105,Regular School,High,No
370150000631,0.13,0.5,0.52,31071.0,19.49,0.69,2016-2017,NC,27127,Regular School,High,No
370150000634,0.1,0.87,0.67,25508.0,22.4,0.41,2016-2017,NC,27104,Regular School,High,No
370150000647,0.06,0.82,0.72,77695.0,22.33,0.21,2016-2017,NC,27012,Regular School,High,No
370150002765,0.09,0.78,0.69,72721.0,22.96,0.13,2016-2017,NC,27040,Regular School,High,No
370150003038,0.09,0.61,0.45,33849.0,23.99,0.0,2016-2017,NC,27103,Regular School,High,No
370150003176,0.23,0.53,0.57,25179.0,23.57,0.36,2016-2017,NC,27101,Regular School,High,No
370150003194,0.15,0.54,0.54,49018.0,18.69,0.46,2016-2017,NC,27051,Regular School,High,No
370153000651,0.09,0.26,0.59,29590.0,20.52,0.48,2016-2017,NC,27508,Regular School,High,No
370153000658,0.19,0.54,0.56,31316.0,21.86,0.55,2016-2017,NC,27549,Regular School,High,No
370153000661,0.05,0.73,0.82,57991.0,19.76,0.38,2016-2017,NC,27525,Regular School,High,No
370162000663,0.11,0.7,0.74,56613.0,19.66,0.53,2016-2017,NC,28054,Regular School,High,No
370162000668,0.2,0.4,0.44,25052.0,17.66,0.61,2016-2017,NC,28016,Regular School,High,No
370162000675,0.21,0.48,0.62,44142.0,21.64,0.41,2016-2017,NC,28021,Regular School,High,No
370162000681,0.09,0.67,0.91,68050.0,20.89,0.36,2016-2017,NC,28120,Regular School,High,No
370162000691,0.11,0.42,0.48,39015.0,17.74,0.66,2016-2017,NC,28052,Regular School,High,No
370162000702,0.21,0.56,0.6,32438.0,19.91,0.46,2016-2017,NC,28034,Regular School,High,No
370162000711,0.15,0.76,0.56,50373.0,21.35,0.28,2016-2017,NC,28012,Regular School,High,No
370162002384,0.21,0.67,0.75,57440.0,20.45,0.34,2016-2017,NC,28056,Regular School,High,No
370162002521,0.18,0.34,0.26,19014.0,22.94,0.24,2016-2017,NC,28052,Regular School,High,No
370168000720,0.15,0.49,0.69,51364.0,19.37,0.37,2016-2017,NC,27938,Regular School,High,No
370177000734,0.1,0.54,0.85,41144.0,21.2,0.49,2016-2017,NC,28771,Regular School,High,No
370180000742,0.11,0.56,0.44,48856.0,19.08,0.53,2016-2017,NC,27565,Regular School,High,No
370180002769,0.11,0.56,0.44,48856.0,21.96,0.18,2016-2017,NC,27565,Regular School,High,No
370180002829,0.05,0.54,0.72,55230.0,20.32,0.47,2016-2017,NC,27581,Regular School,High,No
370180003142,0.06,0.32,0.5,39866.0,21.2,0.35,2016-2017,NC,27522,Regular School,High,No
370183000750,0.08,0.5,0.56,39327.0,17.86,0.6,2016-2017,NC,28580,Regular School,High,No
370192000768,0.19,0.54,0.39,29212.0,16.39,0.77,2016-2017,NC,27401,Regular School,High,No
370192000774,0.07,0.86,0.9,54545.0,23.91,0.35,2016-2017,NC,27408,Regular School,High,No
370192000793,0.05,0.54,0.17,24306.0,21.47,0.42,2016-2017,NC,27405,Regular School,High,No
370192000798,0.13,0.28,0.59,27561.0,16.39,0.8,2016-2017,NC,27407,Regular School,High,No
370192000821,0.07,0.64,0.79,54676.0,17.52,0.57,2016-2017,NC,27249,Regular School,High,No
370192000830,0.09,0.86,0.83,81250.0,20.3,0.39,2016-2017,NC,27282,Regular School,High,No
370192000836,0.06,0.65,0.75,59583.0,17.78,0.56,2016-2017,NC,27301,Regular School,High,No
370192000838,0.05,0.83,0.9,96250.0,23.64,0.11,2016-2017,NC,27409,Regular School,High,No
370192000846,0.1,0.76,0.75,68151.0,20.15,0.29,2016-2017,NC,27406,Regular School,High,No
370192000849,0.08,0.41,0.74,42576.0,19.18,0.58,2016-2017,NC,27406,Regular School,High,No
370192000855,0.04,0.71,0.26,33324.0,20.4,0.39,2016-2017,NC,27410,Regular School,High,No
370192000956,0.15,0.32,0.43,23545.0,19.96,0.59,2016-2017,NC,27262,Regular School,High,No
370192000967,0.1,0.52,0.18,35055.0,17.71,0.75,2016-2017,NC,27265,Regular School,High,No
370192002042,0.08,0.79,0.81,60278.0,21.59,0.36,2016-2017,NC,27265,Regular School,High,No
370192002584,0.22,0.94,0.87,25104.0,20.15,0.23,2016-2017,NC,27401,Regular School,High,No
370192002629,0.11,0.81,0.79,52128.0,30.95,0.08,2016-2017,NC,27410,Regular School,High,No
370192002889,0.13,0.28,0.59,27561.0,18.1,0.61,2016-2017,NC,27407,Regular School,High,No
370192002989,0.15,0.32,0.43,23545.0,18.66,0.67,2016-2017,NC,27262,Regular School,High,No
370192002991,0.1,0.65,0.71,72043.0,23.6,0.15,2016-2017,NC,27455,Regular School,High,No
370192003233,0.22,0.94,0.87,25104.0,18.91,0.42,2016-2017,NC,27412,Regular School,High,No
370195000866,0.14,0.4,0.31,29886.0,16.07,0.76,2016-2017,NC,27850,Regular School,High,No
370195002157,0.11,0.34,0.23,30354.0,16.39,0.86,2016-2017,NC,27839,Regular School,High,No
370201000884,0.09,0.5,0.76,44286.0,20.62,0.42,2016-2017,NC,27501,Regular School,High,No
370201000894,0.08,0.73,0.76,75703.0,18.98,0.44,2016-2017,NC,27546,Regular School,High,No
370201002158,0.12,0.55,0.68,36688.0,19.44,0.49,2016-2017,NC,28339,Regular School,High,No
370201002733,0.14,0.56,0.79,48056.0,19.64,0.32,2016-2017,NC,28390,Regular School,High,No
370204000908,0.09,0.51,0.74,41019.0,21.67,0.38,2016-2017,NC,28716,Regular School,High,No
370204000910,0.06,0.72,0.58,44049.0,22.37,0.35,2016-2017,NC,28786,Regular School,High,No
370210000804,0.12,0.59,0.87,36520.0,21.67,0.45,2016-2017,NC,28792,Regular School,High,No
370210000915,0.14,0.6,0.67,32261.0,22.01,0.42,2016-2017,NC,28726,Regular School,High,No
370210000926,0.05,0.64,0.86,51140.0,22.16,0.25,2016-2017,NC,28791,Regular School,High,No
370210000928,0.15,0.55,0.32,27944.0,22.13,0.32,2016-2017,NC,28791,Regular School,High,No
370216002208,0.11,0.53,0.65,32411.0,15.44,0.67,2016-2017,NC,27910,Regular School,High,No
370219000943,0.07,0.39,0.27,23309.0,21.67,0.43,2016-2017,NC,28601,Regular School,High,No
370225000968,0.13,0.57,0.25,25923.0,17.88,0.55,2016-2017,NC,28376,Regular School,High,No
370225002897,0.13,0.57,0.25,25923.0,23.03,0.45,2016-2017,NC,28376,Regular School,High,No
370231000990,0.05,0.6,0.8,49082.0,20.59,0.29,2016-2017,NC,28660,Regular School,High,No
370231000994,0.07,0.63,0.78,54271.0,22.94,0.23,2016-2017,NC,28677,Regular School,High,No
370231000999,0.14,0.43,0.66,44410.0,19.4,0.39,2016-2017,NC,28677,Regular School,High,No
370231002303,0.12,0.54,0.54,36932.0,19.18,0.53,2016-2017,NC,28677,Regular School,High,No
370231002633,0.09,0.82,0.86,80511.0,23.13,0.06,2016-2017,NC,28117,Regular School,High,No
370231003087,0.12,0.54,0.54,36932.0,22.25,0.33,2016-2017,NC,28677,Regular School,High,No
370234001008,0.11,0.76,0.58,45735.0,21.06,0.39,2016-2017,NC,28779,Regular School,High,No
370237001012,0.04,0.72,0.61,50992.0,20.89,0.26,2016-2017,NC,27520,Regular School,High,No
370237001021,0.09,0.56,0.56,37647.0,21.47,0.43,2016-2017,NC,27542,Regular School,High,No
370237001028,0.12,0.57,0.65,37608.0,19.3,0.61,2016-2017,NC,27577,Regular School,High,No
370237001029,0.14,0.59,0.52,40313.0,21.2,0.43,2016-2017,NC,27524,Regular School,High,No
370237002635,0.06,0.64,0.86,70911.0,22.23,0.24,2016-2017,NC,27504,Regular School,High,No
370237003116,0.12,0.57,0.65,37608.0,23.38,0.37,2016-2017,NC,27577,Regular School,High,No
370237003215,0.06,0.64,0.86,70911.0,19.96,0.22,2016-2017,NC,27520,Regular School,High,No
370237003225,0.09,0.5,0.68,44063.0,22.08,0.22,2016-2017,NC,27591,Regular School,High,No
370240001035,0.14,0.5,0.67,40842.0,20.23,0.63,2016-2017,NC,28585,Regular School,High,No
370243001039,0.1,0.59,0.56,32246.0,19.76,0.52,2016-2017,NC,28083,Regular School,High,No
370256001080,0.21,0.25,0.44,26434.0,20.25,0.47,2016-2017,NC,27330,Regular School,High,No
370256002781,0.1,0.4,0.67,39094.0,20.32,0.49,2016-2017,NC,27332,Regular School,High,No
370261000585,0.23,0.4,0.23,20784.0,18.0,0.74,2016-2017,NC,28501,Regular School,High,No
370261001091,0.07,0.65,0.58,49005.0,18.69,0.45,2016-2017,NC,28551,Regular School,High,No
370261001094,0.05,0.42,0.85,45476.0,21.2,0.39,2016-2017,NC,28525,Regular School,High,No
370264001102,0.2,0.43,0.47,27754.0,18.37,0.7,2016-2017,NC,27292,Regular School,High,No
370268001110,0.11,0.77,0.97,68393.0,21.45,0.26,2016-2017,NC,28037,Regular School,High,No
370268001114,0.16,0.54,0.39,26604.0,20.03,0.52,2016-2017,NC,28092,Regular School,High,No
370268001124,0.16,0.5,0.73,47224.0,20.4,0.44,2016-2017,NC,28092,Regular School,High,No
370268002673,0.05,0.57,0.8,62465.0,22.57,0.21,2016-2017,NC,28092,Regular School,High,No
370276001138,0.11,0.43,0.78,27917.0,21.01,0.47,2016-2017,NC,28734,Regular School,High,No
370276002901,0.11,0.43,0.78,27917.0,23.08,0.55,2016-2017,NC,28734,Regular School,High,No
370282001153,0.05,0.49,0.61,42618.0,21.18,0.44,2016-2017,NC,28753,Regular School,High,No
370282003145,0.09,0.63,0.74,41250.0,21.64,0.36,2016-2017,NC,28754,Regular School,High,No
370288001165,0.14,0.44,0.42,33293.0,17.32,0.57,2016-2017,NC,27871,Regular School,High,No
370288001169,0.16,0.53,0.44,31974.0,19.84,0.44,2016-2017,NC,27892,Regular School,High,No
370294001179,0.17,0.48,0.46,32557.0,20.4,0.45,2016-2017,NC,28752,Regular School,High,No
370294002809,0.06,0.52,0.47,29741.0,20.79,0.4,2016-2017,NC,28752,Regular School,High,No
370297001214,0.08,0.48,0.49,36958.0,22.06,0.54,2016-2017,NC,28212,Regular School,High,No
370297001221,0.27,0.36,0.27,29022.0,17.83,0.74,2016-2017,NC,28208,Regular School,High,No
370297001229,0.06,0.41,0.88,45335.0,21.18,0.48,2016-2017,NC,28227,Regular School,High,No
370297001244,0.04,0.94,0.84,84174.0,23.96,0.29,2016-2017,NC,28209,Regular School,High,No
370297001248,0.06,0.76,0.77,81755.0,20.13,0.51,2016-2017,NC,28078,Regular School,High,No
370297001274,0.06,0.9,0.92,71313.0,22.81,0.39,2016-2017,NC,28210,Regular School,High,No
370297001285,0.24,0.4,0.48,25500.0,15.71,0.8,2016-2017,NC,28216,Regular School,High,No
370297001286,0.19,0.42,0.62,44079.0,17.39,0.68,2016-2017,NC,28214,Regular School,High,No
370297002220,0.06,0.94,0.74,71536.0,24.89,0.08,2016-2017,NC,28270,Regular School,High,No
370297002324,0.08,0.79,0.74,74471.0,22.06,0.36,2016-2017,NC,28105,Regular School,High,No
370297002326,0.06,0.7,0.46,45497.0,16.76,0.72,2016-2017,NC,28262,Regular School,High,No
370297002593,0.03,0.88,0.94,102346.0,19.79,0.38,2016-2017,NC,28078,Regular School,High,No
370297002641,0.24,0.38,0.21,21198.0,19.4,0.57,2016-2017,NC,28208,Regular School,High,No
370297002811,0.1,0.74,0.83,80016.0,19.93,0.36,2016-2017,NC,28269,Regular School,High,No
370297002841,0.07,0.72,0.69,51602.0,20.1,0.56,2016-2017,NC,28273,Regular School,High,No
370297002852,0.07,0.72,0.69,51602.0,20.79,0.39,2016-2017,NC,28273,Regular School,High,No
370297002886,0.07,0.72,0.69,51602.0,21.08,0.32,2016-2017,NC,28273,Regular School,High,No
370297002894,0.07,0.72,0.69,51602.0,17.27,0.54,2016-2017,NC,28273,Regular School,High,No
370297002905,0.07,0.72,0.69,51602.0,18.71,0.44,2016-2017,NC,28273,Regular School,High,No
370297002910,0.05,0.92,0.87,109569.0,24.23,0.09,2016-2017,NC,28277,Regular School,High,No
370297003000,0.12,0.45,0.38,33750.0,23.77,0.26,2016-2017,NC,28215,Regular School,High,No
370297003173,0.06,0.71,0.78,63919.0,18.54,0.58,2016-2017,NC,28227,Regular School,High,No
370297003175,0.03,0.77,0.66,57118.0,23.08,0.14,2016-2017,NC,28031,Regular School,High,No
370297003245,0.19,0.56,0.39,25679.0,15.73,0.8,2016-2017,NC,28205,Regular School,High,No
370300001297,0.13,0.57,0.75,38925.0,21.62,0.4,2016-2017,NC,28705,Regular School,High,No
370306001307,0.17,0.46,0.82,26530.0,18.64,0.48184654099427826,2016-2017,NC,27209,Regular School,High,No
370306001313,0.17,0.45,0.45,34375.0,18.0,0.5823672831789561,2016-2017,NC,27306,Regular School,High,No
370309001320,0.07,0.43,0.61,34075.0,20.4,0.49,2016-2017,NC,27325,Regular School,High,No
370309001321,0.15,0.59,0.38,34194.0,21.94,0.29,2016-2017,NC,28387,Regular School,High,No
370309001328,0.08,0.59,0.57,42870.0,22.84,0.29,2016-2017,NC,28326,Regular School,High,No
370312001333,0.07,0.79,0.76,66027.0,22.23,0.25,2016-2017,NC,28115,Regular School,High,No
370321001339,0.12,0.7,0.3,30994.0,22.23,0.39,2016-2017,NC,27030,Regular School,High,No
370327000763,0.17,0.53,0.45,38209.0,18.22,0.59,2016-2017,NC,27803,Regular School,High,No
370327001351,0.15,0.67,0.52,55521.0,19.37,0.42,2016-2017,NC,27804,Regular School,High,No
370327001354,0.1,0.42,0.72,41822.0,20.18,0.49,2016-2017,NC,27807,Regular School,High,No
370327002643,0.19,0.63,0.67,48563.0,18.83,0.48,2016-2017,NC,27804,Regular School,High,No
370327002644,0.19,0.63,0.67,48563.0,20.3,0.43,2016-2017,NC,27804,Regular School,High,No
370331000384,0.14,0.57,0.76,42813.0,21.11,0.32,2016-2017,NC,28532,Regular School,High,No
370331000388,0.16,0.55,0.66,50354.0,21.13,0.4,2016-2017,NC,28562,Regular School,High,No
370331002180,0.1,0.43,0.43,35289.0,19.47,0.44,2016-2017,NC,28586,Regular School,High,No
370331003127,0.14,0.57,0.76,42813.0,22.16,0.19,2016-2017,NC,28532,Regular School,High,No
370333001373,0.09,0.68,0.69,52696.0,21.3,0.31,2016-2017,NC,28405,Regular School,High,No
370333001379,0.09,0.83,0.48,56987.0,23.03,0.24,2016-2017,NC,28403,Regular School,High,No
370333001384,0.17,0.48,0.39,29283.0,20.79,0.44,2016-2017,NC,28401,Regular School,High,No
370333002595,0.15,0.66,0.6,51575.0,21.94,0.34,2016-2017,NC,28412,Regular School,High,No
370333002888,0.09,0.64,0.38,32691.0,25.79,0.38,2016-2017,NC,28403,Regular School,High,No
370333002915,0.09,0.68,0.69,52696.0,21.74,0.46,2016-2017,NC,28429,Regular School,High,No
370336001400,0.09,0.54,0.74,31951.0,20.08,0.47,2016-2017,NC,28658,Regular School,High,No
370342001412,0.13,0.52,0.34,40351.0,16.27,0.7,2016-2017,NC,27832,Regular School,High,No
370345001421,0.08,0.69,0.82,59130.0,20.2,0.26,2016-2017,NC,28445,Regular School,High,No
370345001423,0.18,0.63,0.63,38705.0,21.01,0.3,2016-2017,NC,28540,Regular School,High,No
370345001429,0.1,0.6,0.78,44540.0,20.32,0.24,2016-2017,NC,28574,Regular School,High,No
370345001431,0.15,0.55,0.6,36713.0,20.15,0.36,2016-2017,NC,28540,Regular School,High,No
370345001434,0.07,0.67,0.5,54500.0,21.2,0.26,2016-2017,NC,28584,Regular School,High,No
370345001440,0.16,0.81,0.64,55464.0,20.91,0.25,2016-2017,NC,28546,Regular School,High,No
370345002598,0.13,0.72,0.65,43922.0,18.81,0.31,2016-2017,NC,28546,Regular School,High,No
370348001447,0.07,0.75,0.77,53846.0,21.42,0.3,2016-2017,NC,27278,Regular School,High,No
370348002645,0.07,0.75,0.77,53846.0,23.4,0.26,2016-2017,NC,27278,Regular School,High,No
370351001450,0.05,0.67,0.49,52406.0,20.47,0.44,2016-2017,NC,28515,Regular School,High,No
370354001456,0.16,0.47,0.41,15395.0,19.22,0.44,2016-2017,NC,27909,Regular School,High,No
370354002537,0.14,0.56,0.64,52056.0,18.76,0.49,2016-2017,NC,27909,Regular School,High,No
370357001466,0.06,0.51,0.47,39750.0,19.13,0.67,2016-2017,NC,28425,Regular School,High,No
370357001469,0.05,0.75,0.76,68345.0,21.86,0.2,2016-2017,NC,28443,Regular School,High,No
370357002646,0.13,0.47,0.83,45236.0,19.2,0.57,2016-2017,NC,28457,Regular School,High,No
370357002906,0.14,0.51,0.29,29955.0,23.35,0.41,2016-2017,NC,28425,Regular School,High,No
370360001475,0.14,0.45,0.57,41702.0,19.84,0.44,2016-2017,NC,27944,Regular School,High,No
370363001484,0.22,0.34,0.36,21537.0,18.61,0.47,2016-2017,NC,27573,Regular School,High,No
370372000785,0.08,0.64,0.51,49049.0,21.91,0.38,2016-2017,NC,28722,Regular School,High,No
370378001519,0.06,0.45,0.6,40983.0,19.18,0.52,2016-2017,NC,27316,Regular School,High,No
370378001527,0.12,0.42,0.54,34496.0,19.66,0.47,2016-2017,NC,27317,Regular School,High,No
370378001530,0.09,0.56,0.62,50545.0,20.67,0.45,2016-2017,NC,27205,Regular School,High,No
370378001534,0.06,0.55,0.52,39527.0,20.74,0.37,2016-2017,NC,27370,Regular School,High,No
370378002883,0.15,0.47,0.4,29612.0,22.59,0.36,2016-2017,NC,27205,Regular School,High,No
370378003016,0.06,0.46,0.65,56333.0,21.08,0.33,2016-2017,NC,27233,Regular School,High,No
370378003100,0.08,0.51,0.73,45132.0,20.54,0.29,2016-2017,NC,27370,Regular School,High,No
370387001557,0.1,0.62,0.82,45543.0,17.56,0.56,2016-2017,NC,28379,Regular School,High,No
370390001564,0.13,0.5,0.45,35617.0,20.01,0.39,2016-2017,NC,27870,Regular School,High,No
370393002102,0.23,0.6,0.62,26416.0,18.1,0.64,2016-2017,NC,28372,Regular School,High,No
370393002184,0.16,0.38,0.55,29294.0,14.76,0.8,2016-2017,NC,28383,Regular School,High,No
370393002232,0.15,0.38,0.34,25710.0,17.34,0.73,2016-2017,NC,28340,Regular School,High,No
370393002237,0.06,0.69,0.81,47857.0,18.54,0.63,2016-2017,NC,28358,Regular School,High,No
370393002239,0.09,0.4,0.45,23994.0,16.44,0.78,2016-2017,NC,28377,Regular School,High,No
370393002791,0.06,0.61,0.54,50479.0,22.5,0.64,2016-2017,NC,28360,Regular School,High,No
370399001072,0.14,0.63,0.58,37930.0,18.96,0.5,2016-2017,NC,27288,Regular School,High,No
370399001543,0.09,0.67,0.74,55000.0,18.03,0.56,2016-2017,NC,27320,Regular School,High,No
370399001595,0.07,0.51,0.73,53977.0,21.47,0.3,2016-2017,NC,27320,Regular School,High,No
370399002306,0.17,0.39,0.53,34453.0,20.03,0.44,2016-2017,NC,27027,Regular School,High,No
370405001616,0.07,0.59,0.79,49707.0,20.62,0.35,2016-2017,NC,28146,Regular School,High,No
370405001625,0.15,0.57,0.29,37455.0,16.88,0.59,2016-2017,NC,28159,Regular School,High,No
370405001629,0.13,0.46,0.39,37697.0,19.27,0.43,2016-2017,NC,28023,Regular School,High,No
370405001630,0.11,0.54,0.66,34861.0,20.1,0.43,2016-2017,NC,28125,Regular School,High,No
370405002253,0.18,0.58,0.38,28829.0,19.69,0.61,2016-2017,NC,28144,Regular School,High,No
370405002882,0.14,0.53,0.58,44392.0,19.62,0.37,2016-2017,NC,28023,Regular School,High,No
370405003035,0.14,0.5,0.32,30625.0,22.52,0.55,2016-2017,NC,28146,Regular School,High,No
370408001636,0.08,0.5,0.84,43003.0,19.42,0.5,2016-2017,NC,28043,Regular School,High,No
370408001640,0.12,0.56,0.79,34042.0,18.61,0.54,2016-2017,NC,28018,Regular School,High,No
370408001651,0.17,0.59,0.63,39568.0,21.03,0.49,2016-2017,NC,28139,Regular School,High,No
370408002793,0.18,0.44,0.77,24554.0,22.28,0.5124055854747176,2016-2017,NC,28160,Regular School,High,No
370414001672,0.07,0.49,0.67,42696.0,19.35,0.55,2016-2017,NC,28366,Regular School,High,No
370414001674,0.08,0.39,0.5,34342.0,17.74,0.62,2016-2017,NC,28385,Regular School,High,No
370414001676,0.07,0.49,0.67,42696.0,20.67,0.43,2016-2017,NC,28366,Regular School,High,No
370414001683,0.31,0.39,0.61,29275.0,18.64,0.65,2016-2017,NC,28458,Regular School,High,No
370420003007,0.11,0.64,0.56,48438.0,20.27,0.6,2016-2017,NC,28352,Regular School,High,No
370420003231,0.25,0.33,0.25,16605.0,17.54,0.64,2016-2017,NC,28352,Regular School,High,No
370432000022,0.16,0.49,0.36,23799.0,17.64,0.63,2016-2017,NC,28001,Regular School,High,No
370432001713,0.13,0.5,0.59,41625.0,19.37,0.34,2016-2017,NC,28127,Regular School,High,No
370432001718,0.09,0.55,0.53,44154.0,21.01,0.37,2016-2017,NC,28128,Regular School,High,No
370432001720,0.13,0.54,0.84,47861.0,21.2,0.27,2016-2017,NC,28129,Regular School,High,No
370438001737,0.1,0.51,0.77,46967.0,21.5,0.33,2016-2017,NC,27016,Regular School,High,No
370438001741,0.08,0.53,0.54,44029.0,19.54,0.36,2016-2017,NC,27052,Regular School,High,No
370438002485,0.07,0.61,0.61,49861.0,21.06,0.26,2016-2017,NC,27021,Regular School,High,No
370441001748,0.04,0.61,0.74,41938.0,21.72,0.34,2016-2017,NC,27041,Regular School,High,No
370441001754,0.04,0.51,0.7,27177.0,21.74,0.45,2016-2017,NC,27030,Regular School,High,No
370441001757,0.08,0.54,0.72,39436.0,21.4,0.5,2016-2017,NC,27017,Regular School,High,No
370444001763,0.09,0.56,0.81,42529.0,20.2,0.43,2016-2017,NC,28713,Regular School,High,No
370450001776,0.14,0.39,0.44,35610.0,16.68,0.72,2016-2017,NC,27360,Regular School,High,No
370453001778,0.1,0.58,0.79,39636.0,22.13,0.36,2016-2017,NC,28712,Regular School,High,No
370453001783,0.08,0.54,0.78,43250.0,21.5,0.46,2016-2017,NC,28772,Regular School,High,No
370462001301,0.14,0.32,0.49,35844.0,16.1,0.79,2016-2017,NC,28112,Regular School,High,No
370462001792,0.13,0.48,0.63,43703.0,18.42,0.55,2016-2017,NC,28103,Regular School,High,No
370462001797,0.08,0.53,0.73,48958.0,20.03,0.31,2016-2017,NC,28112,Regular School,High,No
370462001799,0.06,0.58,0.81,62682.0,21.42,0.19,2016-2017,NC,28110,Regular School,High,No
370462001803,0.09,0.73,0.73,69353.0,20.96,0.26,2016-2017,NC,28110,Regular School,High,No
370462001806,0.09,0.51,0.62,42292.0,22.18,0.18,2016-2017,NC,28112,Regular School,High,No
370462002552,0.03,0.84,0.93,140294.0,23.86,0.05,2016-2017,NC,28104,Regular School,High,No
370462002799,0.08,0.71,0.87,75500.0,21.47,0.19,2016-2017,NC,28079,Regular School,High,No
370462002845,0.06,0.96,0.88,111806.0,24.52,0.01,2016-2017,NC,28173,Regular School,High,No
370462002893,0.09,0.73,0.73,69353.0,24.21,0.32,2016-2017,NC,28110,Regular School,High,No
370462003093,0.09,0.91,0.96,143889.0,22.94,0.09,2016-2017,NC,28173,Regular School,High,No
370465001823,0.15,0.3,0.24,19798.0,18.1,0.64,2016-2017,NC,27537,Regular School,High,No
370465002280,0.31,0.31,0.06,16845.0,16.59,0.73,2016-2017,NC,27537,Regular School,High,No
370465003024,0.05,0.63,0.7,50964.0,19.93,0.56,2016-2017,NC,27537,Regular School,High,No
370472000944,0.06,0.91,0.6,73391.0,23.67,0.15,2016-2017,NC,27613,Regular School,High,No
370472001829,0.06,0.8,0.76,72153.0,24.43,0.07,2016-2017,NC,27502,Regular School,High,No
370472001830,0.07,0.83,0.6,59934.0,23.52,0.3,2016-2017,NC,27606,Regular School,High,No
370472001839,0.05,0.84,0.56,40804.0,23.13,0.32,2016-2017,NC,27605,Regular School,High,No
370472001844,0.05,0.51,0.6,52857.0,23.91,0.26,2016-2017,NC,27511,Regular School,High,No
370472001861,0.13,0.8,0.73,66477.0,22.4,0.24,2016-2017,NC,27526,Regular School,High,No
370472001863,0.14,0.57,0.41,50754.0,20.69,0.35,2016-2017,NC,27529,Regular School,High,No
370472001879,0.07,0.65,0.59,43986.0,23.18,0.26,2016-2017,NC,27615,Regular School,High,No
370472001892,0.13,0.78,0.65,45222.0,22.57,0.27,2016-2017,NC,27609,Regular School,High,No
370472001901,0.05,0.76,0.81,60590.0,21.18,0.21,2016-2017,NC,27587,Regular School,High,No
370472002055,0.16,0.58,0.37,35323.0,25.06,0.32,2016-2017,NC,27610,Regular School,High,No
370472002355,0.19,0.6,0.51,42028.0,18.57,0.45,2016-2017,NC,27610,Regular School,High,No
370472002489,0.05,0.9,0.9,101591.0,25.43,0.05,2016-2017,NC,27519,Regular School,High,No
370472002560,0.06,0.89,0.74,104688.0,22.01,0.24,2016-2017,NC,27614,Regular School,High,No
370472002653,0.05,0.8,0.81,101548.0,22.74,0.24,2016-2017,NC,27539,Regular School,High,No
370472002745,0.09,0.6,0.7,51375.0,19.0,0.45,2016-2017,NC,27545,Regular School,High,No
370472002810,0.05,0.91,0.77,88024.0,24.11,0.09,2016-2017,NC,27519,Regular School,High,No
370472002847,0.07,0.79,0.73,67243.0,22.5,0.16,2016-2017,NC,27540,Regular School,High,No
370472002866,0.19,0.36,0.3,25476.0,23.3,0.24,2016-2017,NC,27610,Regular School,High,No
370472003226,0.09,0.82,0.84,70790.0,21.74,0.22,2016-2017,NC,27587,Regular School,High,No
370474002189,0.08,0.44,0.32,33036.0,16.1,0.7,2016-2017,NC,27589,Regular School,High,No
370474003009,0.08,0.46,0.63,34460.0,18.17,0.57,2016-2017,NC,27589,Regular School,High,No
370480001930,0.18,0.42,0.41,27086.0,15.95,0.72,2016-2017,NC,27962,Regular School,High,No
370483001943,0.09,0.78,0.69,17316.0,22.89,0.24,2016-2017,NC,28607,Regular School,High,No
370488000502,0.17,0.56,0.4,25664.0,16.66,0.76,2016-2017,NC,27530,Regular School,High,No
370488001948,0.09,0.62,0.56,46447.0,21.18,0.34,2016-2017,NC,27863,Regular School,High,No
370488001950,0.12,0.51,0.45,47083.0,18.71,0.41,2016-2017,NC,27534,Regular School,High,No
370488001961,0.11,0.54,0.59,45671.0,19.15,0.33,2016-2017,NC,27530,Regular School,High,No
370488001963,0.13,0.55,0.3,33889.0,17.42,0.6,2016-2017,NC,28333,Regular School,High,No
370489003079,0.17,0.49,0.58,31324.0,18.22,0.48,2016-2017,NC,27890,Regular School,High,No
370489003262,0.15,0.45,0.18,26914.0,16.1,0.76,2016-2017,NC,27890,Regular School,High,No
370492001970,0.21,0.47,0.28,24007.0,17.88,0.49,2016-2017,NC,28472,Regular School,High,No
370495001974,0.15,0.49,0.79,27988.0,19.91,0.42,2016-2017,NC,28670,Regular School,High,No
370495001981,0.12,0.41,0.74,31018.0,19.74,0.46,2016-2017,NC,28635,Regular School,High,No
370495001988,0.16,0.36,0.53,32168.0,21.62,0.43,2016-2017,NC,28651,Regular School,High,No
370495001989,0.09,0.59,0.59,56042.0,20.98,0.49,2016-2017,NC,28697,Regular School,High,No
370502001994,0.21,0.37,0.44,30139.0,16.95,0.64,2016-2017,NC,27893,Regular School,High,No
370502001998,0.08,0.63,0.44,43700.0,21.3,0.43,2016-2017,NC,27893,Regular School,High,No
370502002000,0.15,0.55,0.34,40239.0,19.79,0.41,2016-2017,NC,27893,Regular School,High,No
370502003097,0.28,0.22,0.21,13387.0,20.3,0.51,2016-2017,NC,27893,Regular School,High,No
370504002018,0.1,0.48,0.81,41806.0,21.96,0.33,2016-2017,NC,27018,Regular School,High,No
370504002020,0.09,0.48,0.68,36612.0,19.49,0.41,2016-2017,NC,27011,Regular School,High,No
370507002030,0.1,0.48,0.67,33542.0,22.96,0.37,2016-2017,NC,28714,Regular School,High,No
390004202978,0.05,0.6,0.67,42524.0,17.0,0.75,2016-2017,OH,43229,Regular School,High,Yes
390008003428,0.03,0.93,0.77,81993.0,20.0,0.44,2016-2017,OH,43214,Regular School,High,Yes
390009403602,0.06,0.74,0.71,61375.0,21.0,0.54,2016-2017,OH,45050,Regular School,High,No
390022304747,0.24,0.45,0.15,18450.0,19.0,0.42,2016-2017,OH,43232,Regular School,High,Yes
390053705248,0.23,0.3,0.52,31781.0,21.0,0.74,2016-2017,OH,45144,Regular School,High,No
390058605078,0.19,0.57,0.42,31111.0,20.0,0.59,2016-2017,OH,43219,Regular School,High,Yes
390434800016,0.1,0.68,0.83,59915.0,21.0,0.46,2016-2017,OH,44313,Regular School,High,No
390434800020,0.07,0.63,0.59,46600.0,18.0,1.0,2016-2017,OH,44301,Regular School,High,No
390434800035,0.07,0.38,0.26,32296.0,17.0,0.99,2016-2017,OH,44314,Regular School,High,No
390434800046,0.1,0.39,0.74,38633.0,16.0,0.77,2016-2017,OH,44310,Regular School,High,No
390434800051,0.26,0.54,0.16,23958.0,16.0,1.0,2016-2017,OH,44320,Regular School,High,No
390434800106,0.16,0.47,0.3,41893.0,18.0,0.89,2016-2017,OH,44305,Regular School,High,No
390434800113,0.1,0.54,0.43,44339.0,21.0,0.51,2016-2017,OH,44312,Regular School,High,No
390434805431,0.23,0.44,0.23,11268.0,23.0,0.4,2016-2017,OH,44308,Regular School,High,No
390434900064,0.1,0.64,0.84,44000.0,19.0,0.57,2016-2017,OH,44601,Regular School,High,No
390435000075,0.2,0.46,0.62,31250.0,22.0,0.28,2016-2017,OH,44805,Regular School,High,No
390435100084,0.14,0.32,0.39,23438.0,20.0,0.62,2016-2017,OH,44004,Regular School,High,No
390435200097,0.06,0.74,0.65,36775.0,24.0,0.34,2016-2017,OH,45780,Regular School,High,No
390435300104,0.18,0.32,0.39,30156.0,19.0,0.49,2016-2017,OH,44203,Regular School,High,No
390435400115,0.04,0.86,0.91,98309.0,24.0,0.07,2016-2017,OH,44140,Regular School,High,No
390435500121,0.04,0.88,0.93,116719.0,25.0,0.1,2016-2017,OH,44122,Regular School,High,No
390435700135,0.08,0.33,0.49,23299.0,19.0,0.45,2016-2017,OH,43906,Regular School,High,No
390435800144,0.13,0.36,0.35,33824.0,21.0,0.39,2016-2017,OH,43311,Regular School,High,No
390435900150,0.07,0.49,0.57,43904.0,21.0,0.27,2016-2017,OH,44811,Regular School,High,No
390436000175,0.1,0.65,0.82,49861.0,22.0,0.25,2016-2017,OH,44017,Regular School,High,No
390436100159,0.08,0.42,0.55,23571.0,21.0,0.57,2016-2017,OH,45714,Regular School,High,No
390436200180,0.06,0.89,0.82,106731.0,25.0,0.23,2016-2017,OH,43209,Regular School,High,No
390436300185,0.07,0.73,0.49,20714.0,23.0,0.26,2016-2017,OH,43402,Regular School,High,No
390436400194,0.07,0.84,0.81,75320.0,25.0,0.07,2016-2017,OH,44147,Regular School,High,No
390436500200,0.08,0.48,0.75,44648.0,20.0,0.68,2016-2017,OH,44144,Regular School,High,No
390436600204,0.06,0.66,0.71,59850.0,22.0,0.17,2016-2017,OH,44212,Regular School,High,No
390436900225,0.07,0.59,0.67,42042.0,20.0,0.44,2016-2017,OH,43725,Regular School,High,No
390437000233,0.2,0.44,0.58,38250.0,17.0,0.8,2016-2017,OH,44405,Regular School,High,No
390437100253,0.11,0.58,0.36,27130.0,19.0,0.58,2016-2017,OH,44708,Regular School,High,No
390437300267,0.08,0.8,0.67,47000.0,25.0,0.1,2016-2017,OH,45459,Regular School,High,No
390437400281,0.24,0.67,0.48,34848.0,22.0,0.85,2016-2017,OH,45601,Regular School,High,No
390437500319,0.1,0.38,0.38,36750.0,19.0,0.8,2016-2017,OH,45238,Regular School,High,No
390437500377,0.1,0.75,0.62,36273.0,17.0,0.76,2016-2017,OH,45227,Regular School,High,No
390437500382,0.23,0.45,0.07,13769.0,15.0,0.95,2016-2017,OH,45214,Regular School,High,No
390437500384,0.22,0.45,0.12,19674.0,26.0,0.18,2016-2017,OH,45207,Regular School,High,No
390437504219,0.08,0.55,0.61,47792.0,16.0,0.0,2016-2017,OH,45238,Regular School,High,No
390437504284,0.04,0.89,0.85,67318.0,16.0,0.0,2016-2017,OH,45208,Regular School,High,No
390437504331,0.03,0.96,1.0,92898.0,22.0,0.29,2016-2017,OH,45208,Regular School,High,No
390437504416,0.18,0.6,0.17,18850.0,15.0,0.97,2016-2017,OH,45237,Regular School,High,No
390437504417,0.08,0.6,0.24,30493.0,15.0,0.0,2016-2017,OH,45224,Regular School,High,No
390437505375,0.26,0.54,0.27,24682.0,19.0,0.65,2016-2017,OH,45211,Regular School,High,No
390437600398,0.07,0.47,0.48,38635.0,20.0,0.48,2016-2017,OH,43113,Regular School,High,No
390437700405,0.05,0.34,0.72,39591.0,19.0,0.41,2016-2017,OH,44683,Regular School,High,No
390437800456,0.32,0.45,0.12,16768.0,13.0,0.99,2016-2017,OH,44104,Regular School,High,No
390437800468,0.34,0.43,0.13,23475.0,15.0,1.0,2016-2017,OH,44108,Regular School,High,No
390437800481,0.34,0.38,0.17,9435.0,15.0,0.99,2016-2017,OH,44115,Regular School,High,No
390437800496,0.22,0.44,0.22,15701.0,14.0,0.75,2016-2017,OH,44109,Regular School,High,No
390437800509,0.09,0.61,0.69,38250.0,15.0,0.98,2016-2017,OH,44102,Regular School,High,No
390437804151,0.12,0.59,0.39,26473.0,17.0,0.87,2016-2017,OH,44113,Regular School,High,No
390437804208,0.29,0.52,0.29,18732.0,18.0,0.73,2016-2017,OH,44106,Regular School,High,No
390437804449,0.23,0.63,0.58,15521.0,16.0,0.97,2016-2017,OH,44114,Regular School,High,No
390437805320,0.28,0.35,0.03,21512.0,14.0,1.0,2016-2017,OH,44105,Regular School,High,No
390437805414,0.21,0.38,0.07,29236.0,15.0,0.99,2016-2017,OH,44110,Regular School,High,No
390437805476,0.31,0.57,0.09,14470.0,18.0,0.15,2016-2017,OH,44112,Regular School,High,No
390437805523,0.16,0.47,0.26,28981.0,15.0,0.24,2016-2017,OH,44103,Regular School,High,No
390437805561,0.0,0.7,0.7380802119765503,39044.0,20.0,0.0,2016-2017,OH,44106,Regular School,High,No
390437900571,0.06,0.69,0.71,47917.0,19.0,0.51,2016-2017,OH,44118,Regular School,High,No
390438000590,0.03,0.54,0.36,32307.0,16.0,0.61,2016-2017,OH,43229,Regular School,High,No
390438000595,0.11,0.38,0.23,29720.0,17.0,0.7,2016-2017,OH,43223,Regular School,High,No
390438000603,0.04,0.88,0.54,58808.0,20.0,0.44,2016-2017,OH,43220,Regular School,High,No
390438000624,0.22,0.65,0.12,28750.0,15.0,0.84,2016-2017,OH,43205,Regular School,High,No
390438000654,0.06,0.64,0.36,44784.0,16.0,0.67,2016-2017,OH,43232,Regular School,High,No
390438000672,0.05,0.97,0.77,56642.0,14.0,0.88,2016-2017,OH,43211,Regular School,High,No
390438000677,0.1,0.17,0.43,30991.0,16.0,0.7,2016-2017,OH,43207,Regular School,High,No
390438000680,0.16,0.43,0.61,25258.0,22.0,0.42,2016-2017,OH,43211,Regular School,High,No
390438000683,0.12,0.83,0.89,51719.0,15.0,0.69,2016-2017,OH,43219,Regular School,High,No
390438000691,0.1,0.67,0.6,49933.0,17.0,0.59,2016-2017,OH,43229,Regular School,High,No
390438000714,0.24,0.3,0.34,34938.0,16.0,0.81,2016-2017,OH,43206,Regular School,High,No
390438000728,0.11,0.41,0.55,30709.0,16.0,0.7,2016-2017,OH,43227,Regular School,High,No
390438000733,0.13,0.33,0.45,29113.0,17.0,0.79,2016-2017,OH,43204,Regular School,High,No
390438000738,0.02,0.86,0.79,82583.0,20.0,0.5,2016-2017,OH,43214,Regular School,High,No
390438002560,0.19,0.33,0.31,24871.0,18.0,0.51,2016-2017,OH,43213,Regular School,High,No
390438004236,0.09,0.76,0.22,51389.0,18.0,0.92,2016-2017,OH,43215,Regular School,High,No
390438004524,0.02,0.94,0.88,70634.0,17.0,0.0,2016-2017,OH,43215,Regular School,High,No
390438100747,0.13,0.35,0.49,33042.0,20.0,0.54,2016-2017,OH,44030,Regular School,High,No
390438200754,0.08,0.48,0.84,44167.0,20.0,0.62,2016-2017,OH,43812,Regular School,High,No
390438300762,0.09,0.46,0.62,44818.0,22.0,0.28,2016-2017,OH,44221,Regular School,High,No
390438400778,0.11,0.6,0.7,45769.0,16.0,0.82,2016-2017,OH,45420,Regular School,High,No
390438400782,0.16,0.49,0.12,28972.0,17.0,0.92,2016-2017,OH,45417,Regular School,High,No
390438400785,0.22,0.51,0.15,16322.0,15.0,0.94,2016-2017,OH,45408,Regular School,High,No
390438400813,0.12,0.44,0.2,31056.0,16.0,0.94,2016-2017,OH,45416,Regular School,High,No
390438400823,0.44,0.48,0.59,19844.0,16.0,0.73,2016-2017,OH,45402,Regular School,High,No
390438400824,0.15,0.48,0.56,24219.0,20.0,0.45,2016-2017,OH,45402,Regular School,High,No
390438500834,0.04,0.64,0.76,51146.0,21.0,0.43,2016-2017,OH,45236,Regular School,High,No
390438600841,0.07,0.56,0.56,49858.0,22.0,0.38,2016-2017,OH,43512,Regular School,High,No
390438700850,0.02,0.67,0.75,51926.0,23.0,0.26,2016-2017,OH,43015,Regular School,High,No
390438800852,0.14,0.47,0.68,42917.0,21.0,0.28,2016-2017,OH,45833,Regular School,High,No
390438900855,0.12,0.43,0.57,27823.0,22.0,0.25,2016-2017,OH,44622,Regular School,High,No
390439000866,0.23,0.4,0.32,27688.0,16.0,1.0,2016-2017,OH,44112,Regular School,High,No
390439100870,0.16,0.39,0.53,28462.0,20.0,0.52,2016-2017,OH,43920,Regular School,High,No
390439200878,0.08,0.47,0.7,42143.0,21.0,0.49,2016-2017,OH,44413,Regular School,High,No
390439300884,0.16,0.5,0.48,38325.0,21.0,0.25,2016-2017,OH,45320,Regular School,High,No
390439400893,0.31,0.42,0.36,25795.0,21.0,0.58,2016-2017,OH,44035,Regular School,High,No
390439500909,0.1,0.66,0.19,42019.0,17.0,0.59,2016-2017,OH,44123,Regular School,High,No
390439600927,0.14,0.65,0.56,56108.0,21.0,0.44,2016-2017,OH,45324,Regular School,High,No
390439700934,0.09,0.8,0.71,59489.0,23.0,0.25,2016-2017,OH,44126,Regular School,High,No
390439900957,0.16,0.39,0.26,28649.0,19.0,0.65,2016-2017,OH,44830,Regular School,High,No
390440000963,0.03,0.5,0.83,65000.0,21.0,0.39,2016-2017,OH,45005,Regular School,High,No
390440100974,0.09,0.42,0.6,40236.0,20.0,0.48,2016-2017,OH,43420,Regular School,High,No
390440200983,0.13,0.43,0.72,31824.0,22.0,0.46,2016-2017,OH,44833,Regular School,High,No
390440300989,0.09,0.5,0.69,44989.0,21.0,0.38,2016-2017,OH,45631,Regular School,High,No
390440400994,0.13,0.52,0.51,41222.0,19.0,0.54,2016-2017,OH,44125,Regular School,High,No
390440501003,0.07,0.5,0.51,44155.0,21.0,0.51,2016-2017,OH,44041,Regular School,High,No
390440601005,0.08,0.58,0.56,44274.0,20.0,0.69,2016-2017,OH,44420,Regular School,High,No
390440701011,0.02,0.9,0.34,38391.0,25.0,0.12,2016-2017,OH,43212,Regular School,High,No
390440801018,0.1,0.64,0.34,45000.0,19.0,0.51,2016-2017,OH,45240,Regular School,High,No
390440901028,0.09,0.53,0.5,35194.0,22.0,0.33,2016-2017,OH,45331,Regular School,High,No
390441001050,0.08,0.54,0.64,44436.0,20.0,0.49,2016-2017,OH,45013,Regular School,High,No
390441101057,0.1,0.58,0.82,44804.0,22.0,0.27,2016-2017,OH,43056,Regular School,High,No
390441201059,0.14,0.47,0.63,33162.0,21.0,0.87,2016-2017,OH,45133,Regular School,High,No
390441301063,0.07,0.66,0.7,51838.0,22.0,0.22,2016-2017,OH,44839,Regular School,High,No
390441401069,0.07,0.48,0.48,34273.0,19.0,0.42,2016-2017,OH,45638,Regular School,High,No
390441501075,0.06,0.53,0.68,36875.0,21.0,0.45,2016-2017,OH,45640,Regular School,High,No
390441601086,0.1,0.74,0.53,62545.0,23.0,0.36,2016-2017,OH,44240,Regular School,High,No
390441801104,0.06,0.86,0.87,52794.0,23.0,0.27,2016-2017,OH,45429,Regular School,High,No
390441901123,0.07,0.72,0.7,47132.0,23.0,0.43,2016-2017,OH,44107,Regular School,High,No
390442001132,0.06,0.57,0.68,41691.0,22.0,0.42,2016-2017,OH,43130,Regular School,High,No
390442101146,0.19,0.47,0.54,37715.0,23.0,0.21,2016-2017,OH,45036,Regular School,High,No
390442205325,0.33,0.34,0.43,18232.0,17.0,0.81,2016-2017,OH,45801,Regular School,High,No
390442301167,0.14,0.33,0.51,33777.0,18.0,0.0,2016-2017,OH,45215,Regular School,High,No
390442401174,0.09,0.52,0.64,35231.0,21.0,0.54,2016-2017,OH,43138,Regular School,High,No
390442501182,0.03,0.52,0.59,51317.0,21.0,0.29,2016-2017,OH,43140,Regular School,High,No
390442701207,0.04,0.68,0.71,65587.0,24.0,0.12,2016-2017,OH,45140,Regular School,High,No
390442801212,0.06,0.88,0.76,74135.0,25.0,0.03,2016-2017,OH,45243,Regular School,High,No
390442901220,0.2,0.4,0.38,28074.0,19.0,0.73,2016-2017,OH,44906,Regular School,High,No
390443001233,0.1,0.54,0.35,44523.0,16.0,0.72,2016-2017,OH,44137,Regular School,High,No
390443101240,0.03,0.92,0.87,90362.0,26.0,0.06,2016-2017,OH,45227,Regular School,High,No
390443301259,0.1,0.43,0.44,30540.0,19.0,0.63,2016-2017,OH,43302,Regular School,High,No
390443401272,0.08,0.52,0.46,32932.0,19.0,0.82,2016-2017,OH,43935,Regular School,High,No
390443501286,0.18,0.49,0.73,31332.0,20.0,0.53,2016-2017,OH,44646,Regular School,High,No
390443601292,0.08,0.65,0.66,53922.0,23.0,0.27,2016-2017,OH,43537,Regular School,High,No
390443701297,0.09,0.71,0.61,47152.0,23.0,0.15,2016-2017,OH,44143,Regular School,High,No
390443801306,0.06,0.72,0.56,69024.0,23.0,0.12,2016-2017,OH,44256,Regular School,High,No
390443901313,0.04,0.64,0.63,50483.0,23.0,0.28,2016-2017,OH,45342,Regular School,High,No
390444001329,0.09,0.65,0.9,54980.0,19.0,0.78,2016-2017,OH,45042,Regular School,High,No
390444101346,0.06,0.61,0.5,35880.0,17.0,0.69,2016-2017,OH,45231,Regular School,High,No
390444301364,0.04,0.62,0.78,53299.0,22.0,0.26,2016-2017,OH,43545,Regular School,High,No
390444401368,0.2,0.51,0.68,35893.0,23.0,0.8,2016-2017,OH,45764,Regular School,High,No
390444501385,0.1,0.49,0.56,38274.0,21.0,0.46,2016-2017,OH,43055,Regular School,High,No
390444701396,0.11,0.44,0.57,36341.0,19.0,0.43,2016-2017,OH,43764,Regular School,High,No
390444801400,0.07,0.33,0.55,32872.0,23.0,0.24,2016-2017,OH,44663,Regular School,High,No
390444901412,0.1,0.49,0.55,41329.0,20.0,0.53,2016-2017,OH,44446,Regular School,High,No
390445001417,0.08,0.7,0.81,54427.0,24.0,0.11,2016-2017,OH,44720,Regular School,High,No
390445101425,0.1,0.57,0.38,37981.0,17.0,0.92,2016-2017,OH,45239,Regular School,High,No
390445201432,0.09,0.72,0.83,77944.0,22.0,0.27,2016-2017,OH,44070,Regular School,High,No
390445301439,0.07,0.64,0.74,68097.0,22.0,0.21,2016-2017,OH,44039,Regular School,High,No
390445401443,0.07,0.61,0.84,88664.0,23.0,0.11,2016-2017,OH,44133,Regular School,High,No
390445501448,0.1,0.45,0.64,42167.0,22.0,0.22,2016-2017,OH,44203,Regular School,High,No
390445601457,0.06,0.57,0.52,54737.0,21.0,0.33,2016-2017,OH,44857,Regular School,High,No
390445701461,0.08,0.55,0.38,33171.0,19.0,0.52,2016-2017,OH,45212,Regular School,High,No
390445801467,0.02,0.93,0.82,97018.0,27.0,0.0,2016-2017,OH,45419,Regular School,High,No
390445901471,0.07,0.67,0.68,61657.0,21.0,0.39,2016-2017,OH,44074,Regular School,High,No
390446001475,0.06,0.63,0.75,62554.0,22.0,0.37,2016-2017,OH,43616,Regular School,High,No
390446101485,0.18,0.41,0.76,31140.0,20.0,0.34,2016-2017,OH,44667,Regular School,High,No
390446301505,0.02,0.69,0.96,54388.0,22.0,0.23,2016-2017,OH,44134,Regular School,High,No
390446301506,0.1,0.68,0.59,51136.0,21.0,0.44,2016-2017,OH,44129,Regular School,High,No
390446301519,0.06,0.58,0.71,26331.0,21.0,0.39,2016-2017,OH,44130,Regular School,High,No
390446401526,0.06,0.45,0.71,41130.0,21.0,0.4,2016-2017,OH,45356,Regular School,High,No
390446501536,0.08,0.55,0.71,41615.0,23.0,0.39,2016-2017,OH,43452,Regular School,High,No
390446701554,0.04,0.83,0.77,96840.0,20.0,0.48,2016-2017,OH,45246,Regular School,High,No
390446801563,0.11,0.46,0.61,33784.0,21.0,0.45,2016-2017,OH,44266,Regular School,High,No
390446901571,0.11,0.5,0.66,44610.0,22.0,0.34,2016-2017,OH,45215,Regular School,High,No
390447001577,0.04,0.87,0.92,93567.0,24.0,0.12,2016-2017,OH,44116,Regular School,High,No
390447101581,0.09,0.55,0.52,43477.0,20.0,0.67,2016-2017,OH,45217,Regular School,High,No
390447201585,0.05,0.6,0.8,44554.0,22.0,0.0,2016-2017,OH,45885,Regular School,High,No
390447401605,0.16,0.52,0.23,33879.0,20.0,0.78,2016-2017,OH,44870,Regular School,High,No
390447501616,0.06,0.93,0.76,87368.0,24.0,0.37,2016-2017,OH,44120,Regular School,High,No
390447601619,0.05,0.62,0.77,66917.0,21.0,0.41,2016-2017,OH,44054,Regular School,High,No
390447901645,0.05,0.87,0.92,65927.0,20.0,0.32,2016-2017,OH,44124,Regular School,High,No
390448001660,0.23,0.29,0.42,24714.0,18.0,0.56,2016-2017,OH,43204,Regular School,High,No
390448001662,0.1,0.6,0.63,53214.0,22.0,0.19,2016-2017,OH,43123,Regular School,High,No
390448001679,0.09,0.49,0.54,44816.0,20.0,0.52,2016-2017,OH,43119,Regular School,High,No
390448004553,0.03,0.62,0.94,74805.0,21.0,0.37,2016-2017,OH,43123,Regular School,High,No
390448101701,0.06,0.8,0.73,50568.0,19.0,0.7,2016-2017,OH,45503,Regular School,High,No
390448201711,0.12,0.51,0.13,11645.0,20.0,0.77,2016-2017,OH,43952,Regular School,High,No
390448301717,0.09,0.74,0.94,85625.0,23.0,0.15,2016-2017,OH,44224,Regular School,High,No
390448401730,0.05,0.8,0.89,78636.0,24.0,0.12,2016-2017,OH,44149,Regular School,High,No
390448501736,0.13,0.52,0.39,41528.0,20.0,0.49,2016-2017,OH,44471,Regular School,High,No
390448601741,0.06,0.89,0.83,75864.0,25.0,0.13,2016-2017,OH,45242,Regular School,High,No
390448701751,0.04,0.79,0.8,95500.0,23.0,0.18,2016-2017,OH,43560,Regular School,High,No
390448701752,0.04,0.83,0.76,76215.0,23.0,0.2,2016-2017,OH,43560,Regular School,High,No
390448801758,0.02,0.7,0.83,52970.0,22.0,0.2593173069325898,2016-2017,OH,44278,Regular School,High,No
390448901762,0.1,0.48,0.6,40105.0,22.0,0.27,2016-2017,OH,44883,Regular School,High,No
390449001773,0.11,0.47,0.72,26423.0,19.0,0.51,2016-2017,OH,43614,Regular School,High,No
390449001829,0.11,0.67,0.68,40000.0,17.0,0.58,2016-2017,OH,43615,Regular School,High,No
390449001835,0.03,0.73,0.73,46350.0,20.0,0.5,2016-2017,OH,43613,Regular School,High,No
390449001838,0.28,0.31,0.36,19231.0,18.0,0.76,2016-2017,OH,43605,Regular School,High,No
390449001844,0.27,0.44,0.32,20724.0,15.0,0.88,2016-2017,OH,43608,Regular School,High,No
390449004560,0.17,0.52,0.56,35078.0,22.0,0.38,2016-2017,OH,43613,Regular School,High,No
390449005317,0.12,0.55,0.06,24571.0,22.0,0.46,2016-2017,OH,43607,Regular School,High,No
390449201856,0.08,0.55,0.43,37403.0,23.0,0.25,2016-2017,OH,45373,Regular School,High,No
390449301866,0.02,0.89,0.8,86346.0,25.0,0.0,2016-2017,OH,43221,Regular School,High,No
390449401874,0.04,0.52,0.62,49479.0,22.0,0.76,2016-2017,OH,43078,Regular School,High,No
390449501875,0.1,0.57,0.52,41567.0,23.0,0.18,2016-2017,OH,45377,Regular School,High,No
390449801904,0.05,0.61,0.79,49530.0,23.0,0.4,2016-2017,OH,45895,Regular School,High,No
390449901922,0.05,0.53,0.68,41250.0,18.0,1.0,2016-2017,OH,44483,Regular School,High,No
390450001930,0.1,0.59,0.52,41169.0,16.0,0.53,2016-2017,OH,44128,Regular School,High,No
390450201942,0.09,0.48,0.59,36941.0,19.0,0.64,2016-2017,OH,45692,Regular School,High,No
390450301947,0.18,0.39,0.5,29621.0,18.0,0.47,2016-2017,OH,43968,Regular School,High,No
390450401961,0.04,0.83,0.89,111617.0,23.0,0.22,2016-2017,OH,43081,Regular School,High,No
390450401962,0.03,0.75,0.78,74389.0,22.0,0.32,2016-2017,OH,43081,Regular School,High,No
390450404566,0.03,0.9,0.88,102426.0,23.0,0.22,2016-2017,OH,43082,Regular School,High,No
390450501969,0.1,0.61,0.74,41595.0,21.0,0.52,2016-2017,OH,45449,Regular School,High,No
390450601977,0.05,0.88,0.75,65091.0,24.0,0.14,2016-2017,OH,44145,Regular School,High,No
390450701983,0.2,0.35,0.58,29620.0,19.0,0.54,2016-2017,OH,43213,Regular School,High,No
390450801986,0.06,0.69,0.8,50417.0,21.0,0.25,2016-2017,OH,44092,Regular School,High,No
390450901994,0.06,0.44,0.62,42266.0,22.0,0.45,2016-2017,OH,44890,Regular School,High,No
390451002005,0.1,0.53,0.6,50773.0,21.0,0.28,2016-2017,OH,44095,Regular School,High,No
390451002009,0.04,0.72,0.66,42395.0,22.0,0.2,2016-2017,OH,44094,Regular School,High,No
390451102022,0.13,0.46,0.4,23238.0,21.0,0.44,2016-2017,OH,45177,Regular School,High,No
390451302039,0.01,0.95,0.89,126750.0,24.0,0.18,2016-2017,OH,43085,Regular School,High,No
390451304479,0.02,0.97,0.94,133810.0,25.0,0.16,2016-2017,OH,43235,Regular School,High,No
390451402047,0.02,0.84,0.59,88822.0,26.0,0.11,2016-2017,OH,45215,Regular School,High,No
390451502059,0.07,0.69,0.54,48039.0,21.0,0.37,2016-2017,OH,45385,Regular School,High,No
390451602082,0.3,0.3,0.2,17365.0,16.0,0.62,2016-2017,OH,44505,Regular School,High,No
390451604934,0.23,0.45,0.28,19891.0,18.0,0.99,2016-2017,OH,44555,Regular School,High,No
390451702111,0.13,0.65,0.37,24203.0,21.0,0.61,2016-2017,OH,43701,Regular School,High,No
390451802113,0.11,0.61,0.66,38315.0,20.0,0.56,2016-2017,OH,45810,Regular School,High,No
390451902116,0.08,0.63,0.6,52978.0,23.0,0.14,2016-2017,OH,44001,Regular School,High,No
390452002121,0.05,0.48,0.71,42845.0,20.0,0.21,2016-2017,OH,43713,Regular School,High,No
390452102125,0.05,0.79,0.69,61184.0,23.0,0.18,2016-2017,OH,45817,Regular School,High,No
390452302128,0.16,0.44,0.63,27969.0,18.0,0.86,2016-2017,OH,43912,Regular School,High,No
390452402133,0.06,0.55,0.59,39676.0,20.0,0.49,2016-2017,OH,43907,Regular School,High,No
390452502145,0.11,0.33,0.71,42874.0,20.0,0.26,2016-2017,OH,43724,Regular School,High,No
390452702154,0.01,0.47,0.74,41218.0,21.0,0.37,2016-2017,OH,44615,Regular School,High,No
390452802159,0.04,0.93,0.74,58860.0,25.0,0.04,2016-2017,OH,44022,Regular School,High,No
390452902163,0.15,0.38,0.11,15705.0,21.0,0.53,2016-2017,OH,45619,Regular School,High,No
390453102171,0.04,0.52,0.95,59024.0,23.0,0.36,2016-2017,OH,45828,Regular School,High,No
390453202175,0.07,0.57,0.72,45179.0,22.0,0.37565371697209293,2016-2017,OH,44408,Regular School,High,No
390453302179,0.12,0.4,0.61,39541.0,21.0,0.17,2016-2017,OH,45318,Regular School,High,No
390453502186,0.16,0.33,0.52,32426.0,21.0,0.58,2016-2017,OH,43731,Regular School,High,No
390453702192,0.18,0.33,0.55,38929.0,20.0,0.42,2016-2017,OH,45121,Regular School,High,No
390453802196,0.05,0.5,0.66,48325.0,21.0,0.39,2016-2017,OH,43431,Regular School,High,No
390453902198,0.03,0.84,0.86,99352.0,25.0,0.06,2016-2017,OH,43023,Regular School,High,No
390454002203,0.08,0.36,0.65,31611.0,21.0,0.0,2016-2017,OH,45123,Regular School,High,No
390454102207,0.09,0.38,0.47,39428.0,22.0,0.77,2016-2017,OH,43526,Regular School,High,No
390454202209,0.02,0.63,0.64,52098.0,20.0,0.36,2016-2017,OH,44425,Regular School,High,No
390454302213,0.06,0.95,0.85,174375.0,25.0,0.03,2016-2017,OH,45243,Regular School,High,No
390454602225,0.13,0.44,0.57,41524.0,21.0,0.48,2016-2017,OH,44842,Regular School,High,No
390454702230,0.04,0.51,0.59,60448.0,23.0,0.19,2016-2017,OH,43040,Regular School,High,No
390454802234,0.07,0.53,0.71,54155.0,21.0,0.62,2016-2017,OH,43044,Regular School,High,No
390454902244,0.04,0.66,0.85,72357.0,23.0,0.16,2016-2017,OH,44060,Regular School,High,No
390455002252,0.07,0.6,0.64,58000.0,23.0,0.18,2016-2017,OH,45150,Regular School,High,No
390455102259,0.05,0.67,0.59,43333.0,23.0,0.78,2016-2017,OH,45383,Regular School,High,No
390455202262,0.1,0.43,0.67,39298.0,20.0,0.0,2016-2017,OH,43543,Regular School,High,No
390455302266,0.13,0.42,0.63,47996.0,22.0,0.35,2016-2017,OH,43338,Regular School,High,No
390455402270,0.1,0.44,0.64,40521.0,22.0,0.38,2016-2017,OH,43832,Regular School,High,No
390455502276,0.07,0.38,0.58,44983.0,22.0,0.32,2016-2017,OH,45157,Regular School,High,No
390455602281,0.14,0.39,0.44,38237.0,21.0,0.61,2016-2017,OH,44444,Regular School,High,No
390455702284,0.06,0.47,0.73,39041.0,21.0,0.82,2016-2017,OH,45879,Regular School,High,No
390455802288,0.04,0.89,0.93,112813.0,24.0,0.08,2016-2017,OH,43551,Regular School,High,No
390456002299,0.03,0.8,0.66,56250.0,21.0,0.46,2016-2017,OH,43460,Regular School,High,No
390456102303,0.09,0.56,0.7,54623.0,24.0,0.13,2016-2017,OH,45371,Regular School,High,No
390456302316,0.06,0.5,0.84,49659.0,23.0,0.0,2016-2017,OH,45380,Regular School,High,No
390456402320,0.09,0.48,0.73,51327.0,22.0,0.27,2016-2017,OH,43567,Regular School,High,No
390456502322,0.06,0.53,0.77,54531.0,24.0,0.25,2016-2017,OH,44090,Regular School,High,No
390456602326,0.17,0.28,0.51,39208.0,21.0,0.86,2016-2017,OH,44288,Regular School,High,No
390456702330,0.1,0.86,0.67,61959.0,24.0,0.26,2016-2017,OH,45387,Regular School,High,No
390457502331,0.11,0.44,0.8,47557.0,20.0,0.75,2016-2017,OH,45850,Regular School,High,No
390457602335,0.08,0.56,0.64,47417.0,22.0,0.31,2016-2017,OH,45801,Regular School,High,No
390457702339,0.05,0.64,0.88,68061.0,22.0,0.3,2016-2017,OH,45807,Regular School,High,No
390457802342,0.14,0.52,0.48,39302.0,19.0,0.83,2016-2017,OH,45806,Regular School,High,No
390457902345,0.0,0.73,0.93,78750.0,24.0,0.18,2016-2017,OH,45806,Regular School,High,No
390458002349,0.1,0.52,0.72,50238.0,21.0,0.0,2016-2017,OH,45887,Regular School,High,No
390458202352,0.09,0.46,0.8,51806.0,22.0,0.19,2016-2017,OH,44840,Regular School,High,No
390458302354,0.12,0.4,0.79,54758.0,22.0,0.53,2016-2017,OH,44805,Regular School,High,No
390458502358,0.07,0.41,0.61,45938.0,21.0,0.4,2016-2017,OH,44004,Regular School,High,No
390458602367,0.07,0.35,0.75,40758.0,21.0,0.41,2016-2017,OH,44076,Regular School,High,No
390458702372,0.06,0.54,0.64,50689.0,21.0,0.31,2016-2017,OH,44047,Regular School,High,No
390458802374,0.1,0.34,0.59,33974.0,19.0,0.5,2016-2017,OH,44003,Regular School,High,No
390459102383,0.13,0.49,0.61,46230.0,22.0,0.83,2016-2017,OH,45778,Regular School,High,No
390459202384,0.08,0.47,0.68,34399.0,19.0,0.69,2016-2017,OH,45732,Regular School,High,No
390459402388,0.03,0.68,0.92,75256.0,24.0,0.08,2016-2017,OH,45865,Regular School,High,No
390459502390,0.05,0.63,0.94,59143.0,22.0,0.08,2016-2017,OH,45869,Regular School,High,No
390459602392,0.05,0.5,0.72,43897.0,24.0,0.25,2016-2017,OH,45871,Regular School,High,No
390459902398,0.02,0.75,0.88,49952.0,21.0,0.0,2016-2017,OH,43950,Regular School,High,No
390460002402,0.08,0.71,0.44,50109.0,22.0,0.0,2016-2017,OH,43947,Regular School,High,No
390460102408,0.12,0.51,0.58,37340.0,21.0,0.29,2016-2017,OH,43718,Regular School,High,No
390460302411,0.08,0.44,0.69,59871.0,22.0,0.39,2016-2017,OH,45697,Regular School,High,No
390460402415,0.11,0.41,0.83,50361.0,20.0,0.0,2016-2017,OH,45118,Regular School,High,No
390460602418,0.07,0.39,0.57,44655.0,20.0,0.48,2016-2017,OH,45154,Regular School,High,No
390460702421,0.16,0.45,0.77,39635.0,19.0,0.6,2016-2017,OH,45167,Regular School,High,No
390460902424,0.11,0.42,0.68,51889.0,20.0,0.34,2016-2017,OH,45067,Regular School,High,No
390461002429,0.13,0.53,0.46,46563.0,22.0,0.26,2016-2017,OH,45014,Regular School,High,No
390461100810,0.02,0.96,0.82,95893.0,24.0,0.15,2016-2017,OH,45044,Regular School,High,No
390461102438,0.07,0.89,0.91,125568.0,24.0,0.17,2016-2017,OH,45069,Regular School,High,No
390461202443,0.07,0.51,0.87,74146.0,22.0,0.44,2016-2017,OH,45042,Regular School,High,No
390461302447,0.09,0.25,0.43,36573.0,18.0,0.98,2016-2017,OH,45011,Regular School,High,No
390461402451,0.05,0.67,0.68,70819.0,23.0,0.16,2016-2017,OH,45013,Regular School,High,No
390461502460,0.06,0.82,0.73,54102.0,23.0,0.24,2016-2017,OH,45056,Regular School,High,No
390461702462,0.07,0.46,0.75,50787.0,20.0,0.81,2016-2017,OH,44644,Regular School,High,No
390461902463,0.13,0.53,0.7,56827.0,21.0,0.24,2016-2017,OH,43072,Regular School,High,No
390462002469,0.05,0.41,0.63,48194.0,22.0,0.27,2016-2017,OH,43060,Regular School,High,No
390462302475,0.05,0.6,0.73,62500.0,22.0,0.34,2016-2017,OH,45502,Regular School,High,No
390462402485,0.08,0.63,0.84,71014.0,22.0,0.47,2016-2017,OH,45344,Regular School,High,No
390462502488,0.04,0.6,0.71,47200.0,21.0,0.15,2016-2017,OH,45503,Regular School,High,No
390462502490,0.07,0.53,0.83,52983.0,20.0,0.22,2016-2017,OH,45502,Regular School,High,No
390462602495,0.1,0.56,0.62,52896.0,21.0,0.31,2016-2017,OH,45502,Regular School,High,No
390462702498,0.07,0.52,0.59,42421.0,21.0,0.42,2016-2017,OH,45368,Regular School,High,No
390462802502,0.18,0.34,0.56,28537.0,22.0,0.4,2016-2017,OH,45502,Regular School,High,No
390463002504,0.05,0.65,0.77,61172.0,21.0,0.38,2016-2017,OH,45103,Regular School,High,No
390463102505,0.14,0.32,0.58,42798.0,22.0,0.31,2016-2017,OH,45106,Regular School,High,No
390463202508,0.07,0.54,0.66,54436.0,21.0,0.32,2016-2017,OH,45103,Regular School,High,No
390463302514,0.12,0.35,0.85,45382.0,19.0,0.46,2016-2017,OH,45120,Regular School,High,No
390463402516,0.05,0.59,0.72,70167.0,21.0,0.45,2016-2017,OH,45122,Regular School,High,No
390463502521,0.07,0.63,0.87,60882.0,22.0,0.23,2016-2017,OH,45103,Regular School,High,No
390463502525,0.07,0.58,0.8,38866.0,22.0,0.23,2016-2017,OH,45245,Regular School,High,No
390463802535,0.06,0.37,0.6,44612.0,20.0,0.34,2016-2017,OH,45107,Regular School,High,No
390463902540,0.07,0.62,0.78,75000.0,21.0,0.24,2016-2017,OH,45113,Regular School,High,No
390464002543,0.11,0.41,0.51,40913.0,21.0,0.42,2016-2017,OH,45169,Regular School,High,No
390464202547,0.06,0.61,0.71,59105.0,22.0,0.37,2016-2017,OH,43920,Regular School,High,No
390464302552,0.07,0.57,0.72,45179.0,22.0,0.27,2016-2017,OH,44408,Regular School,High,No
390464402559,0.15,0.35,0.83,51152.0,19.0,0.85,2016-2017,OH,43945,Regular School,High,No
390464502562,0.07,0.45,0.64,53047.0,21.0,0.74,2016-2017,OH,44423,Regular School,High,No
390464702565,0.1,0.45,0.66,50444.0,21.0,0.41,2016-2017,OH,43845,Regular School,High,No
390464802570,0.09,0.32,0.8,45576.0,21.0,0.39,2016-2017,OH,43844,Regular School,High,No
390465002574,0.06,0.44,0.59,44817.0,22.0,0.0,2016-2017,OH,44854,Regular School,High,No
390465102577,0.05,0.44,0.75,56814.0,22.0,0.19,2016-2017,OH,44827,Regular School,High,No
390465202586,0.05,0.5,0.99,57348.0,22.0,0.56,2016-2017,OH,44820,Regular School,High,No
390465502588,0.21,0.45,0.36,37902.0,23.0,0.27,2016-2017,OH,44125,Regular School,High,No
390465602589,0.07,0.69,0.97,81184.0,23.0,0.07,2016-2017,OH,44131,Regular School,High,No
390465702595,0.05,0.76,0.92,79570.0,23.0,0.15,2016-2017,OH,44138,Regular School,High,No
390465902603,0.06,0.8,0.82,56118.0,18.0,0.69,2016-2017,OH,44143,Regular School,High,No
390466002609,0.09,0.79,0.66,53427.0,25.0,0.12,2016-2017,OH,44139,Regular School,High,No
390466202611,0.09,0.36,0.86,43209.0,20.0,0.0,2016-2017,OH,45303,Regular School,High,No
390466302614,0.11,0.45,0.74,49196.0,23.0,0.75,2016-2017,OH,45304,Regular School,High,No
390466402617,0.08,0.48,0.84,48235.0,23.0,0.38,2016-2017,OH,45304,Regular School,High,No
390466702619,0.15,0.31,0.66,40039.0,20.0,0.0,2016-2017,OH,45390,Regular School,High,No
390467002626,0.09,0.46,0.73,53918.0,22.0,0.42,2016-2017,OH,43512,Regular School,High,No
390467102628,0.04,0.45,0.68,57299.0,22.0,0.47,2016-2017,OH,43556,Regular School,High,No
390467202636,0.11,0.58,0.79,64208.0,22.0,0.27,2016-2017,OH,43512,Regular School,High,No
390467402638,0.04,0.73,0.93,84836.0,23.0,0.13,2016-2017,OH,43074,Regular School,High,No
390467502645,0.02,0.67,0.75,51926.0,22.0,0.16,2016-2017,OH,43015,Regular School,High,No
390467602648,0.05,0.78,0.8,101728.0,25.0,0.06,2016-2017,OH,43035,Regular School,High,No
390467604599,0.03,0.9,0.83,109107.0,25.0,0.03,2016-2017,OH,43065,Regular School,High,No
390467605390,0.04,0.92,0.94,123188.0,24.0,0.08,2016-2017,OH,43035,Regular School,High,No
390467802653,0.06,0.45,0.7,47857.0,23.0,0.26,2016-2017,OH,44846,Regular School,High,No
390468102663,0.06,0.56,0.57,53618.0,22.0,0.2,2016-2017,OH,44870,Regular School,High,No
390468202669,0.07,0.48,0.72,51934.0,23.0,0.34,2016-2017,OH,44089,Regular School,High,No
390468402672,0.04,0.45,0.73,52345.0,21.0,0.77,2016-2017,OH,43102,Regular School,High,No
390468502675,0.1,0.44,0.64,53406.0,23.0,0.85,2016-2017,OH,43155,Regular School,High,No
390468602678,0.07,0.6,0.79,72629.0,22.0,0.12,2016-2017,OH,43112,Regular School,High,No
390468702682,0.07,0.57,0.75,57169.0,22.0,0.32,2016-2017,OH,43130,Regular School,High,No
390468802687,0.11,0.54,0.58,45144.0,22.0,0.22,2016-2017,OH,43105,Regular School,High,No
390468902690,0.04,0.76,0.78,97386.0,22.0,0.21,2016-2017,OH,43147,Regular School,High,No
390468904605,0.03,0.86,0.91,110021.0,23.0,0.14,2016-2017,OH,43147,Regular School,High,No
390469002695,0.09,0.52,0.64,49699.0,23.0,0.38,2016-2017,OH,43046,Regular School,High,No
390469402709,0.05,0.71,0.91,70024.0,21.0,0.28,2016-2017,OH,43110,Regular School,High,No
390469502710,0.15,0.39,0.74,45386.0,20.0,0.45,2016-2017,OH,43207,Regular School,High,No
390469602720,0.06,0.72,0.47,52529.0,22.0,0.2,2016-2017,OH,43230,Regular School,High,No
390469702728,0.08,0.46,0.66,60000.0,19.0,0.61,2016-2017,OH,43125,Regular School,High,No
390469902734,0.03,0.79,0.97,66711.0,24.0,0.13,2016-2017,OH,43054,Regular School,High,No
390470100663,0.08,0.72,0.8,84834.0,24.0,0.19,2016-2017,OH,43026,Regular School,High,No
390470102748,0.04,0.79,0.84,84545.0,24.0,0.17,2016-2017,OH,43026,Regular School,High,No
390470105403,0.06,0.73,0.94,97281.0,23.0,0.18,2016-2017,OH,43026,Regular School,High,No
390470200666,0.05,0.71,0.71,64031.0,24.0,0.23,2016-2017,OH,43016,Regular School,High,No
390470202752,0.05,0.92,0.87,98871.0,25.0,0.09,2016-2017,OH,43017,Regular School,High,No
390470204614,0.01,0.98,0.91,132198.0,26.0,0.02,2016-2017,OH,43016,Regular School,High,No
390470402757,0.09,0.61,0.57,48313.0,22.0,0.2,2016-2017,OH,43502,Regular School,High,No
390470502760,0.07,0.6,0.84,62335.0,21.0,0.22,2016-2017,OH,43540,Regular School,High,No
390470702769,0.09,0.61,0.57,48313.0,24.0,0.4,2016-2017,OH,43553,Regular School,High,No
390470802773,0.08,0.56,0.6,44364.0,21.0,0.29,2016-2017,OH,43515,Regular School,High,No
390470902778,0.11,0.58,0.77,53611.0,21.0,0.43,2016-2017,OH,43558,Regular School,High,No
390471602780,0.02,0.49,0.89,53292.0,22.0,0.2,2016-2017,OH,44021,Regular School,High,No
390471702786,0.05,0.43,0.79,42905.0,22.0,0.25,2016-2017,OH,44062,Regular School,High,No
390471802789,0.03,0.74,0.53,54766.0,24.0,0.14,2016-2017,OH,44024,Regular School,High,No
390471902796,0.06,0.79,0.83,101118.0,24.0,0.09,2016-2017,OH,44023,Regular School,High,No
390472202808,0.03,0.87,0.87,81224.0,23.0,0.11,2016-2017,OH,44026,Regular School,High,No
390472402811,0.04,0.83,0.81,72554.0,24.0,0.09,2016-2017,OH,45434,Regular School,High,No
390472602822,0.11,0.52,0.76,50258.0,21.0,0.32,2016-2017,OH,45335,Regular School,High,No
390472702827,0.02,0.87,0.93,120000.0,24.0,0.1,2016-2017,OH,45305,Regular School,High,No
390473002835,0.23,0.33,0.53,32588.0,19.0,0.41,2016-2017,OH,43723,Regular School,High,No
390473302840,0.11,0.76,0.55,53897.0,21.0,0.41,2016-2017,OH,45231,Regular School,High,No
390473402843,0.07,0.82,0.73,62833.0,24.0,0.11,2016-2017,OH,45255,Regular School,High,No
390473402850,0.07,0.74,0.64,53693.0,25.0,0.06,2016-2017,OH,45244,Regular School,High,No
390473602855,0.06,0.56,0.8,59914.0,20.0,0.41,2016-2017,OH,45251,Regular School,High,No
390473602859,0.1,0.53,0.53,61352.0,20.0,0.5,2016-2017,OH,45231,Regular School,High,No
390473702873,0.04,0.59,0.71,62716.0,22.0,0.0,2016-2017,OH,45248,Regular School,High,No
390473802881,0.07,0.69,0.86,86389.0,22.0,0.36,2016-2017,OH,45030,Regular School,High,No
390473902884,0.14,0.18,0.55,27021.0,22.0,0.38,2016-2017,OH,45002,Regular School,High,No
390474202890,0.07,0.52,0.63,60068.0,24.0,0.3,2016-2017,OH,45814,Regular School,High,No
390474302891,0.08,0.49,0.81,59488.0,23.0,0.58,2016-2017,OH,45881,Regular School,High,No
390474402895,0.14,0.52,0.45,29226.0,23.0,0.09,2016-2017,OH,45840,Regular School,High,No
390474502898,0.04,0.5,0.73,59868.0,22.0,0.0,2016-2017,OH,45858,Regular School,High,No
390475002906,0.06,0.45,0.89,58500.0,21.0,0.24,2016-2017,OH,43340,Regular School,High,No
390475102909,0.07,0.52,0.63,60068.0,21.0,0.78,2016-2017,OH,45867,Regular School,High,No
390475202913,0.08,0.36,0.65,39639.0,20.0,0.0,2016-2017,OH,45859,Regular School,High,No
390475802921,0.07,0.56,0.7,57772.0,22.0,0.8,2016-2017,OH,43532,Regular School,High,No
390475902925,0.11,0.48,0.64,48150.0,23.0,0.72,2016-2017,OH,43524,Regular School,High,No
390476102928,0.17,0.4,0.67,43516.0,19.0,0.74,2016-2017,OH,45155,Regular School,High,No
390476202929,0.15,0.43,0.62,46983.0,20.0,0.0,2016-2017,OH,45135,Regular School,High,No
390476302933,0.1,0.47,0.68,49045.0,22.0,0.31,2016-2017,OH,45142,Regular School,High,No
390476802938,0.02,0.17,0.99,43053.0,23.0,0.12,2016-2017,OH,44310,Regular School,High,No
390476902949,0.09,0.34,0.57,36237.0,22.0,0.29,2016-2017,OH,44654,Regular School,High,No
390477102952,0.04,0.47,0.85,56331.0,20.0,0.42,2016-2017,OH,44847,Regular School,High,No
390477202955,0.1,0.41,0.72,47723.0,21.0,0.0,2016-2017,OH,44851,Regular School,High,No
390477302956,0.08,0.34,0.83,48443.0,20.0,0.32,2016-2017,OH,44837,Regular School,High,No
390477402961,0.05,0.42,0.62,56939.0,21.0,0.5,2016-2017,OH,44826,Regular School,High,No
390477804400,0.12,0.42,0.53,43438.0,20.0,0.53,2016-2017,OH,43943,Regular School,High,No
390477902988,0.06,0.54,0.74,44821.0,21.0,0.6,2016-2017,OH,43944,Regular School,High,No
390478003004,0.11,0.66,0.67,36695.0,21.0,0.36,2016-2017,OH,43953,Regular School,High,No
390478203006,0.05,0.57,0.78,62409.0,22.0,0.44,2016-2017,OH,43011,Regular School,High,No
390478303008,0.08,0.33,0.75,41196.0,20.0,0.0,2016-2017,OH,43014,Regular School,High,No
390478503013,0.07,0.45,0.83,57835.0,22.0,0.0,2016-2017,OH,43019,Regular School,High,No
390478703017,0.06,0.83,0.83,95298.0,24.0,0.1,2016-2017,OH,44094,Regular School,High,No
390478803020,0.14,0.59,0.75,47083.0,21.0,0.29,2016-2017,OH,44057,Regular School,High,No
390479003037,0.07,0.65,0.83,69375.0,22.0,0.18,2016-2017,OH,44081,Regular School,High,No
390479203040,0.14,0.43,0.45,38333.0,19.0,0.87,2016-2017,OH,45638,Regular School,High,No
390479303044,0.07,0.55,0.46,56265.0,22.0,0.56,2016-2017,OH,45669,Regular School,High,No
390479404631,0.12,0.3,0.7,38588.0,20.0,0.47,2016-2017,OH,45638,Regular School,High,No
390479503055,0.07,0.58,0.44,47018.0,22.0,0.43,2016-2017,OH,45680,Regular School,High,No
390479603059,0.1,0.41,0.74,53096.0,21.0,0.4,2016-2017,OH,45696,Regular School,High,No
390479803063,0.07,0.52,0.83,64098.0,22.0,0.21,2016-2017,OH,43031,Regular School,High,No
390479903070,0.1,0.58,0.82,44804.0,21.0,0.38,2016-2017,OH,43025,Regular School,High,No
390480003074,0.04,0.61,0.77,73851.0,20.0,0.35,2016-2017,OH,43062,Regular School,High,No
390480103078,0.09,0.5,0.78,51607.0,22.0,0.23,2016-2017,OH,43055,Regular School,High,No
390480203087,0.06,0.41,0.68,49550.0,22.0,0.0,2016-2017,OH,43080,Regular School,High,No
390480303093,0.03,0.6,0.97,80088.0,22.0,0.16,2016-2017,OH,43031,Regular School,High,No
390480403097,0.07,0.63,0.69,72364.0,21.0,0.25,2016-2017,OH,43062,Regular School,High,No
390480703102,0.09,0.41,0.74,57661.0,23.0,0.15,2016-2017,OH,43311,Regular School,High,No
390480803105,0.11,0.33,0.52,36555.0,22.0,0.33,2016-2017,OH,43333,Regular School,High,No
390480903109,0.11,0.36,0.73,42398.0,21.0,0.76,2016-2017,OH,43318,Regular School,High,No
390481103110,0.06,0.8,0.72,73217.0,24.0,0.1,2016-2017,OH,44011,Regular School,High,No
390481203113,0.01,0.75,0.73,78354.0,24.0,0.09,2016-2017,OH,44012,Regular School,High,No
390481303120,0.23,0.51,0.5,37781.0,20.0,0.6,2016-2017,OH,44052,Regular School,High,No
390481403123,0.09,0.51,0.78,59435.0,23.0,0.25,2016-2017,OH,44028,Regular School,High,No
390481503129,0.08,0.6,0.77,65403.0,22.0,0.21,2016-2017,OH,44074,Regular School,High,No
390481603132,0.05,0.55,0.78,67225.0,21.0,0.18,2016-2017,OH,44050,Regular School,High,No
390481703140,0.07,0.59,0.62,59238.0,22.0,0.23,2016-2017,OH,44044,Regular School,High,No
390482003144,0.06,0.77,0.83,75539.0,23.0,0.09,2016-2017,OH,43571,Regular School,High,No
390482103150,0.03,0.93,0.96,111813.0,26.0,0.0,2016-2017,OH,43606,Regular School,High,No
390482203154,0.09,0.72,0.74,55465.0,21.0,0.42,2016-2017,OH,43528,Regular School,High,No
390482303171,0.16,0.4,0.4,29010.0,20.0,0.43,2016-2017,OH,43613,Regular School,High,No
390482503176,0.1,0.46,0.76,52585.0,20.0,0.59,2016-2017,OH,43162,Regular School,High,No
390482603178,0.03,0.66,0.79,59931.0,23.0,0.17,2016-2017,OH,43064,Regular School,High,No
390482703183,0.06,0.43,0.76,59000.0,20.0,0.47,2016-2017,OH,43140,Regular School,High,No
390482903189,0.13,0.58,0.47,26220.0,21.0,0.45,2016-2017,OH,44515,Regular School,High,No
390483003195,0.05,0.69,0.67,50149.0,22.0,0.27,2016-2017,OH,44512,Regular School,High,No
390483103203,0.06,0.71,0.78,60526.0,23.0,0.1,2016-2017,OH,44406,Regular School,High,No
390483203208,0.14,0.41,0.55,50893.0,20.0,0.58,2016-2017,OH,44451,Regular School,High,No
390483303211,0.12,0.58,0.58,37833.0,21.0,0.64,2016-2017,OH,44436,Regular School,High,No
390483403218,0.06,0.77,0.92,82383.0,22.0,0.12,2016-2017,OH,44514,Regular School,High,No
390483503222,0.11,0.37,0.47,33160.0,20.0,0.47,2016-2017,OH,44672,Regular School,High,No
390483603223,0.06,0.76,0.88,69900.0,23.0,0.16,2016-2017,OH,44406,Regular School,High,No
390483703229,0.08,0.48,0.64,48633.0,21.0,0.64,2016-2017,OH,44442,Regular School,High,No
390483803236,0.11,0.37,0.47,33160.0,22.0,0.26,2016-2017,OH,44609,Regular School,High,No
390483903239,0.11,0.5,0.74,53818.0,22.0,0.74,2016-2017,OH,44401,Regular School,High,No
390484103240,0.09,0.39,0.64,42572.0,20.0,0.31,2016-2017,OH,43302,Regular School,High,No
390484203246,0.09,0.61,0.82,49417.0,22.0,0.15,2016-2017,OH,43302,Regular School,High,No
390484403255,0.07,0.58,0.76,62308.0,22.0,0.2,2016-2017,OH,43314,Regular School,High,No
390484603258,0.06,0.44,0.93,58047.0,22.0,0.28,2016-2017,OH,44880,Regular School,High,No
390484703262,0.04,0.62,0.89,78424.0,23.0,0.33,2016-2017,OH,44256,Regular School,High,No
390484803268,0.04,0.56,0.87,73542.0,22.0,0.35,2016-2017,OH,44254,Regular School,High,No
390484903274,0.03,0.76,0.89,93125.0,24.0,0.07,2016-2017,OH,44256,Regular School,High,No
390485103279,0.11,0.41,0.63,39485.0,20.0,0.29,2016-2017,OH,45772,Regular School,High,No
390485203284,0.14,0.42,0.64,33339.0,21.0,0.67,2016-2017,OH,45769,Regular School,High,No
390485303295,0.14,0.48,0.62,36818.0,19.0,0.43,2016-2017,OH,45771,Regular School,High,No
390485703303,0.05,0.48,0.78,47546.0,22.0,0.72,2016-2017,OH,45882,Regular School,High,No
390485803305,0.04,0.52,0.95,59024.0,24.0,0.11,2016-2017,OH,45883,Regular School,High,No
390485903309,0.03,0.42,0.91,65000.0,23.0,0.07,2016-2017,OH,45846,Regular School,High,No
390486103314,0.09,0.64,0.86,68542.0,23.0,0.17,2016-2017,OH,45371,Regular School,High,No
390486203320,0.07,0.47,0.86,54825.0,23.0,0.1,2016-2017,OH,45312,Regular School,High,No
390486303323,0.07,0.44,0.81,56290.0,22.0,0.38,2016-2017,OH,45359,Regular School,High,No
390486503335,0.07,0.53,0.48,38059.0,21.0,0.76,2016-2017,OH,43931,Regular School,High,No
390486503340,0.09,0.52,0.6,34916.0,22.0,0.46,2016-2017,OH,43793,Regular School,High,No
390486703341,0.07,0.65,0.75,41131.0,22.0,0.54,2016-2017,OH,45309,Regular School,High,No
390486803345,0.17,0.62,0.65,53155.0,17.0,0.65,2016-2017,OH,45417,Regular School,High,No
390486903353,0.08,0.61,0.48,44671.0,17.0,0.81,2016-2017,OH,45426,Regular School,High,No
390487003364,0.13,0.53,0.52,40276.0,20.0,0.48,2016-2017,OH,45424,Regular School,High,No
390487103365,0.07,0.42,0.61,52669.0,22.0,0.44,2016-2017,OH,45345,Regular School,High,No
390487203372,0.1,0.68,0.83,72711.0,22.0,0.21,2016-2017,OH,45315,Regular School,High,No
390487303380,0.18,0.58,0.53,29973.0,17.0,0.71,2016-2017,OH,45414,Regular School,High,No
390487403386,0.07,0.65,0.73,62949.0,22.0,0.17,2016-2017,OH,45327,Regular School,High,No
390487503395,0.09,0.61,0.6,50000.0,21.0,0.34,2016-2017,OH,45424,Regular School,High,No
390487703401,0.1,0.45,0.51,35417.0,21.0,0.42,2016-2017,OH,43756,Regular School,High,No
390487903405,0.05,0.4,0.59,50746.0,20.0,0.78,2016-2017,OH,43315,Regular School,High,No
390488003408,0.11,0.46,0.74,56806.0,21.0,0.28,2016-2017,OH,43334,Regular School,High,No
390488103414,0.08,0.49,0.68,46675.0,22.0,0.34,2016-2017,OH,44833,Regular School,High,No
390488303416,0.11,0.61,0.67,45957.0,21.0,0.27,2016-2017,OH,43762,Regular School,High,No
390488403425,0.07,0.49,0.65,54513.0,20.0,0.35,2016-2017,OH,43734,Regular School,High,No
390488503429,0.14,0.4,0.65,46214.0,21.0,0.44,2016-2017,OH,43701,Regular School,High,No
390488703438,0.04,0.51,0.43,41029.0,22.0,0.38,2016-2017,OH,43821,Regular School,High,No
390488803443,0.13,0.29,0.36,25011.0,22.0,0.55,2016-2017,OH,43701,Regular School,High,No
390489003448,0.13,0.35,0.87,40469.0,21.0,0.38,2016-2017,OH,43779,Regular School,High,No
390489203452,0.05,0.64,0.65,43995.0,23.0,0.23,2016-2017,OH,43449,Regular School,High,No
390489303457,0.1,0.64,0.71,45833.0,20.0,0.76,2016-2017,OH,43440,Regular School,High,No
390489403461,0.03,0.52,0.68,68059.0,21.0,0.5,2016-2017,OH,43430,Regular School,High,No
390489903468,0.04,0.5,0.76,49149.0,22.0,0.69,2016-2017,OH,45813,Regular School,High,No
390490003555,0.05,0.48,0.72,53587.0,22.0,0.81,2016-2017,OH,45381,Regular School,High,No
390490303471,0.06,0.47,0.73,39041.0,21.0,0.3,2016-2017,OH,45851,Regular School,High,No
390490503473,0.08,0.56,0.82,52070.0,22.0,0.3,2016-2017,OH,43076,Regular School,High,No
390490603478,0.13,0.37,0.66,40433.0,18.0,0.85,2016-2017,OH,43730,Regular School,High,No
390490803484,0.1,0.45,0.85,57244.0,20.0,0.29,2016-2017,OH,43113,Regular School,High,No
390490903490,0.06,0.47,0.61,55952.0,21.0,0.23,2016-2017,OH,43103,Regular School,High,No
390491003496,0.03,0.57,0.77,72188.0,20.0,0.35,2016-2017,OH,43164,Regular School,High,No
390491203499,0.18,0.29,0.41,44917.0,18.0,0.98,2016-2017,OH,45613,Regular School,High,No
390491303503,0.16,0.37,0.56,33952.0,21.0,0.52,2016-2017,OH,45661,Regular School,High,No
390491403506,0.18,0.45,0.61,42258.0,21.0,0.34,2016-2017,OH,45690,Regular School,High,No
390491703512,0.07,0.74,0.77,73899.0,24.0,0.07,2016-2017,OH,44202,Regular School,High,No
390491803517,0.05,0.46,0.84,58958.0,22.0,0.17,2016-2017,OH,44255,Regular School,High,No
390491903525,0.05,0.5,0.68,60181.0,22.0,0.18,2016-2017,OH,44260,Regular School,High,No
390492003529,0.06,0.39,0.8,50547.0,22.0,0.49,2016-2017,OH,44231,Regular School,High,No
390492103532,0.03,0.63,0.79,60776.0,22.0,0.17,2016-2017,OH,44272,Regular School,High,No
390492203534,0.16,0.45,0.81,61603.0,21.0,0.32,2016-2017,OH,44266,Regular School,High,No
390492303538,0.1,0.44,0.68,53464.0,20.0,0.22,2016-2017,OH,44241,Regular School,High,No
390492403542,0.09,0.47,0.89,62914.0,22.0,0.3435962701152606,2016-2017,OH,44201,Regular School,High,No
390492604250,0.03,0.42,0.69,53407.0,22.0,0.0,2016-2017,OH,45338,Regular School,High,No
390492703547,0.08,0.42,0.56,40282.0,20.0,0.61,2016-2017,OH,45347,Regular School,High,No
390492803550,0.07,0.45,0.69,56604.0,20.0,0.4,2016-2017,OH,45311,Regular School,High,No
390493103559,0.03,0.54,0.75,59844.0,22.0,0.8,2016-2017,OH,45830,Regular School,High,No
390493203562,0.06,0.48,0.93,58818.0,22.0,0.32,2016-2017,OH,45831,Regular School,High,No
390493603570,0.06,0.48,0.93,58818.0,23.0,0.27,2016-2017,OH,45864,Regular School,High,No
390493703574,0.04,0.63,0.82,60306.0,23.0,0.18,2016-2017,OH,45875,Regular School,High,No
390493903579,0.02,0.57,0.76,64469.0,22.0,0.44,2016-2017,OH,45877,Regular School,High,No
390494103582,0.1,0.52,0.59,51875.0,22.0,0.54,2016-2017,OH,44813,Regular School,High,No
390494203583,0.09,0.34,0.77,43668.0,22.0,0.25,2016-2017,OH,44805,Regular School,High,No
390494303589,0.04,0.69,0.59,54076.0,24.0,0.15,2016-2017,OH,44904,Regular School,High,No
390494503598,0.08,0.42,0.46,40913.0,20.0,0.44,2016-2017,OH,44905,Regular School,High,No
390494603605,0.1,0.36,0.81,50714.0,20.0,0.77,2016-2017,OH,44865,Regular School,High,No
390494703608,0.09,0.56,0.74,50776.0,22.0,0.21,2016-2017,OH,44906,Regular School,High,No
390494903611,0.09,0.57,0.65,45700.0,21.0,0.0,2016-2017,OH,45628,Regular School,High,No
390495003615,0.24,0.33,0.61,45875.0,20.0,0.99,2016-2017,OH,45601,Regular School,High,No
390495103617,0.21,0.36,0.6,36468.0,21.0,0.0,2016-2017,OH,45612,Regular School,High,No
390495203623,0.08,0.32,0.72,49924.0,19.0,0.0,2016-2017,OH,45601,Regular School,High,No
390495303624,0.05,0.36,0.26,45250.0,22.0,0.8,2016-2017,OH,45601,Regular School,High,No
390495403628,0.14,0.38,0.5,31188.0,21.0,0.88,2016-2017,OH,45601,Regular School,High,No
390495603634,0.03,0.57,0.81,60795.0,20.0,0.34,2016-2017,OH,44841,Regular School,High,No
390495703637,0.09,0.57,0.75,52369.0,22.0,0.14,2016-2017,OH,43416,Regular School,High,No
390495903640,0.07,0.38,0.72,34572.0,21.0,0.54,2016-2017,OH,45682,Regular School,High,No
390496103648,0.13,0.42,0.66,42367.0,21.0,0.89,2016-2017,OH,45629,Regular School,High,No
390496203649,0.05,0.54,0.71,38958.0,22.0,0.4,2016-2017,OH,45653,Regular School,High,No
390496303654,0.1,0.44,0.65,41021.0,20.0,0.7,2016-2017,OH,45652,Regular School,High,No
390496403659,0.09,0.33,0.74,41406.0,22.0,0.41,2016-2017,OH,45648,Regular School,High,No
390496503665,0.23,0.36,0.69,35779.0,21.0,0.67,2016-2017,OH,45663,Regular School,High,No
390496603667,0.11,0.54,0.76,42209.0,21.0,0.31,2016-2017,OH,45694,Regular School,High,No
390496803670,0.06,0.44,0.59,44817.0,20.0,0.72,2016-2017,OH,44807,Regular School,High,No
390497003676,0.2,0.51,0.82,41642.0,22.0,0.5,2016-2017,OH,44809,Regular School,High,No
390497103679,0.04,0.51,0.79,54464.0,22.0,0.41,2016-2017,OH,44853,Regular School,High,No
390497603687,0.06,0.5,0.94,62201.0,22.0,0.38,2016-2017,OH,45306,Regular School,High,No
390497803693,0.04,0.5,0.92,62396.0,23.0,0.07,2016-2017,OH,45845,Regular School,High,No
390497903695,0.1,0.48,0.81,59303.0,22.0,0.72,2016-2017,OH,45333,Regular School,High,No
390498103699,0.06,0.5,0.84,49659.0,24.0,0.08,2016-2017,OH,45363,Regular School,High,No
390498303700,0.13,0.54,0.69,52123.0,20.0,0.38,2016-2017,OH,44707,Regular School,High,No
390498403709,0.06,0.38,0.7,46671.0,22.0,0.36,2016-2017,OH,44662,Regular School,High,No
390498503715,0.03,0.82,0.81,95625.0,24.0,0.09,2016-2017,OH,44646,Regular School,High,No
390498603720,0.06,0.77,0.9,81154.0,23.0,0.22,2016-2017,OH,44685,Regular School,High,No
390498703726,0.04,0.57,0.87,51038.0,22.0,0.27,2016-2017,OH,44641,Regular School,High,No
390498803732,0.13,0.5,0.67,44969.0,22.0,0.3,2016-2017,OH,44601,Regular School,High,No
390498903737,0.11,0.46,0.62,45089.0,21.0,0.45,2016-2017,OH,44657,Regular School,High,No
390499003742,0.06,0.58,0.71,51417.0,22.0,0.19,2016-2017,OH,44614,Regular School,High,No
390499103746,0.09,0.39,0.76,47552.0,20.0,0.75,2016-2017,OH,44730,Regular School,High,No
390499203750,0.13,0.51,0.54,41947.0,21.0,0.27,2016-2017,OH,44646,Regular School,High,No
390499303761,0.05,0.74,0.76,70560.0,22.0,0.3,2016-2017,OH,44721,Regular School,High,No
390499403770,0.1,0.51,0.66,53800.0,21.0,0.67,2016-2017,OH,44643,Regular School,High,No
390499503776,0.04,0.53,0.86,56084.0,22.0,0.15,2016-2017,OH,44647,Regular School,High,No
390499703780,0.04,0.75,0.82,58446.0,22.0,0.29,2016-2017,OH,44264,Regular School,High,No
390499803782,0.01,0.94,0.93,100865.0,23.0,0.14,2016-2017,OH,44321,Regular School,High,No
390499903788,0.05,0.48,0.69,50054.0,20.0,0.37,2016-2017,OH,44319,Regular School,High,No
390500003793,0.04,0.58,0.81,65164.0,22.0,0.14,2016-2017,OH,44319,Regular School,High,No
390500103797,0.05,0.7,0.94,62010.0,23.0,0.16,2016-2017,OH,44685,Regular School,High,No
390500203804,0.04,0.92,0.86,128158.0,26.0,0.04,2016-2017,OH,44236,Regular School,High,No
390500303806,0.08,0.55,0.67,51985.0,21.0,0.4,2016-2017,OH,44260,Regular School,High,No
390500403812,0.06,0.75,0.8,87992.0,22.0,0.13,2016-2017,OH,44056,Regular School,High,No
390500503818,0.06,0.76,0.8,80135.0,25.0,0.04,2016-2017,OH,44286,Regular School,High,No
390500603827,0.13,0.52,0.74,58648.0,20.0,0.32,2016-2017,OH,44312,Regular School,High,No
390500702802,0.02,0.69,0.79,63750.0,23.0,0.13,2016-2017,OH,44087,Regular School,High,No
390501103838,0.06,0.38,0.89,55786.0,22.0,0.0,2016-2017,OH,44402,Regular School,High,No
390501203840,0.06,0.42,0.63,29571.0,21.0,0.43,2016-2017,OH,44403,Regular School,High,No
390501303844,0.04,0.5,0.74,50278.0,22.0,0.26,2016-2017,OH,44483,Regular School,High,No
390501503852,0.11,0.56,0.64,44034.0,21.0,0.33,2016-2017,OH,44473,Regular School,High,No
390501603855,0.03,0.56,0.64,55382.0,22.0,0.23,2016-2017,OH,44484,Regular School,High,No
390501703862,0.1,0.31,0.65,40208.0,22.0,0.25,2016-2017,OH,44428,Regular School,High,No
390501803868,0.06,0.64,0.8,61512.0,23.0,0.17,2016-2017,OH,44410,Regular School,High,No
390501903871,0.07,0.56,0.63,51742.0,19.0,0.47,2016-2017,OH,44505,Regular School,High,No
390502003875,0.08,0.44,0.77,50121.0,23.0,0.25,2016-2017,OH,44481,Regular School,High,No
390502103877,0.09,0.49,0.65,48000.0,21.0,0.24,2016-2017,OH,44410,Regular School,High,No
390502203880,0.1,0.55,0.58,47942.0,21.0,0.0,2016-2017,OH,44437,Regular School,High,No
390502303882,0.08,0.45,0.85,52215.0,20.0,0.76,2016-2017,OH,44470,Regular School,High,No
390502403885,0.1,0.33,0.8,38750.0,20.0,0.44,2016-2017,OH,44430,Regular School,High,No
390502503889,0.06,0.61,0.75,53043.0,21.0,0.34,2016-2017,OH,44440,Regular School,High,No
390502703893,0.03,0.33,0.94,46641.0,22.0,0.19,2016-2017,OH,44681,Regular School,High,No
390502803899,0.08,0.52,0.83,55502.0,21.0,0.31,2016-2017,OH,44629,Regular School,High,No
390503003908,0.09,0.63,0.88,56899.0,22.0,0.24,2016-2017,OH,44656,Regular School,High,No
390503203909,0.04,0.63,0.94,76771.0,22.0,0.17,2016-2017,OH,43045,Regular School,High,No
390503303918,0.08,0.41,0.75,56192.0,21.0,0.25,2016-2017,OH,43344,Regular School,High,No
390503503919,0.06,0.55,0.79,58255.0,22.0,0.72,2016-2017,OH,45832,Regular School,High,No
390503903933,0.11,0.43,0.63,39335.0,21.0,0.53,2016-2017,OH,45651,Regular School,High,No
390504103935,0.08,0.44,0.71,51077.0,22.0,0.23,2016-2017,OH,45005,Regular School,High,No
390504203941,0.05,0.64,0.73,70910.0,24.0,0.05,2016-2017,OH,45066,Regular School,High,No
390504304356,0.04,0.88,0.72,75871.0,24.0,0.13,2016-2017,OH,45034,Regular School,High,No
390504403948,0.05,0.51,0.79,54938.0,23.0,0.16,2016-2017,OH,45152,Regular School,High,No
390504503954,0.05,0.79,0.82,77006.0,25.0,0.05,2016-2017,OH,45040,Regular School,High,No
390504603956,0.05,0.55,0.78,66223.0,22.0,0.19,2016-2017,OH,45068,Regular School,High,No
390504803960,0.04,0.43,0.79,62019.0,23.0,0.38,2016-2017,OH,45715,Regular School,High,No
390505103974,0.04,0.43,0.79,62019.0,21.0,0.19,2016-2017,OH,45786,Regular School,High,No
390505303976,0.08,0.61,0.73,48612.0,22.0,0.18,2016-2017,OH,44230,Regular School,High,No
390505403980,0.03,0.48,0.88,55531.0,22.0,0.13,2016-2017,OH,44618,Regular School,High,No
390505503986,0.06,0.5,0.84,54967.0,21.0,0.18,2016-2017,OH,44677,Regular School,High,No
390505603989,0.07,0.38,0.79,46574.0,21.0,0.51,2016-2017,OH,44217,Regular School,High,No
390505804000,0.06,0.35,0.86,51218.0,22.0,0.3,2016-2017,OH,44606,Regular School,High,No
390505904003,0.04,0.47,0.44,38684.0,23.0,0.28,2016-2017,OH,44691,Regular School,High,No
390506104007,0.08,0.44,0.7,42398.0,21.0,0.32,2016-2017,OH,43517,Regular School,High,No
390506204009,0.12,0.38,0.71,41819.0,21.0,0.0,2016-2017,OH,43518,Regular School,High,No
390506404016,0.08,0.47,0.67,44175.0,21.0,0.78,2016-2017,OH,43554,Regular School,High,No
390506704020,0.04,0.65,0.81,62788.0,23.0,0.19,2016-2017,OH,43450,Regular School,High,No
390506804027,0.09,0.55,0.61,48044.0,21.0,0.78,2016-2017,OH,44817,Regular School,High,No
390506904032,0.06,0.59,0.63,55690.0,20.0,0.58,2016-2017,OH,43447,Regular School,High,No
390507004037,0.09,0.5,0.56,41381.0,21.0,0.75,2016-2017,OH,45872,Regular School,High,No
390507104039,0.13,0.66,0.67,49787.0,21.0,0.54,2016-2017,OH,43619,Regular School,High,No
390507204045,0.04,0.65,0.81,73125.0,22.0,0.47,2016-2017,OH,43402,Regular School,High,No
390507404049,0.04,0.68,0.67,58478.0,21.0,0.52,2016-2017,OH,44882,Regular School,High,No
390619004105,0.2,0.38,0.64,38203.0,21.0,0.36,2016-2017,OH,45679,Regular School,High,No
390619004108,0.12,0.41,0.62,31577.0,20.0,0.42,2016-2017,OH,45660,Regular School,High,No
390619004114,0.12,0.35,0.65,40164.0,22.0,0.47,2016-2017,OH,45693,Regular School,High,No
390656800725,0.07,0.32,0.8,38926.0,20.0,0.61,2016-2017,OH,45623,Regular School,High,No
390656804135,0.07,0.34,0.68,37141.0,21.0,0.44,2016-2017,OH,45614,Regular School,High,No
390696804139,0.05,0.58,0.71,58259.0,21.0,0.6,2016-2017,OH,43755,Regular School,High,No
391000000944,0.14,0.52,0.45,29226.0,24.0,0.24,2016-2017,OH,45840,Regular School,High,No
391000102900,0.09,0.5,0.56,41381.0,22.0,0.18,2016-2017,OH,45889,Regular School,High,No
391000202888,0.08,0.51,0.6,40429.0,23.0,0.72,2016-2017,OH,44804,Regular School,High,No
391000301640,0.04,0.52,0.63,42341.0,22.0,0.45,2016-2017,OH,45365,Regular School,High,No
391000403683,0.04,0.5,0.78,56250.0,22.0,0.19,2016-2017,OH,45302,Regular School,High,No
391000503697,0.05,0.47,0.86,62679.0,21.0,0.84,2016-2017,OH,45334,Regular School,High,No
391000601593,0.13,0.5,0.61,41213.0,21.0,0.6,2016-2017,OH,44460,Regular School,High,No
391000702217,0.08,0.45,0.76,49474.0,19.0,0.0,2016-2017,OH,44431,Regular School,High,No
391000901629,0.07,0.49,0.59,40289.0,22.0,0.28,2016-2017,OH,44875,Regular School,High,No
391001002702,0.12,0.31,0.46,28710.0,21.0,0.33,2016-2017,OH,43160,Regular School,High,No
391001101937,0.12,0.31,0.46,28710.0,21.0,0.43,2016-2017,OH,43160,Regular School,High,No
391001201356,0.06,0.46,0.6,42056.0,23.0,0.4335206414634123,2016-2017,OH,43050,Regular School,High,No
391001303010,0.04,0.66,0.85,59336.0,22.0,0.35,2016-2017,OH,43028,Regular School,High,No
391001403033,0.08,0.64,0.81,81394.0,22.0,0.07,2016-2017,OH,44077,Regular School,High,No
391001501488,0.16,0.38,0.49,27556.0,18.0,0.61,2016-2017,OH,44077,Regular School,High,No
391001602600,0.03,0.91,0.98,144625.0,25.0,0.1,2016-2017,OH,44124,Regular School,High,No
391001700127,0.07,0.66,0.54,35916.0,17.0,0.49,2016-2017,OH,44146,Regular School,High,No
391001803972,0.14,0.56,0.77,46311.0,22.0,0.29,2016-2017,OH,45784,Regular School,High,No
391001901246,0.09,0.63,0.78,40484.0,23.0,0.36,2016-2017,OH,45750,Regular School,High,No
391002002167,0.09,0.6,0.69,44948.0,21.0,0.3,2016-2017,OH,43410,Regular School,High,No
391002103681,0.04,0.63,0.6,48646.0,22.0,0.42,2016-2017,OH,44883,Regular School,High,No
391002203922,0.13,0.57,0.69,42785.0,21.0,0.66,2016-2017,OH,45891,Regular School,High,No
391002301888,0.1,0.45,0.69,35506.0,22.0,0.73,2016-2017,OH,45891,Regular School,High,No
391002402313,0.11,0.48,0.72,41231.0,21.0,0.18,2016-2017,OH,43351,Regular School,High,No
391002501091,0.14,0.38,0.53,38459.0,21.0,0.46,2016-2017,OH,43326,Regular School,High,No
391002603644,0.09,0.71,0.78,43000.0,20.0,0.51,2016-2017,OH,45662,Regular School,High,No
391002701544,0.13,0.53,0.42,12775.0,20.0,0.89,2016-2017,OH,45662,Regular School,High,No
391002802292,0.04,0.48,0.76,50863.0,21.0,0.75,2016-2017,OH,44270,Regular School,High,No
391002901897,0.07,0.69,0.77,62813.0,23.0,0.13,2016-2017,OH,44281,Regular School,High,No
391003000263,0.05,0.59,0.83,48662.0,23.0,0.23,2016-2017,OH,45822,Regular School,High,No
391003103298,0.02,0.53,0.8,61018.0,22.0,0.05,2016-2017,OH,45860,Regular School,High,No
391003303993,0.05,0.46,0.93,62670.0,22.0,0.33,2016-2017,OH,44287,Regular School,High,No
420003600391,0.22,0.34,0.19,23675.0,18.13,0.0,2016-2017,PA,19145,Regular School,High,Yes
420003800393,0.27,0.46,0.17,32252.0,14.68,0.77,2016-2017,PA,19138,Regular School,High,Yes
420004000399,0.28,0.3,0.05,20435.0,17.1,0.73,2016-2017,PA,19140,Regular School,High,Yes
420005300493,0.04,0.96,1.0,90000.0,16.29,0.65,2016-2017,PA,19106,Regular School,High,Yes
420007700554,0.11,0.39,0.66,48884.0,19.1,0.44,2016-2017,PA,19137,Regular School,High,Yes
420007800563,0.2,0.45,0.12,28469.0,14.61,0.75,2016-2017,PA,19141,Regular School,High,Yes
420009400663,0.1,0.78,0.52,63938.0,18.35,0.56,2016-2017,PA,15222,Regular School,High,Yes
420009900634,0.07,0.58,0.47,50749.0,21.28,0.06,2016-2017,PA,18015,Regular School,High,Yes
420014300906,0.1,0.55,0.38,24970.0,21.18,0.23,2016-2017,PA,15059,Regular School,High,Yes
420014500944,0.14,0.49,0.25,23936.0,15.15,0.6,2016-2017,PA,19131,Regular School,High,Yes
420082206949,0.14,0.42,0.29,25299.0,15.56,0.61,2016-2017,PA,19129,Regular School,High,Yes
420082407319,0.05,0.73,0.79,84813.0,21.25,0.27,2016-2017,PA,15061,Regular School,High,No
420084307386,0.13,0.3,0.47,36148.0,14.56,0.75,2016-2017,PA,19120,Regular School,High,Yes
420084807413,0.13,0.16,0.38,26786.0,14.05,0.89,2016-2017,PA,19601,Regular School,High,Yes
420085607402,0.32,0.31,0.26,27793.0,14.07,0.8068697489252948,2016-2017,PA,19145,Regular School,High,Yes
420087607493,0.07,0.55,0.06,26012.0,20.67,0.0,2016-2017,PA,17101,Regular School,High,Yes
420201005091,0.03,0.85,0.82,64297.0,23.94,0.09,2016-2017,PA,18411,Regular School,High,No
420204003241,0.07,0.73,0.74,82417.0,22.2,0.15,2016-2017,PA,19001,Regular School,High,No
420210006001,0.14,0.37,0.53,39125.0,18.98,0.49,2016-2017,PA,15401,Regular School,High,No
420213007336,0.07,0.49,0.72,37031.0,17.0,0.8,2016-2017,PA,15001,Regular School,High,No
420219000029,0.04,0.61,0.68,56154.0,20.81,0.28,2016-2017,PA,15144,Regular School,High,No
420228002794,0.18,0.47,0.32,26268.0,18.1,0.77,2016-2017,PA,18104,Regular School,High,No
420228002795,0.08,0.4,0.67,43844.0,17.0,0.78,2016-2017,PA,18109,Regular School,High,No
420231004664,0.08,0.42,0.76,46458.0,20.37,0.3,2016-2017,PA,16036,Regular School,High,No
420234000913,0.08,0.22,0.26,23699.0,20.64,0.46,2016-2017,PA,16602,Regular School,High,No
420240003247,0.05,0.8,0.57,78393.0,24.06,0.14,2016-2017,PA,19002,Regular School,High,No
420244006555,0.15,0.6,0.33,30313.0,21.5,0.34,2016-2017,PA,15003,Regular School,High,No
420248000820,0.12,0.52,0.68,65305.0,19.15,0.35,2016-2017,PA,19606,Regular School,High,No
420249002725,0.06,0.63,0.81,52870.0,22.72,0.17,2016-2017,PA,17003,Regular School,High,No
420255002320,0.06,0.46,0.64,50717.0,19.27,0.35,2016-2017,PA,15686,Regular School,High,No
420259000517,0.08,0.45,0.73,46600.0,21.3,0.3,2016-2017,PA,16249,Regular School,High,No
420267000958,0.08,0.53,0.56,38690.0,21.18,0.28,2016-2017,PA,18810,Regular School,High,No
420279001367,0.09,0.55,0.65,66382.0,22.69,0.18,2016-2017,PA,19390,Regular School,High,No
420282005199,0.05,0.81,0.96,99046.0,23.23,0.13,2016-2017,PA,15237,Regular School,High,No
420285000315,0.05,0.9,0.97,145504.0,24.08,0.06,2016-2017,PA,15044,Regular School,High,No
420297000050,0.05,0.55,0.66,47690.0,20.91,0.26,2016-2017,PA,15236,Regular School,High,No
420300003434,0.13,0.5,0.63,58468.0,20.98,0.31,2016-2017,PA,18013,Regular School,High,No
420312000640,0.04,0.77,0.81,64392.0,22.3,0.14,2016-2017,PA,15009,Regular School,High,No
420318000726,0.06,0.58,0.71,40247.0,21.45,0.29,2016-2017,PA,15522,Regular School,High,No
420321004930,0.1,0.64,0.79,70727.0,21.18,0.21,2016-2017,PA,15012,Regular School,High,No
420324001343,0.04,0.61,0.75,42476.0,21.76,0.21,2016-2017,PA,16823,Regular School,High,No
420330000917,0.08,0.46,0.64,46875.0,22.3,0.22,2016-2017,PA,16617,Regular School,High,No
420333005116,0.06,0.6,0.65,72094.0,20.54,0.37,2016-2017,PA,19020,Regular School,High,No
420336004188,0.08,0.48,0.57,37768.0,20.27,0.31,2016-2017,PA,15314,Regular School,High,No
420339001595,0.06,0.42,0.69,47250.0,21.03,0.26,2016-2017,PA,17814,Regular School,High,No
420342006207,0.04,0.41,0.75,43403.0,20.59,0.26,2016-2017,PA,15530,Regular School,High,No
420345000003,0.06,0.51,0.91,79048.0,21.06,0.23,2016-2017,PA,17372,Regular School,High,No
420348001605,0.06,0.45,0.4,37611.0,21.35,0.31,2016-2017,PA,18603,Regular School,High,No
420351000062,0.02,0.76,0.69,79427.0,22.77,0.09,2016-2017,PA,15102,Regular School,High,No
420357003465,0.11,0.51,0.49,43546.0,21.4,0.46,2016-2017,PA,18018,Regular School,High,No
420357004957,0.06,0.76,0.91,74160.0,21.62,0.33,2016-2017,PA,18020,Regular School,High,No
420360004181,0.14,0.39,0.73,51406.0,18.88,0.34,2016-2017,PA,15333,Regular School,High,No
420363000649,0.17,0.43,0.27,24036.0,19.93,0.63,2016-2017,PA,15010,Regular School,High,No
420366001677,0.04,0.5,0.81,67279.0,20.86,0.2,2016-2017,PA,17241,Regular School,High,No
420368806707,0.03,0.69,0.7,56046.0,22.03,0.18,2016-2017,PA,15010,Regular School,High,No
420375004706,0.11,0.41,0.55,43750.0,21.23,0.29,2016-2017,PA,15717,Regular School,High,No
420384001612,0.06,0.57,0.72,50687.0,22.4,0.23,2016-2017,PA,17815,Regular School,High,No
420387003891,0.07,0.56,0.74,59435.0,22.2,0.15,2016-2017,PA,17972,Regular School,High,No
420390004034,0.05,0.43,0.74,52295.0,21.06,0.34,2016-2017,PA,18834,Regular School,High,No
420396006306,0.13,0.42,0.64,38054.0,21.79,0.13,2016-2017,PA,19512,Regular School,High,No
420402004691,0.18,0.5,0.34,28380.0,20.57,0.31,2016-2017,PA,16701,Regular School,High,No
420405006308,0.08,0.44,0.63,58133.0,22.52,0.15,2016-2017,PA,19539,Regular School,High,No
420408004818,0.09,0.42,0.47,23062.0,18.54,0.5,2016-2017,PA,15417,Regular School,High,No
420414000070,0.08,0.65,0.73,58574.0,20.69,0.4,2016-2017,PA,15227,Regular School,High,No
420420001014,0.11,0.47,0.56,52179.0,18.17,0.54,2016-2017,PA,19007,Regular School,High,No
420423001029,0.1,0.4,0.64,61198.0,19.05,0.48,2016-2017,PA,19057,Regular School,High,No
420426002362,0.05,0.45,0.57,34313.0,22.77,0.32,2016-2017,PA,15824,Regular School,High,No
420432006162,0.01,0.52,0.67,44231.0,21.03,0.36,2016-2017,PA,15825,Regular School,High,No
420453004340,0.08,0.67,0.75,49280.0,21.13,0.2,2016-2017,PA,15068,Regular School,High,No
420471004203,0.09,0.53,0.61,40694.0,21.01,0.25,2016-2017,PA,15423,Regular School,High,No
420474005212,0.06,0.44,0.74,45586.0,19.64,0.27,2016-2017,PA,16668,Regular School,High,No
420483001299,0.04,0.44,0.46,35417.0,20.3,0.39,2016-2017,PA,15834,Regular School,High,No
420486001682,0.02,0.78,0.83,56875.0,23.47,0.09,2016-2017,PA,17011,Regular School,High,No
420489004217,0.07,0.78,0.88,87167.0,22.5,0.17,2016-2017,PA,15317,Regular School,High,No
420492000988,0.09,0.36,0.6,41085.0,20.03,0.31,2016-2017,PA,17724,Regular School,High,No
420498002420,0.15,0.38,0.54,24209.0,19.08,0.53,2016-2017,PA,18407,Regular School,High,No
420501001694,0.13,0.51,0.21,27054.0,21.96,0.22,2016-2017,PA,17013,Regular School,High,No
420504000079,0.04,0.82,0.46,50509.0,22.45,0.38,2016-2017,PA,15106,Regular School,High,No
420507007126,0.08,0.57,0.51,40265.0,21.32,0.41,2016-2017,PA,15320,Regular School,High,No
420516002798,0.06,0.59,0.79,60375.0,21.3,0.27,2016-2017,PA,18067,Regular School,High,No
420519001040,0.08,0.7,0.97,51685.0,21.4,0.26,2016-2017,PA,18974,Regular School,High,No
420531000785,0.05,0.76,0.88,78500.0,23.57,0.08,2016-2017,PA,18976,Regular School,High,No
420531001043,0.05,0.73,0.66,80455.0,23.69,0.08,2016-2017,PA,18901,Regular School,High,No
420531005133,0.11,0.83,0.99,129865.0,24.72,0.05,2016-2017,PA,18902,Regular School,High,No
420534001208,0.05,0.53,0.84,64605.0,20.89,0.23,2016-2017,PA,15931,Regular School,High,No
420537001619,0.06,0.44,0.57,42054.0,22.62,0.14,2016-2017,PA,17815,Regular School,High,No
420540001745,0.04,0.58,0.81,74250.0,22.69,0.16,2016-2017,PA,17112,Regular School,High,No
420540001746,0.04,0.62,0.58,46192.0,19.37,0.43,2016-2017,PA,17109,Regular School,High,No
420543005118,0.06,0.32,0.76,71410.0,21.01,0.33,2016-2017,PA,15370,Regular School,High,No
420546002860,0.07,0.73,0.94,67460.0,21.86,0.09,2016-2017,PA,18707,Regular School,High,No
420549004545,0.07,0.58,0.69,58843.0,21.91,0.18,2016-2017,PA,17406,Regular School,High,No
420555002191,0.02,0.57,0.64,46787.0,20.71,0.37,2016-2017,PA,17201,Regular School,High,No
420555007449,0.09,0.34,0.4,24750.0,18.61,0.3,2016-2017,PA,17202,Regular School,High,No
420564004715,0.12,0.5,0.67,37880.0,20.35,0.39,2016-2017,PA,15022,Regular School,High,No
420570006706,0.01,0.51,0.7,48142.0,21.06,0.18,2016-2017,PA,15017,Regular School,High,No
420573009975,0.12,0.46,0.81,41250.0,19.0,0.26,2016-2017,PA,15342,Regular School,High,No
420576003260,0.07,0.86,0.71,66546.0,22.03,0.16,2016-2017,PA,19095,Regular School,High,No
420586006492,0.2,0.35,0.3,29948.0,14.24,0.73,2016-2017,PA,19013,Regular School,High,No
420588000732,0.06,0.39,0.59,45714.0,21.03,0.32,2016-2017,PA,15554,Regular School,High,No
420591001849,0.11,0.49,0.7,51287.0,18.74,0.47,2016-2017,PA,19061,Regular School,High,No
420606001475,0.08,0.73,0.68,35846.0,22.25,0.19,2016-2017,PA,16214,Regular School,High,No
420609001480,0.09,0.47,0.57,30716.0,21.18,0.28,2016-2017,PA,16258,Regular School,High,No
420615006236,0.1,0.47,0.68,45689.0,20.49,0.34,2016-2017,PA,16830,Regular School,High,No
420624005012,0.13,0.51,0.46,52857.0,19.66,0.42,2016-2017,PA,19320,Regular School,High,No
420627006290,0.07,0.53,0.77,60870.0,22.47,0.14,2016-2017,PA,17517,Regular School,High,No
420636002515,0.09,0.42,0.62,47403.0,19.59,0.6,2016-2017,PA,17512,Regular School,High,No
420639006122,0.05,0.37,0.79,48138.0,21.37,0.35,2016-2017,PA,16130,Regular School,High,No
420643005136,0.12,0.34,0.49,32176.0,21.06,0.39,2016-2017,PA,15906,Regular School,High,No
420648002532,0.08,0.59,0.74,58219.0,21.42,0.19,2016-2017,PA,17601,Regular School,High,No
420655000017,0.06,0.36,0.63,54471.0,21.5,0.26,2016-2017,PA,17350,Regular School,High,No
420659007439,0.07,0.4,0.61,45705.0,20.81,0.32,2016-2017,PA,16424,Regular School,High,No
420666005228,0.04,0.39,0.52,28892.0,20.42,0.45,2016-2017,PA,15425,Regular School,High,No
420678000777,0.06,0.5,0.68,55000.0,20.69,0.31,2016-2017,PA,19551,Regular School,High,No
420681007335,0.14,0.53,0.58,33644.0,18.37,0.58,2016-2017,PA,15108,Regular School,High,No
420684004800,0.06,0.47,0.68,60824.0,22.23,0.24,2016-2017,PA,17042,Regular School,High,No
420686001998,0.12,0.42,0.55,31546.0,20.42,0.43,2016-2017,PA,16407,Regular School,High,No
420693003869,0.05,0.57,0.65,44831.0,21.08,0.26,2016-2017,PA,16915,Regular School,High,No
420696000691,0.07,0.85,0.64,99375.0,23.74,0.07,2016-2017,PA,18966,Regular School,High,No
420696005096,0.06,0.88,0.81,103542.0,25.16,0.04,2016-2017,PA,18940,Regular School,High,No
420705004098,0.04,0.48,0.69,51573.0,21.01,0.29,2016-2017,PA,16346,Regular School,High,No
420708001632,0.06,0.43,0.71,51888.0,21.52,0.36,2016-2017,PA,16314,Regular School,High,No
420708001654,0.1,0.54,0.4,31590.0,21.11,0.42,2016-2017,PA,16335,Regular School,High,No
420711001701,0.07,0.63,0.81,69179.0,23.99,0.09,2016-2017,PA,17050,Regular School,High,No
420714001529,0.1,0.47,0.68,45689.0,19.47,0.36,2016-2017,PA,16833,Regular School,High,No
420720002869,0.08,0.79,0.83,68285.0,22.84,0.13,2016-2017,PA,18612,Regular School,High,No
420723004553,0.07,0.58,0.81,72813.0,22.35,0.19,2016-2017,PA,17313,Regular School,High,No
420729004810,0.11,0.52,0.73,62050.0,21.67,0.17,2016-2017,PA,19508,Regular School,High,No
420732003425,0.09,0.51,0.39,35444.0,22.52,0.13,2016-2017,PA,17821,Regular School,High,No
420753005261,0.09,0.61,0.71,49813.0,22.18,0.22,2016-2017,PA,18337,Regular School,High,No
420754000513,0.08,0.7,0.82,62112.0,21.47,0.18,2016-2017,PA,15024,Regular School,High,No
420756004352,0.04,0.52,0.56,44583.0,20.23,0.31,2016-2017,PA,15627,Regular School,High,No
420759004801,0.07,0.73,0.64,51800.0,24.89,0.11,2016-2017,PA,17033,Regular School,High,No
420765002539,0.07,0.52,0.56,54629.0,21.64,0.25,2016-2017,PA,17552,Regular School,High,No
420768004558,0.07,0.49,0.72,59350.0,20.62,0.23,2016-2017,PA,17315,Regular School,High,No
420771000706,0.08,0.79,0.82,76875.0,23.79,0.08,2016-2017,PA,19341,Regular School,High,No
420771001387,0.05,0.66,0.74,58421.0,22.81,0.08,2016-2017,PA,19335,Regular School,High,No
420771007401,0.05,0.66,0.74,58421.0,26.92,0.01,2016-2017,PA,19335,Regular School,High,No
420783006156,0.06,0.54,0.68,32885.0,22.08,0.35,2016-2017,PA,15801,Regular School,High,No
420846002740,0.09,0.32,0.55,52083.0,20.62,0.22,2016-2017,PA,17067,Regular School,High,No
420849006364,0.11,0.51,0.74,53462.0,22.01,0.22,2016-2017,PA,17737,Regular School,High,No
420855002809,0.03,0.68,0.81,64464.0,23.11,0.16,2016-2017,PA,18049,Regular School,High,No
420858001707,0.08,0.49,0.57,46332.0,22.59,0.2,2016-2017,PA,17025,Regular School,High,No
420867000518,0.16,0.56,0.54,54617.0,19.1,0.39,2016-2017,PA,18328,Regular School,High,No
420867006935,0.13,0.61,0.36,49764.0,19.98,0.37,2016-2017,PA,18301,Regular School,High,No
420879004564,0.08,0.51,0.59,58321.0,21.23,0.18,2016-2017,PA,17368,Regular School,High,No
420882002554,0.04,0.41,0.65,54451.0,21.59,0.22,2016-2017,PA,17557,Regular School,High,No
420885003482,0.06,0.61,0.71,57685.0,21.03,0.37,2016-2017,PA,18045,Regular School,High,No
420909000144,0.08,0.61,0.8,61831.0,20.52,0.26,2016-2017,PA,15037,Regular School,High,No
420912002562,0.04,0.58,0.43,49324.0,22.59,0.17,2016-2017,PA,17022,Regular School,High,No
420915006418,0.05,0.39,0.66,57316.0,20.25,0.36,2016-2017,PA,18844,Regular School,High,No
420924002675,0.07,0.48,0.41,29167.0,20.81,0.36,2016-2017,PA,16117,Regular School,High,No
420927006293,0.05,0.45,0.87,44525.0,21.79,0.3,2016-2017,PA,17522,Regular School,High,No
420930000016,0.05,0.5,0.43,38750.0,16.98,1.0,2016-2017,PA,16508,Regular School,High,No
420930000273,0.08,0.49,0.35,42798.0,24.52,1.0,2016-2017,PA,16508,Regular School,High,No
420930002026,0.24,0.31,0.65,21970.0,14.95,1.0,2016-2017,PA,16503,Regular School,High,No
420930002027,0.17,0.6,0.52,36221.0,16.29,1.0,2016-2017,PA,16502,Regular School,High,No
420936001009,0.08,0.37,0.51,42408.0,20.81,0.42,2016-2017,PA,15537,Regular School,High,No
420948000788,0.06,0.55,0.71,60098.0,21.59,0.18,2016-2017,PA,19606,Regular School,High,No
420954006269,0.05,0.6,0.87,75000.0,22.23,0.13,2016-2017,PA,17320,Regular School,High,No
420957006737,0.03,0.66,0.76,71516.0,23.42,0.15,2016-2017,PA,16415,Regular School,High,No
420960001154,0.07,0.41,0.67,51438.0,22.11,0.26,2016-2017,PA,16041,Regular School,High,No
420969005248,0.1,0.6,0.56,41683.0,14.22,0.93,2016-2017,PA,16121,Regular School,High,No
420975001225,0.09,0.49,0.71,40536.0,20.93,0.51,2016-2017,PA,15905,Regular School,High,No
420978005023,0.05,0.59,0.85,62621.0,21.32,0.12,2016-2017,PA,19522,Regular School,High,No
420993006419,0.15,0.4,0.42,39632.0,22.23,0.37,2016-2017,PA,18421,Regular School,High,No
420996004242,0.02,0.44,0.84,63594.0,20.76,0.29,2016-2017,PA,15057,Regular School,High,No
420999002037,0.03,0.48,0.72,53730.0,20.76,0.3,2016-2017,PA,16441,Regular School,High,No
421007000156,0.07,0.9,0.89,81750.0,24.89,0.14,2016-2017,PA,15238,Regular School,High,No
421011003883,0.07,0.43,0.74,51008.0,20.74,0.33,2016-2017,PA,17921,Regular School,High,No
421011503988,0.07,0.39,0.7,45800.0,21.84,0.33,2016-2017,PA,15531,Regular School,High,No
421020004106,0.12,0.41,0.39,32188.0,21.08,0.32,2016-2017,PA,16323,Regular School,High,No
421023004360,0.06,0.77,0.8,83727.0,23.16,0.11,2016-2017,PA,15668,Regular School,High,No
421035002126,0.07,0.53,0.73,44201.0,20.59,0.26,2016-2017,PA,15473,Regular School,High,No
421038006563,0.05,0.54,0.7,43663.0,21.37,0.27,2016-2017,PA,15042,Regular School,High,No
421044000594,0.06,0.6,0.85,66071.0,21.35,0.18,2016-2017,PA,16055,Regular School,High,No
421059001869,0.03,0.63,0.95,117083.0,23.99,0.07,2016-2017,PA,19342,Regular School,High,No
421062000170,0.07,0.7,0.72,34779.0,21.57,0.23,2016-2017,PA,15146,Regular School,High,No
421065002040,0.08,0.62,0.79,68750.0,21.13,0.19,2016-2017,PA,16412,Regular School,High,No
421071006271,0.07,0.66,0.2,29306.0,21.81,0.28,2016-2017,PA,17325,Regular School,High,No
421074002043,0.07,0.55,0.62,47101.0,21.5,0.37,2016-2017,PA,16417,Regular School,High,No
421083005219,0.09,0.37,0.67,40326.0,19.27,0.41,2016-2017,PA,16640,Regular School,High,No
421086000802,0.05,0.62,0.5,55097.0,22.01,0.27,2016-2017,PA,19607,Regular School,High,No
421087001424,0.05,0.71,0.9,91886.0,24.91,0.12,2016-2017,PA,19355,Regular School,High,No
421092004373,0.04,0.79,0.74,52131.0,21.57,0.27,2016-2017,PA,15601,Regular School,High,No
421095001251,0.16,0.49,0.32,32537.0,18.91,0.72,2016-2017,PA,15902,Regular School,High,No
421098004845,0.05,0.47,0.72,31250.0,22.84,0.24,2016-2017,PA,15650,Regular School,High,No
421101002206,0.07,0.53,0.65,48625.0,21.5,0.17,2016-2017,PA,17225,Regular School,High,No
421116003137,0.07,0.59,0.75,46115.0,21.69,0.33,2016-2017,PA,16125,Regular School,High,No
421119006341,0.04,0.51,0.81,57569.0,20.25,0.2,2016-2017,PA,17062,Regular School,High,No
421122003145,0.04,0.7,0.85,51940.0,22.23,0.22,2016-2017,PA,16127,Regular School,High,No
421122006125,0.04,0.7,0.85,51940.0,16.56,0.99,2016-2017,PA,16127,Regular School,High,No
421131006330,0.07,0.49,0.52,39375.0,21.81,0.22,2016-2017,PA,17032,Regular School,High,No
421134000808,0.05,0.47,0.73,48467.0,21.32,0.25,2016-2017,PA,19526,Regular School,High,No
421140005190,0.03,0.82,0.87,90558.0,24.47,0.06,2016-2017,PA,15101,Regular School,High,No
421142002891,0.08,0.47,0.54,39315.0,19.2,0.47,2016-2017,PA,18706,Regular School,High,No
421145004571,0.06,0.59,0.63,51304.0,20.57,0.42,2016-2017,PA,17331,Regular School,High,No
421158006333,0.1,0.44,0.37,42403.0,16.78,0.81,2016-2017,PA,17103,Regular School,High,No
421161003272,0.04,0.83,0.84,110335.0,23.18,0.12,2016-2017,PA,19044,Regular School,High,No
421167001879,0.07,0.83,0.68,98462.0,23.57,0.11,2016-2017,PA,19083,Regular School,High,No
421170000026,0.13,0.46,0.28,26477.0,19.35,0.58,2016-2017,PA,18202,Regular School,High,No
421173005352,0.1,0.52,0.68,59900.0,23.62,0.12,2016-2017,PA,18055,Regular School,High,No
421176004404,0.04,0.67,0.74,62194.0,22.25,0.15,2016-2017,PA,15601,Regular School,High,No
421179002578,0.04,0.68,0.91,83354.0,23.21,0.21,2016-2017,PA,17538,Regular School,High,No
421182003150,0.08,0.73,0.79,44630.0,21.45,0.25,2016-2017,PA,16148,Regular School,High,No
421188005153,0.16,0.46,0.27,30229.0,19.71,0.39,2016-2017,PA,15065,Regular School,High,No
421194005207,0.01,0.65,0.71,51128.0,22.47,0.2,2016-2017,PA,16648,Regular School,High,No
421203000675,0.05,0.58,0.72,46941.0,21.35,0.13,2016-2017,PA,15001,Regular School,High,No
421209002305,0.06,0.55,0.62,40461.0,20.25,0.38,2016-2017,PA,16652,Regular School,High,No
421215002325,0.05,0.72,0.67,49900.0,22.72,0.22,2016-2017,PA,15701,Regular School,High,No
421217001885,0.08,0.57,0.63,59494.0,19.88,0.35,2016-2017,PA,19076,Regular School,High,No
421221004817,0.08,0.51,0.48,52083.0,20.18,0.39,2016-2017,PA,16511,Regular School,High,No
421230006126,0.08,0.41,0.61,40972.0,20.81,0.26,2016-2017,PA,16134,Regular School,High,No
421233004412,0.03,0.54,0.63,53500.0,20.1,0.52,2016-2017,PA,15644,Regular School,High,No
421239002280,0.06,0.41,0.57,44449.0,19.86,0.36,2016-2017,PA,15344,Regular School,High,No
421242007327,0.02,0.84,0.72,75116.0,24.04,0.12,2016-2017,PA,19046,Regular School,High,No
421248003034,0.06,0.46,0.55,48809.0,20.67,0.24,2016-2017,PA,17740,Regular School,High,No
421254001307,0.07,0.5,0.34,58750.0,22.16,0.34,2016-2017,PA,18229,Regular School,High,No
421257006218,0.07,0.34,0.59,36149.0,20.54,0.26,2016-2017,PA,15845,Regular School,High,No
421260002394,0.04,0.33,0.72,48137.0,20.62,0.25,2016-2017,PA,17049,Regular School,High,No
421260006255,0.03,0.29,0.82,49256.0,20.69,0.3,2016-2017,PA,17059,Regular School,High,No
421263002308,0.06,0.31,0.78,42892.0,19.93,0.35,2016-2017,PA,16611,Regular School,High,No
421266005245,0.05,0.53,0.74,49281.0,21.89,0.3,2016-2017,PA,16735,Regular School,High,No
421269006482,0.07,0.39,0.67,70000.0,22.52,0.26,2016-2017,PA,19348,Regular School,High,No
421272001486,0.07,0.4,0.71,44219.0,21.03,0.31,2016-2017,PA,16232,Regular School,High,No
421272500446,0.09,0.49,0.46,25609.0,20.18,0.34,2016-2017,PA,17751,Regular School,High,No
421275005112,0.06,0.69,0.72,43636.0,21.69,0.2,2016-2017,PA,15216,Regular School,High,No
421284004431,0.17,0.47,0.49,33561.0,21.18,0.28,2016-2017,PA,15690,Regular School,High,No
421293000816,0.11,0.59,0.55,46288.0,21.94,0.12,2016-2017,PA,19530,Regular School,High,No
421299004528,0.08,0.5,0.68,49722.0,21.15,0.3,2016-2017,PA,18419,Regular School,High,No
421302002924,0.05,0.65,0.78,56765.0,22.11,0.2,2016-2017,PA,18627,Regular School,High,No
421305006404,0.1,0.61,0.82,50357.0,20.3,0.25,2016-2017,PA,18433,Regular School,High,No
421308003155,0.06,0.43,0.78,47425.0,21.03,0.24,2016-2017,PA,16153,Regular School,High,No
421311002607,0.07,0.7,0.9,66000.0,23.16,0.12,2016-2017,PA,17537,Regular School,High,No
421314002596,0.17,0.42,0.66,48194.0,18.1,0.7,2016-2017,PA,17602,Regular School,High,No
421329002331,0.05,0.59,0.7,43688.0,21.08,0.36,2016-2017,PA,15748,Regular School,High,No
421332006600,0.18,0.34,0.46,22146.0,19.93,0.39,2016-2017,PA,15401,Regular School,High,No
421338002680,0.03,0.59,0.6,53401.0,19.64,0.23,2016-2017,PA,16101,Regular School,High,No
421344005155,0.16,0.51,0.25,36300.0,19.05,0.71,2016-2017,PA,17042,Regular School,High,No
421347006027,0.19,0.56,0.39,34237.0,19.47,0.33,2016-2017,PA,15656,Regular School,High,No
421350001315,0.07,0.45,0.66,42500.0,20.98,0.31,2016-2017,PA,18235,Regular School,High,No
421359004085,0.07,0.62,0.71,45777.0,24.55,0.19,2016-2017,PA,17837,Regular School,High,No
421377001213,0.09,0.45,0.76,44821.0,20.96,0.25,2016-2017,PA,16630,Regular School,High,No
421398000014,0.05,0.53,0.7,57829.0,22.23,0.23,2016-2017,PA,17340,Regular School,High,No
421410001776,0.05,0.66,0.53,50057.0,22.99,0.09,2016-2017,PA,17036,Regular School,High,No
421416003295,0.05,0.93,0.91,84719.0,25.53,0.08,2016-2017,PA,19003,Regular School,High,No
421416003296,0.03,0.94,0.93,162243.0,25.84,0.08,2016-2017,PA,19010,Regular School,High,No
421419004960,0.08,0.79,0.96,101250.0,24.06,0.05,2016-2017,PA,19006,Regular School,High,No
421425003305,0.03,0.77,0.95,94722.0,24.6,0.08,2016-2017,PA,19403,Regular School,High,No
421431004828,0.06,0.66,0.76,37900.0,21.96,0.23,2016-2017,PA,17701,Regular School,High,No
421443007012,0.19,0.4,0.31,27576.0,18.79,0.45,2016-2017,PA,17948,Regular School,High,No
421446003532,0.05,0.32,0.92,50756.0,19.74,0.29,2016-2017,PA,17830,Regular School,High,No
421455002618,0.11,0.39,0.51,43477.0,22.25,0.16,2016-2017,PA,17545,Regular School,High,No
421458002623,0.07,0.72,0.67,54361.0,23.4,0.18,2016-2017,PA,17601,Regular School,High,No
421473002339,0.07,0.53,0.77,63929.0,20.57,0.34,2016-2017,PA,15759,Regular School,High,No
421476001902,0.04,0.63,0.75,81000.0,22.89,0.1,2016-2017,PA,19073,Regular School,High,No
421479001159,0.04,0.66,0.83,65545.0,22.94,0.08,2016-2017,PA,16046,Regular School,High,No
421485006252,0.07,0.39,0.64,46996.0,20.57,0.25,2016-2017,PA,17233,Regular School,High,No
421488004249,0.06,0.43,0.78,50987.0,21.13,0.26,2016-2017,PA,15323,Regular School,High,No
421494006105,0.13,0.35,0.32,23414.0,18.0,0.56,2016-2017,PA,15132,Regular School,High,No
421503005098,0.12,0.62,0.51,52141.0,22.96,0.2,2016-2017,PA,17055,Regular School,High,No
421512003158,0.06,0.5,0.79,49709.0,22.16,0.23,2016-2017,PA,16137,Regular School,High,No
421515003994,0.05,0.36,0.74,37431.0,18.35,0.29,2016-2017,PA,15552,Regular School,High,No
421517007518,0.08,0.6,0.52,49906.0,19.59,0.35,2016-2017,PA,18512,Regular School,High,No
421521003962,0.08,0.34,0.68,43156.0,20.4,0.27,2016-2017,PA,17842,Regular School,High,No
421524001790,0.12,0.47,0.8,49891.0,20.67,0.31,2016-2017,PA,17057,Regular School,High,No
421529007398,0.1,0.39,0.51,43314.0,22.06,0.31,2016-2017,PA,17044,Regular School,High,No
421533007320,0.05,0.6,0.66,49863.0,21.35,0.24,2016-2017,PA,16506,Regular School,High,No
421536001794,0.07,0.49,0.52,39375.0,20.35,0.22,2016-2017,PA,17061,Regular School,High,No
421545001623,0.06,0.44,0.78,49940.0,21.06,0.27,2016-2017,PA,17846,Regular School,High,No
421548003541,0.14,0.41,0.54,34600.0,20.74,0.34,2016-2017,PA,17847,Regular School,High,No
421551006583,0.2,0.39,0.71,33750.0,19.69,0.34,2016-2017,PA,17954,Regular School,High,No
421554002686,0.1,0.57,0.74,50743.0,21.03,0.29,2016-2017,PA,16112,Regular School,High,No
421560006181,0.07,0.54,0.51,44323.0,18.98,0.58,2016-2017,PA,15062,Regular School,High,No
421566003040,0.04,0.41,0.76,45223.0,22.03,0.27,2016-2017,PA,17752,Regular School,High,No
421572005017,0.04,0.78,0.82,85038.0,21.64,0.14,2016-2017,PA,15136,Regular School,High,No
421575003045,0.06,0.6,0.65,44342.0,22.2,0.18,2016-2017,PA,17754,Regular School,High,No
421581004044,0.05,0.52,0.76,50469.0,21.74,0.24,2016-2017,PA,18801,Regular School,High,No
421583004951,0.07,0.78,0.82,54598.0,23.64,0.11,2016-2017,PA,15108,Regular School,High,No
421596001550,0.06,0.31,0.72,38371.0,20.96,0.37,2016-2017,PA,16651,Regular School,High,No
421599006936,0.11,0.5,0.85,34875.0,20.32,0.4,2016-2017,PA,17851,Regular School,High,No
421602006104,0.2,0.42,0.66,26214.0,19.37,0.43,2016-2017,PA,17066,Regular School,High,No
421605004049,0.05,0.43,0.74,52295.0,21.18,0.33,2016-2017,PA,18826,Regular School,High,No
421611000254,0.05,0.86,0.63,46959.0,24.87,0.08,2016-2017,PA,15228,Regular School,High,No
421617004458,0.09,0.44,0.57,53490.0,21.15,0.29,2016-2017,PA,15666,Regular School,High,No
421620006610,0.12,0.42,0.57,53996.0,20.15,0.36,2016-2017,PA,19605,Regular School,High,No
421623003048,0.05,0.55,0.84,50051.0,21.08,0.23,2016-2017,PA,17756,Regular School,High,No
421629005242,0.11,0.54,0.42,35793.0,19.79,0.48,2016-2017,PA,18634,Regular School,High,No
421638003495,0.07,0.58,0.7,53208.0,23.13,0.11,2016-2017,PA,18064,Regular School,High,No
421641006455,0.08,0.67,0.82,81201.0,22.16,0.14,2016-2017,PA,19047,Regular School,High,No
421644002689,0.01,0.74,0.89,57647.0,21.3,0.22,2016-2017,PA,16105,Regular School,High,No
421650007214,0.06,0.84,0.85,71354.0,18.88,0.6,2016-2017,PA,15221,Regular School,High,No
421653000695,0.08,0.41,0.31,35167.0,21.42,0.36,2016-2017,PA,15066,Regular School,High,No
421662002704,0.18,0.46,0.56,28231.0,19.62,0.58,2016-2017,PA,16101,Regular School,High,No
421686001084,0.06,0.89,0.87,83313.0,24.65,0.04,2016-2017,PA,18938,Regular School,High,No
421689003413,0.08,0.42,0.57,46679.0,20.27,0.32,2016-2017,PA,17074,Regular School,High,No
421698006729,0.07,0.67,0.65,51862.0,18.35,0.56,2016-2017,PA,19403,Regular School,High,No
421701007482,0.06,0.89,0.9,113623.0,25.11,0.04,2016-2017,PA,15090,Regular School,High,No
421710001164,0.08,0.38,0.8,46535.0,20.79,0.33,2016-2017,PA,16061,Regular School,High,No
421713001489,0.03,0.31,0.7,32857.0,21.18,0.25,2016-2017,PA,16353,Regular School,High,No
421716006145,0.1,0.64,0.8,54208.0,21.96,0.35,2016-2017,PA,16428,Regular School,High,No
421722007122,0.04,0.69,0.77,66540.0,22.55,0.22,2016-2017,PA,15229,Regular School,High,No
421728005345,0.07,0.7,0.81,52336.0,23.99,0.16,2016-2017,PA,19446,Regular School,High,No
421731002446,0.06,0.5,0.72,58081.0,21.59,0.22,2016-2017,PA,18444,Regular School,High,No
421737003505,0.07,0.54,0.51,44436.0,21.5,0.18,2016-2017,PA,18067,Regular School,High,No
421743000700,0.05,0.61,0.73,60511.0,20.4,0.2,2016-2017,PA,16117,Regular School,High,No
421746000964,0.06,0.39,0.69,50841.0,20.42,0.3,2016-2017,PA,18837,Regular School,High,No
421752004577,0.1,0.41,0.68,61810.0,21.35,0.28,2016-2017,PA,17345,Regular School,High,No
421761006201,0.1,0.48,0.64,41382.0,20.03,0.33,2016-2017,PA,15714,Regular School,High,No
421764002760,0.09,0.43,0.71,59706.0,20.27,0.2,2016-2017,PA,17026,Regular School,High,No
421767002818,0.11,0.45,0.52,47401.0,21.94,0.3,2016-2017,PA,18080,Regular School,High,No
421773004058,0.08,0.38,0.66,40887.0,19.88,0.35,2016-2017,PA,16950,Regular School,High,No
421773006373,0.11,0.47,0.72,48576.0,19.25,0.36,2016-2017,PA,16946,Regular School,High,No
421776006345,0.08,0.68,0.84,73177.0,22.57,0.14,2016-2017,PA,17019,Regular School,High,No
421777000053,0.04,0.73,0.64,44528.0,19.96,0.4,2016-2017,PA,15202,Regular School,High,No
421779002958,0.06,0.49,0.79,64476.0,20.1,0.29,2016-2017,PA,18655,Regular School,High,No
421785002821,0.04,0.61,0.87,62994.0,23.5,0.07,2016-2017,PA,18066,Regular School,High,No
421788006745,0.04,0.47,0.79,49500.0,22.33,0.37,2016-2017,PA,16401,Regular School,High,No
421794004717,0.04,0.64,0.74,66023.0,22.74,0.16,2016-2017,PA,15642,Regular School,High,No
421803001414,0.02,0.5,0.77,59583.0,20.98,0.26,2016-2017,PA,19310,Regular School,High,No
421809004931,0.08,0.46,0.45,44454.0,19.64,0.42,2016-2017,PA,16301,Regular School,High,No
421812002449,0.08,0.56,0.61,51557.0,20.52,0.34,2016-2017,PA,18518,Regular School,High,No
421815006318,0.05,0.5,0.91,65357.0,22.72,0.13,2016-2017,PA,19547,Regular School,High,No
421821007191,0.07,0.41,0.72,41000.0,20.64,0.38,2016-2017,PA,16748,Regular School,High,No
421824003107,0.09,0.43,0.61,44656.0,20.81,0.33,2016-2017,PA,16729,Regular School,High,No
421827001406,0.08,0.72,0.84,83229.0,23.5,0.11,2016-2017,PA,19465,Regular School,High,No
421830001420,0.08,0.47,0.63,48687.0,21.59,0.28,2016-2017,PA,19363,Regular School,High,No
421833001094,0.1,0.52,0.76,70705.0,23.4,0.14,2016-2017,PA,18930,Regular School,High,No
421836004734,0.03,0.41,0.66,44833.0,20.67,0.18,2016-2017,PA,18071,Regular School,High,No
421839002766,0.1,0.6,0.64,58453.0,22.47,0.14,2016-2017,PA,17078,Regular School,High,No
421851002829,0.04,0.65,0.76,66750.0,23.79,0.15,2016-2017,PA,18104,Regular School,High,No
421857006439,0.11,0.56,0.7,55094.0,21.35,0.2,2016-2017,PA,18072,Regular School,High,No
421858001915,0.09,0.58,0.87,73958.0,20.3,0.12,2016-2017,PA,19014,Regular School,High,No
421859000309,0.15,0.68,0.52,43043.0,18.59,0.41,2016-2017,PA,15235,Regular School,High,No
421863002633,0.09,0.66,0.88,60809.0,22.59,0.21,2016-2017,PA,17551,Regular School,High,No
421866006648,0.04,0.75,0.84,67538.0,22.13,0.11,2016-2017,PA,15636,Regular School,High,No
421874001629,0.07,0.5,0.78,44596.0,21.62,0.33,2016-2017,PA,16403,Regular School,High,No
421874006136,0.04,0.44,0.73,44583.0,20.98,0.31,2016-2017,PA,16433,Regular School,High,No
421874006942,0.07,0.42,0.76,46615.0,22.4,0.39,2016-2017,PA,16327,Regular School,High,No
421875001100,0.08,0.68,0.78,63966.0,22.67,0.12,2016-2017,PA,18944,Regular School,High,No
421881006231,0.04,0.45,0.83,49360.0,23.25,0.24,2016-2017,PA,16875,Regular School,High,No
421884004682,0.06,0.52,0.79,67259.0,23.13,0.13,2016-2017,PA,19030,Regular School,High,No
421890002649,0.03,0.2,0.86,61705.0,22.89,0.32,2016-2017,PA,17535,Regular School,High,No
421893003328,0.05,0.83,0.83,110665.0,23.35,0.1,2016-2017,PA,19426,Regular School,High,No
421896005083,0.03,0.9,0.9,93676.0,23.84,0.03,2016-2017,PA,15317,Regular School,High,No
421899000765,0.07,0.89,0.89,26837.0,15.02,0.99,2016-2017,PA,19104,Regular School,High,No
421899000771,0.34,0.51,0.14,18750.0,17.0,0.99,2016-2017,PA,19123,Regular School,High,No
421899000821,0.14,0.39,0.19,20967.0,16.42,0.63,2016-2017,PA,19139,Regular School,High,No
421899000824,0.11,0.7,0.92,85486.0,16.66,0.6,2016-2017,PA,19128,Regular School,High,No
421899000830,0.31,0.51,0.3,38617.0,15.37,0.99,2016-2017,PA,19143,Regular School,High,No
421899000899,0.28,0.33,0.0,15855.0,16.2,0.99,2016-2017,PA,19122,Regular School,High,No
421899000901,0.1,0.46,0.69,36767.0,14.27,0.99,2016-2017,PA,19122,Regular School,High,No
421899000907,0.23,0.4,0.29,25223.0,13.24,0.99,2016-2017,PA,19125,Regular School,High,No
421899000923,0.05,0.85,0.63,45949.0,20.49,0.37,2016-2017,PA,19103,Regular School,High,No
421899000962,0.03,0.84,0.63,75000.0,20.13,0.59,2016-2017,PA,19147,Regular School,High,No
421899000993,0.11,0.45,0.08,18780.0,14.9,1.0,2016-2017,PA,19104,Regular School,High,No
421899001010,0.04,0.96,1.0,90000.0,16.51,0.55,2016-2017,PA,19106,Regular School,High,No
421899003816,0.25,0.42,0.34,32119.0,14.07,0.73,2016-2017,PA,19111,Regular School,High,No
421899003818,0.21,0.44,0.56,45989.0,14.95,1.0,2016-2017,PA,19148,Regular School,High,No
421899003825,0.26,0.54,0.09,27868.0,13.71,0.99,2016-2017,PA,19139,Regular School,High,No
421899003839,0.2,0.33,0.24,21000.0,15.02,0.99,2016-2017,PA,19132,Regular School,High,No
421899003843,0.22,0.49,0.31,29970.0,19.96,0.68,2016-2017,PA,19141,Regular School,High,No
421899003844,0.04,0.74,0.78,71792.0,14.95,1.0,2016-2017,PA,19128,Regular School,High,No
421899003845,0.06,0.46,0.82,56339.0,15.59,0.71,2016-2017,PA,19136,Regular School,High,No
421899003847,0.14,0.44,0.35,32972.0,13.66,1.0,2016-2017,PA,19142,Regular School,High,No
421899003848,0.2,0.4,0.08,27604.0,24.72,0.43,2016-2017,PA,19141,Regular School,High,No
421899003850,0.14,0.34,0.27,38240.0,14.19,1.0,2016-2017,PA,19124,Regular School,High,No
421899003851,0.16,0.71,0.05,47045.0,14.1,1.0,2016-2017,PA,19130,Regular School,High,No
421899003855,0.16,0.5,0.47,58288.0,18.15,0.68,2016-2017,PA,19111,Regular School,High,No
421899003857,0.1,0.42,0.18,31553.0,13.97,1.0,2016-2017,PA,19131,Regular School,High,No
421899003859,0.14,0.6,0.62,46309.0,13.85,0.97,2016-2017,PA,19148,Regular School,High,No
421899003860,0.04,0.46,0.38,31276.0,13.83,1.0,2016-2017,PA,19139,Regular School,High,No
421899006527,0.1,0.38,0.66,34296.0,17.32,0.55,2016-2017,PA,19116,Regular School,High,No
421899006548,0.2,0.56,0.26,49156.0,16.27,0.99,2016-2017,PA,19138,Regular School,High,No
421899006675,0.2,0.44,0.07,31838.0,14.32,1.0,2016-2017,PA,19138,Regular School,High,No
421899006822,0.16,0.71,0.05,47045.0,18.03,1.0,2016-2017,PA,19130,Regular School,High,No
421899006904,0.05,0.56,0.58,55253.0,19.64,0.43,2016-2017,PA,19154,Regular School,High,No
421899006996,0.07,0.72,0.72,46136.0,20.13,0.45,2016-2017,PA,19147,Regular School,High,No
421899007023,0.15,0.49,0.12,15609.0,20.98,0.49,2016-2017,PA,19121,Regular School,High,No
421899007225,0.1,0.52,0.35,42802.0,20.18,0.68,2016-2017,PA,19123,Regular School,High,No
421902001560,0.09,0.49,0.79,36706.0,19.64,0.33,2016-2017,PA,16866,Regular School,High,No
421905001426,0.06,0.66,0.87,58967.0,22.59,0.17,2016-2017,PA,19460,Regular School,High,No
421914003910,0.05,0.43,0.62,46750.0,20.35,0.27,2016-2017,PA,17963,Regular School,High,No
421917000409,0.04,0.97,0.94,69035.0,21.81,0.49,2016-2017,PA,15217,Regular School,High,No
421917000412,0.09,0.63,0.62,51786.0,17.64,0.74,2016-2017,PA,15210,Regular School,High,No
421917000416,0.1,0.69,0.5,42083.0,15.02,0.88,2016-2017,PA,15214,Regular School,High,No
421917006915,0.1,0.66,0.53,43198.0,17.34,0.73,2016-2017,PA,15216,Regular School,High,No
421920005058,0.08,0.47,0.58,38750.0,20.35,0.3,2016-2017,PA,18640,Regular School,High,No
421929003210,0.14,0.59,0.65,63472.0,21.32,0.31,2016-2017,PA,18322,Regular School,High,No
421935000435,0.06,0.68,0.85,66957.0,21.42,0.16,2016-2017,PA,15239,Regular School,High,No
421947003333,0.08,0.8,0.83,67054.0,22.91,0.13,2016-2017,PA,19462,Regular School,High,No
421950000679,0.06,0.56,0.5,52431.0,18.83,0.56,2016-2017,PA,18346,Regular School,High,No
421950003216,0.16,0.56,0.54,57697.0,20.62,0.35,2016-2017,PA,18370,Regular School,High,No
421953003111,0.11,0.47,0.67,38494.0,20.89,0.32,2016-2017,PA,16743,Regular School,High,No
421956001270,0.07,0.52,0.61,43347.0,20.52,0.44,2016-2017,PA,15946,Regular School,High,No
421965003338,0.07,0.71,0.79,94352.0,21.45,0.29,2016-2017,PA,19464,Regular School,High,No
421968003348,0.06,0.51,0.59,40750.0,19.69,0.61,2016-2017,PA,19464,Regular School,High,No
421971003924,0.04,0.56,0.48,41779.0,21.13,0.41,2016-2017,PA,17901,Regular School,High,No
421980006165,0.11,0.44,0.51,31230.0,20.71,0.28,2016-2017,PA,15767,Regular School,High,No
421983002350,0.07,0.34,0.72,40588.0,20.81,0.45,2016-2017,PA,15729,Regular School,High,No
421986000448,0.03,0.94,0.92,151250.0,24.4,0.1,2016-2017,PA,15056,Regular School,High,No
421989001128,0.06,0.51,0.61,51759.0,22.11,0.2,2016-2017,PA,18951,Regular School,High,No
421992001921,0.06,0.9,0.7,102014.0,25.89,0.09,2016-2017,PA,19087,Regular School,High,No
422004000859,0.18,0.23,0.2,33824.0,16.71,0.86,2016-2017,PA,19604,Regular School,High,No
422010004598,0.05,0.43,0.68,41924.0,21.79,0.22,2016-2017,PA,17356,Regular School,High,No
422013001495,0.08,0.31,0.73,45161.0,19.74,0.32,2016-2017,PA,16242,Regular School,High,No
422022003165,0.1,0.35,0.55,43920.0,20.08,0.34,2016-2017,PA,16125,Regular School,High,No
422025006079,0.09,0.54,0.72,40250.0,22.4,0.14,2016-2017,PA,15904,Regular School,High,No
422031001989,0.08,0.57,0.69,39635.0,20.35,0.27,2016-2017,PA,15853,Regular School,High,No
422037001934,0.07,0.63,0.68,76739.0,20.81,0.25,2016-2017,PA,19033,Regular School,High,No
422040007238,0.11,0.54,0.61,40104.0,19.74,0.35,2016-2017,PA,15063,Regular School,High,No
422043006928,0.06,0.78,0.81,64904.0,21.11,0.31,2016-2017,PA,15139,Regular School,High,No
422046000712,0.08,0.48,0.51,39538.0,19.76,0.43,2016-2017,PA,15074,Regular School,High,No
422052006210,0.06,0.39,0.79,49199.0,21.86,0.29,2016-2017,PA,15557,Regular School,High,No
422055001942,0.08,0.82,0.89,84750.0,23.94,0.12,2016-2017,PA,19063,Regular School,High,No
422058000470,0.04,0.82,0.91,106494.0,24.94,0.1,2016-2017,PA,15057,Regular School,High,No
422064005169,0.03,0.49,0.6,42266.0,21.86,0.23,2016-2017,PA,15857,Regular School,High,No
422073002833,0.14,0.4,0.53,43655.0,22.3,0.19,2016-2017,PA,18103,Regular School,High,No
422076004002,0.06,0.36,0.85,39013.0,19.25,0.26,2016-2017,PA,15558,Regular School,High,No
422085000965,0.08,0.53,0.56,38690.0,22.23,0.33,2016-2017,PA,18840,Regular School,High,No
422091005264,0.11,0.4,0.56,41200.0,20.62,0.28,2016-2017,PA,17972,Regular School,High,No
422097000864,0.03,0.48,0.67,73185.0,21.54,0.14,2016-2017,PA,19533,Regular School,High,No
422109002489,0.1,0.47,0.41,35714.0,19.2,0.55,2016-2017,PA,18504,Regular School,High,No
422109006413,0.14,0.59,0.87,33722.0,19.42,0.61,2016-2017,PA,18510,Regular School,High,No
422112003969,0.03,0.54,0.39,41313.0,21.72,0.29,2016-2017,PA,17870,Regular School,High,No
422115004735,0.05,0.45,0.69,46422.0,20.86,0.31,2016-2017,PA,15637,Regular School,High,No
422120000460,0.04,0.76,0.88,82850.0,21.86,0.25,2016-2017,PA,15209,Regular School,High,No
422124000968,0.09,0.44,0.42,28771.0,20.52,0.5339391252897571,2016-2017,PA,17866,Regular School,High,No
422133007321,0.04,0.7,0.74,52143.0,18.83,0.56,2016-2017,PA,16146,Regular School,High,No
422142003124,0.09,0.62,0.79,46350.0,20.01,0.3,2016-2017,PA,16150,Regular School,High,No
422149003940,0.21,0.26,0.4,21721.0,19.2,0.66,2016-2017,PA,17976,Regular School,High,No
422151002708,0.03,0.59,0.6,53401.0,20.4,0.18,2016-2017,PA,16101,Regular School,High,No
422154003569,0.12,0.35,0.33,31322.0,20.98,0.36,2016-2017,PA,17801,Regular School,High,No
422157005221,0.08,0.43,0.68,51768.0,21.01,0.25,2016-2017,PA,17257,Regular School,High,No
422166001172,0.12,0.53,0.6418000408671547,50735.25064051873,22.67,0.23,2016-2017,PA,16057,Regular School,High,No
422169003117,0.09,0.46,0.66,42667.0,20.15,0.31,2016-2017,PA,16749,Regular School,High,No
422181002658,0.1,0.31,0.91,53638.0,21.84,0.27,2016-2017,PA,17566,Regular School,High,No
422187003354,0.04,0.66,0.9,88226.0,23.21,0.13,2016-2017,PA,18964,Regular School,High,No
422191000440,0.06,0.53,0.52,51071.0,19.54,0.41,2016-2017,PA,15133,Regular School,High,No
422193001177,0.07,0.52,0.91,57500.0,22.99,0.14,2016-2017,PA,16056,Regular School,High,No
422205006328,0.02,0.68,0.8,74767.0,22.52,0.09,2016-2017,PA,17007,Regular School,High,No
422206000467,0.05,0.72,0.86,78029.0,22.28,0.14,2016-2017,PA,15129,Regular School,High,No
422214003056,0.05,0.57,0.6,42861.0,21.79,0.26,2016-2017,PA,17702,Regular School,High,No
422217004602,0.09,0.53,0.82,68795.0,22.62,0.18,2016-2017,PA,17321,Regular School,High,No
422220002284,0.05,0.36,0.74,43914.0,18.81,0.44,2016-2017,PA,15338,Regular School,High,No
422223000714,0.11,0.57,0.64,60417.0,22.11,0.26,2016-2017,PA,15050,Regular School,High,No
422226001627,0.06,0.46,0.78,29629.0,21.52,0.15,2016-2017,PA,17820,Regular School,High,No
422229002253,0.09,0.41,0.83,53365.0,20.37,0.27,2016-2017,PA,17267,Regular School,High,No
422235002839,0.08,0.7,0.88,78500.0,23.79,0.1,2016-2017,PA,18034,Regular School,High,No
422237004064,0.05,0.41,0.74,47344.0,19.05,0.29,2016-2017,PA,16930,Regular School,High,No
422237004068,0.1,0.64,0.68,43850.0,20.37,0.3,2016-2017,PA,16933,Regular School,High,No
422238004614,0.04,0.56,0.85,66250.0,23.13,0.16,2016-2017,PA,17327,Regular School,High,No
422240006516,0.17,0.48,0.63,50129.0,17.08,0.58,2016-2017,PA,19079,Regular School,High,No
422241006191,0.05,0.53,0.68,47228.0,20.74,0.37,2016-2017,PA,15612,Regular School,High,No
422247004608,0.09,0.38,0.66,54192.0,21.67,0.16,2016-2017,PA,17331,Regular School,High,No
422253000941,0.07,0.45,0.81,44521.0,21.01,0.29,2016-2017,PA,16662,Regular School,High,No
422256003367,0.06,0.63,0.29,38445.0,23.67,0.12,2016-2017,PA,19468,Regular School,High,No
422259004623,0.05,0.48,0.85,67440.0,22.06,0.21,2016-2017,PA,17362,Regular School,High,No
422260001950,0.03,0.76,0.93,108740.0,21.94,0.13,2016-2017,PA,19064,Regular School,High,No
422262003376,0.06,0.89,0.71,76250.0,22.91,0.12,2016-2017,PA,19038,Regular School,High,No
422274006280,0.11,0.38,0.78,52737.0,21.08,0.21,2016-2017,PA,17236,Regular School,High,No
422277001364,0.09,0.82,0.71,20787.0,24.26,0.12,2016-2017,PA,16801,Regular School,High,No
422279000196,0.09,0.57,0.68,36923.0,19.81,0.48,2016-2017,PA,15120,Regular School,High,No
422280001801,0.05,0.45,0.63,54779.0,18.1,0.72,2016-2017,PA,17113,Regular School,High,No
422283000477,0.18,0.4,0.38,34072.0,16.51,0.74,2016-2017,PA,15136,Regular School,High,No
422286003224,0.19,0.61,0.5,30445.0,21.28,0.33,2016-2017,PA,18360,Regular School,High,No
422292004030,0.07,0.48,0.8,41386.0,20.74,0.27,2016-2017,PA,18626,Regular School,High,No
422298004054,0.15,0.4,0.56,38277.0,22.06,0.45,2016-2017,PA,18847,Regular School,High,No
422301001806,0.1,0.62,0.55,55495.0,19.96,0.28,2016-2017,PA,17109,Regular School,High,No
422304003589,0.06,0.52,0.69,64842.0,21.35,0.23,2016-2017,PA,17020,Regular School,High,No
422322005070,0.15,0.49,0.69,30524.0,21.96,0.28,2016-2017,PA,18252,Regular School,High,No
422325002496,0.09,0.5,0.47,41927.0,21.59,0.35,2016-2017,PA,18517,Regular School,High,No
422349001668,0.2,0.36,0.46,24167.0,21.4,0.47,2016-2017,PA,16354,Regular School,High,No
422355005208,0.04,0.45,0.6,49167.0,20.69,0.33,2016-2017,PA,18848,Regular School,High,No
422364001423,0.03,0.94,0.95,117292.0,26.67,0.05,2016-2017,PA,19312,Regular School,High,No
422370003957,0.08,0.37,0.75,46066.0,20.71,0.25,2016-2017,PA,17938,Regular School,High,No
422376006012,0.19,0.42,0.12,15492.0,21.67,0.19,2016-2017,PA,15301,Regular School,High,No
422379001000,0.04,0.42,0.7,47841.0,21.13,0.33,2016-2017,PA,16947,Regular School,High,No
422382004670,0.07,0.43,0.83,62311.0,20.81,0.31,2016-2017,PA,19506,Regular School,High,No
422385005271,0.07,0.51,0.82,61838.0,20.86,0.29,2016-2017,PA,18657,Regular School,High,No
422397000753,0.06,0.43,0.78,47283.0,20.74,0.4,2016-2017,PA,16678,Regular School,High,No
422400000873,0.07,0.71,0.94,74922.0,21.79,0.17,2016-2017,PA,19520,Regular School,High,No
422403000949,0.09,0.5,0.48,45593.0,20.18,0.36,2016-2017,PA,16686,Regular School,High,No
422406002712,0.07,0.43,0.65,43982.0,19.15,0.26,2016-2017,PA,16101,Regular School,High,No
422409002075,0.09,0.39,0.71,40920.0,19.96,0.42,2016-2017,PA,16438,Regular School,High,No
422412001501,0.12,0.36,0.57,41210.0,19.49,0.4,2016-2017,PA,16248,Regular School,High,No
422415002184,0.18,0.34,0.46,22146.0,20.1,0.49,2016-2017,PA,15401,Regular School,High,No
422421001443,0.02,0.81,0.74,99583.0,26.14,0.03,2016-2017,PA,19348,Regular School,High,No
422424002358,0.08,0.5,0.65,47763.0,21.59,0.27,2016-2017,PA,15920,Regular School,High,No
422430000021,0.07,0.43,0.72,53793.0,20.45,0.28,2016-2017,PA,17307,Regular School,High,No
422432001972,0.11,0.62,0.69,65813.0,19.47,0.47,2016-2017,PA,19026,Regular School,High,No
422436006340,0.05,0.47,0.69,51458.0,20.67,0.26,2016-2017,PA,17023,Regular School,High,No
422439005078,0.02,0.81,0.73,101086.0,24.72,0.1,2016-2017,PA,19034,Regular School,High,No
422448003395,0.06,0.76,0.87,91900.0,22.33,0.22,2016-2017,PA,19406,Regular School,High,No
422451003401,0.07,0.59,0.67,53029.0,21.32,0.22,2016-2017,PA,19090,Regular School,High,No
422454005081,0.11,0.56,0.71,53348.0,22.4,0.16,2016-2017,PA,18073,Regular School,High,No
422457000492,0.05,0.94,0.95,93661.0,25.43,0.04,2016-2017,PA,15241,Regular School,High,No
422463004126,0.09,0.48,0.23,37105.0,18.81,0.37,2016-2017,PA,16323,Regular School,High,No
422465006775,0.08,0.63,0.73,50447.0,21.03,0.24,2016-2017,PA,18403,Regular School,High,No
422475004310,0.04,0.7,0.66,66198.0,22.08,0.39,2016-2017,PA,18428,Regular School,High,No
422479005287,0.05,0.8,0.89,92122.0,24.52,0.12,2016-2017,PA,19086,Regular School,High,No
422482004135,0.07,0.46,0.64,40174.0,20.74,0.39,2016-2017,PA,16371,Regular School,High,No
422482004149,0.1,0.75,0.77,52067.0,22.28,0.32,2016-2017,PA,16365,Regular School,High,No
422487005103,0.06,0.45,0.88,54451.0,21.35,0.23,2016-2017,PA,17772,Regular School,High,No
422496002663,0.02,0.59,0.62,49824.0,22.94,0.16,2016-2017,PA,17543,Regular School,High,No
422497004295,0.06,0.5,0.39,25610.0,21.54,0.35,2016-2017,PA,18431,Regular School,High,No
422499004286,0.19,0.42,0.12,15492.0,20.81,0.51,2016-2017,PA,15301,Regular School,High,No
422508006148,0.09,0.54,0.73,65197.0,20.05,0.25,2016-2017,PA,16509,Regular School,High,No
422511002243,0.13,0.44,0.52,38781.0,20.67,0.26,2016-2017,PA,17268,Regular School,High,No
422514001327,0.05,0.45,0.72,44307.0,20.76,0.33,2016-2017,PA,18255,Regular School,High,No
422517004080,0.07,0.73,0.71,47470.0,21.23,0.22,2016-2017,PA,16901,Regular School,High,No
422520000509,0.05,0.68,0.82,60951.0,21.72,0.17,2016-2017,PA,15126,Regular School,High,No
422523001566,0.07,0.34,0.68,48707.0,19.81,0.31,2016-2017,PA,16858,Regular School,High,No
422529000969,0.03,0.86,0.95,118819.0,24.04,0.08,2016-2017,PA,19382,Regular School,High,No
422529001453,0.06,0.84,0.74,54597.0,23.79,0.08,2016-2017,PA,19380,Regular School,High,No
422529006734,0.02,0.91,0.98,120293.0,22.96,0.11,2016-2017,PA,19380,Regular School,High,No
422544007165,0.07,0.56,0.68,41695.0,20.01,0.37,2016-2017,PA,15370,Regular School,High,No
422559000523,0.07,0.69,0.76,55682.0,22.2,0.13,2016-2017,PA,15025,Regular School,High,No
422565006129,0.08,0.45,0.76,44549.0,20.13,0.21,2016-2017,PA,16159,Regular School,High,No
422568000536,0.06,0.52,0.4,43014.0,19.25,0.41,2016-2017,PA,15122,Regular School,High,No
422574003596,0.07,0.35,0.8,53798.0,21.86,0.26,2016-2017,PA,17024,Regular School,High,No
422583001732,0.05,0.73,0.63,75070.0,21.89,0.23,2016-2017,PA,17011,Regular School,High,No
422583004704,0.01,0.67,0.83,84634.0,22.2,0.16,2016-2017,PA,17339,Regular School,High,No
422595006391,0.1,0.47,0.33,43125.0,20.49,0.42,2016-2017,PA,18651,Regular School,High,No
422598006705,0.1,0.45,0.55,45914.0,21.81,0.22,2016-2017,PA,17404,Regular School,High,No
422601004091,0.06,0.55,0.65,38654.0,21.94,0.26,2016-2017,PA,17844,Regular School,High,No
422607006704,0.08,0.51,0.81,58163.0,21.81,0.37,2016-2017,PA,18436,Regular School,High,No
422625002848,0.11,0.65,0.59,57734.0,20.98,0.32,2016-2017,PA,18052,Regular School,High,No
422630003007,0.1,0.41,0.39,27143.0,19.98,0.4,2016-2017,PA,18701,Regular School,High,No
422630003008,0.1,0.47,0.58,33125.0,18.39,0.75,2016-2017,PA,18702,Regular School,High,No
422630003009,0.09,0.46,0.35,40500.0,18.2,0.64,2016-2017,PA,18702,Regular School,High,No
422639007452,0.09,0.67,0.7,58889.0,17.2,0.7,2016-2017,PA,19050,Regular School,High,No
422640003914,0.11,0.35,0.58,45139.0,20.59,0.35,2016-2017,PA,17980,Regular School,High,No
422643000951,0.07,0.37,0.69,44841.0,20.69,0.38,2016-2017,PA,16693,Regular School,High,No
422646006368,0.12,0.58,0.35,39375.0,21.5,0.45,2016-2017,PA,17701,Regular School,High,No
422652002721,0.02,0.81,0.84,55273.0,21.84,0.14,2016-2017,PA,16142,Regular School,High,No
422655003522,0.08,0.58,0.7,48350.0,21.01,0.3,2016-2017,PA,18042,Regular School,High,No
422658006980,0.02,0.55,0.79,51181.0,22.28,0.22,2016-2017,PA,19609,Regular School,High,No
422661004026,0.07,0.45,0.73,33527.0,21.45,0.3,2016-2017,PA,15963,Regular School,High,No
422670001005,0.05,0.41,0.75,62396.0,21.52,0.22,2016-2017,PA,18853,Regular School,High,No
422673006390,0.05,0.65,0.45,46587.0,20.27,0.25,2016-2017,PA,18643,Regular School,High,No
422676000887,0.05,0.82,0.87,91250.0,22.28,0.25,2016-2017,PA,19610,Regular School,High,No
422682004647,0.18,0.39,0.26,23952.0,17.42,0.71,2016-2017,PA,17403,Regular School,High,No
422685004658,0.06,0.59,0.5,61276.0,23.28,0.19,2016-2017,PA,17403,Regular School,High,No
470000101935,0.12,0.39,0.71,28899.0,19.0,0.49,2016-2017,TN,37813,Regular School,High,No
470000101936,0.21,0.24,0.46,23176.0,20.4,0.42,2016-2017,TN,37813,Regular School,High,No
470006000235,0.1,0.5,0.65,45303.0,22.0,0.34,2016-2017,TN,37701,Regular School,High,No
470009000008,0.05,0.55,0.83,50164.0,19.8,0.42,2016-2017,TN,37716,Regular School,High,No
470009001871,0.08,0.57,0.84,41790.0,20.0,0.38,2016-2017,TN,37716,Regular School,High,No
470014402133,0.21,0.27,0.41,21717.0,18.5,0.5,2016-2017,TN,38556,Regular School,High,No
470014801028,0.04,0.62,0.42,17283.0,18.1,0.6,2016-2017,TN,38104,Regular School,High,No
470014801040,0.14,0.5,0.26,51967.0,15.7,0.74,2016-2017,TN,38128,Regular School,High,No
470014801053,0.11,0.61,0.36,32523.0,15.2,0.81,2016-2017,TN,38111,Regular School,High,No
470014801080,0.36,0.35,0.16,28702.0,14.2,0.88,2016-2017,TN,38106,Regular School,High,No
470014801093,0.14,0.24,0.55,30898.0,15.8,0.83,2016-2017,TN,38122,Regular School,High,No
470014801113,0.18,0.44,0.43,27292.0,14.2,0.9,2016-2017,TN,38107,Regular School,High,No
470014801115,0.21,0.3,0.25,26201.0,14.7,0.89,2016-2017,TN,38114,Regular School,High,No
470014801122,0.28,0.34,0.04,23835.0,14.5,0.84,2016-2017,TN,38109,Regular School,High,No
470014801127,0.16,0.37,0.48,35770.0,15.1,0.83,2016-2017,TN,38118,Regular School,High,No
470014801130,0.21,0.32,0.41,41359.0,16.6,0.71,2016-2017,TN,38117,Regular School,High,No
470014801142,0.01,0.89,0.74,67564.0,17.0,0.61,2016-2017,TN,38119,Regular School,High,No
470014801153,0.16,0.31,0.23,22176.0,14.6,0.87,2016-2017,TN,38118,Regular School,High,No
470014801166,0.15,0.37,0.23,24529.0,13.9,0.92,2016-2017,TN,38127,Regular School,High,No
470014801176,0.21,0.32,0.36,32765.0,14.4,0.84,2016-2017,TN,38109,Regular School,High,No
470014801178,0.0,0.96,0.96,114120.0,22.5,0.36,2016-2017,TN,38117,Regular School,High,No
470014801181,0.12,0.65,0.35,51678.0,16.7,0.71,2016-2017,TN,38116,Regular School,High,No
470014801186,0.15,0.52,0.4,33843.0,14.9,0.81,2016-2017,TN,38118,Regular School,High,No
470014801571,0.08,0.67,0.85,66293.0,19.2,0.31,2016-2017,TN,38002,Regular School,High,No
470014801582,0.02,0.94,0.95,102906.0,20.7,0.25,2016-2017,TN,38138,Regular School,High,No
470014801859,0.16,0.57,0.41,37083.0,15.5,0.76,2016-2017,TN,38115,Regular School,High,No
470014801974,0.09,0.61,0.38,33831.0,17.7,0.56,2016-2017,TN,38104,Regular School,High,No
470014802081,0.33,0.39,0.0,19974.0,19.8,0.74,2016-2017,TN,38126,Regular School,High,No
470014802083,0.36,0.45,0.38,19227.0,15.2,0.67,2016-2017,TN,38106,Regular School,High,Yes
470014802137,0.13,0.69,0.78,71000.0,16.3,0.53,2016-2017,TN,38125,Regular School,High,No
470014802150,0.05,0.27,0.14,20893.0,15.0,0.89,2016-2017,TN,38108,Regular School,High,No
470014802178,0.13,0.43,0.22,31215.0,16.1,0.73,2016-2017,TN,38127,Regular School,High,Yes
470014802179,0.31,0.25,0.0,13039.0,16.0,0.65,2016-2017,TN,38107,Regular School,High,Yes
470018000034,0.07,0.49,0.67,60679.0,19.4,0.35,2016-2017,TN,37183,Regular School,High,No
470018000036,0.08,0.39,0.59,28841.0,17.7,0.56,2016-2017,TN,37160,Regular School,High,No
470018000039,0.08,0.38,0.71,42930.0,18.9,0.43,2016-2017,TN,37180,Regular School,High,No
470024000052,0.13,0.31,0.49,30167.0,18.6,0.47,2016-2017,TN,38320,Regular School,High,No
470027000055,0.1,0.37,0.66,31009.0,19.2,0.64,2016-2017,TN,37367,Regular School,High,No
470030000072,0.09,0.62,0.73,50091.0,18.7,0.41,2016-2017,TN,37804,Regular School,High,No
470030001830,0.04,0.49,0.65,38965.0,20.7,0.36,2016-2017,TN,37801,Regular School,High,No
470033000090,0.16,0.28,0.32,22428.0,17.7,0.46,2016-2017,TN,37311,Regular School,High,No
470033001388,0.17,0.61,0.66,47825.0,20.0,0.29,2016-2017,TN,37312,Regular School,High,No
470036000116,0.06,0.5,0.58,42049.0,21.3,0.36,2016-2017,TN,37620,Regular School,High,No
470042000117,0.21,0.27,0.44,26111.0,17.7,0.57,2016-2017,TN,37757,Regular School,High,No
470042000125,0.13,0.29,0.78,25536.0,16.0,0.71,2016-2017,TN,37762,Regular School,High,No
470045000140,0.17,0.41,0.57,30398.0,18.6,0.45,2016-2017,TN,37190,Regular School,High,No
470051000153,0.14,0.32,0.73,32010.0,18.2,0.51,2016-2017,TN,37687,Regular School,High,No
470051000155,0.1,0.34,0.71,29797.0,18.4,0.62,2016-2017,TN,37658,Regular School,High,No
470051000157,0.08,0.64,0.64,31754.0,18.5,0.48,2016-2017,TN,37643,Regular School,High,No
470051000167,0.05,0.47,0.61,36205.0,17.5,0.55,2016-2017,TN,37643,Regular School,High,No
470057000228,0.07,0.51,0.63,35024.0,19.6,0.53,2016-2017,TN,37015,Regular School,High,No
470057000891,0.09,0.62,0.81,64317.0,21.2,0.27,2016-2017,TN,37082,Regular School,High,No
470057001834,0.03,0.62,0.76,66386.0,21.2,0.34,2016-2017,TN,37146,Regular School,High,No
470060000894,0.19,0.49,0.54,36188.0,19.7,0.39,2016-2017,TN,38340,Regular School,High,No
470063001690,0.1,0.5,0.53,34180.0,18.6,0.55,2016-2017,TN,37724,Regular School,High,No
470063001691,0.05,0.35,0.73,28609.0,17.1,0.6,2016-2017,TN,37825,Regular School,High,No
470066001694,0.07,0.32,0.66,26809.0,18.4,0.59,2016-2017,TN,38551,Regular School,High,No
470069000265,0.1,0.63,0.66,41466.0,18.9,0.46,2016-2017,TN,37312,Regular School,High,No
470075000275,0.11,0.39,0.42,27837.0,18.2,0.59,2016-2017,TN,37821,Regular School,High,No
470075001392,0.14,0.33,0.71,34881.0,18.4,0.67,2016-2017,TN,37722,Regular School,High,No
470078000285,0.07,0.56,0.5,48375.0,20.0,0.43,2016-2017,TN,37355,Regular School,High,No
470085001897,0.09,0.38,0.64,35217.0,19.1,0.46,2016-2017,TN,38001,Regular School,High,No
470090000303,0.15,0.49,0.64,21980.0,19.6,0.5,2016-2017,TN,38555,Regular School,High,No
470090002100,0.05,0.45,0.65,37183.0,19.8,0.44,2016-2017,TN,38571,Regular School,High,No
470096001245,0.05,0.4,0.77,29063.0,18.6,0.43,2016-2017,TN,38329,Regular School,High,No
470099000322,0.09,0.32,0.61,34277.0,17.7,0.52,2016-2017,TN,37166,Regular School,High,No
470102000329,0.1,0.44,0.78,39638.0,21.2,0.36,2016-2017,TN,37055,Regular School,High,No
470102001727,0.07,0.48,0.69,42360.0,20.6,0.42,2016-2017,TN,37036,Regular School,High,No
470105002028,0.07,0.49,0.81,48848.0,21.3,0.48,2016-2017,TN,38059,Regular School,High,No
470108000347,0.07,0.64,0.76,47332.0,21.7,0.55,2016-2017,TN,38024,Regular School,High,No
470111000351,0.03,0.62,0.75,43750.0,21.4,0.34,2016-2017,TN,37643,Regular School,High,No
470117001921,0.13,0.47,0.82,53641.0,16.6,0.69,2016-2017,TN,38068,Regular School,High,No
470123000377,0.05,0.34,0.73,31453.0,17.4,0.56,2016-2017,TN,38553,Regular School,High,No
470129000388,0.07,0.55,0.57,32743.0,18.8,0.43,2016-2017,TN,37398,Regular School,High,No
470139000425,0.15,0.41,0.72,48430.0,18.7,0.49,2016-2017,TN,38316,Regular School,High,No
470140000416,0.13,0.48,0.68,38472.0,19.2,0.47,2016-2017,TN,38330,Regular School,High,No
470140002207,0.08,0.65,0.69,67962.0,20.0,0.21,2016-2017,TN,38355,Regular School,High,No
470141000429,0.1,0.49,0.42,31250.0,18.3,0.47,2016-2017,TN,38478,Regular School,High,No
470144000437,0.12,0.36,0.73,36466.0,18.1,0.46,2016-2017,TN,37861,Regular School,High,No
470147000445,0.1,0.56,0.74,45743.0,18.5,0.52,2016-2017,TN,37616,Regular School,High,No
470147000453,0.14,0.3,0.7,29613.0,18.6,0.54,2016-2017,TN,37745,Regular School,High,No
470147000455,0.06,0.43,0.57,42228.0,19.9,0.52,2016-2017,TN,37743,Regular School,High,No
470147000458,0.05,0.37,0.58,35088.0,18.7,0.6,2016-2017,TN,37818,Regular School,High,No
470150000467,0.14,0.31,0.61,21283.0,21.3,0.33,2016-2017,TN,37745,Regular School,High,No
470153000469,0.11,0.33,0.5,25317.0,17.6,0.62,2016-2017,TN,37313,Regular School,High,No
470159000495,0.09754177740394392,0.5699781473219765,0.636345965549216,52246.536168815306,18.3,0.42,2016-2017,TN,37341,Regular School,High,No
470159000501,0.03,0.53,0.41,42071.0,16.5,0.7,2016-2017,TN,37412,Regular School,High,No
470159000514,0.08,0.73,0.9,78250.0,19.5,0.29,2016-2017,TN,37363,Regular School,High,No
470159000517,0.09,0.79,0.63,34992.0,17.8,0.55,2016-2017,TN,37415,Regular School,High,No
470159000521,0.12,0.65,0.71,61292.0,16.1,0.57,2016-2017,TN,37379,Regular School,High,No
470159000525,0.06,0.56,0.9,44984.0,20.5,0.24,2016-2017,TN,37379,Regular School,High,No
470159000626,0.13,0.59,0.44,35664.0,14.5,0.87,2016-2017,TN,37411,Regular School,High,No
470159000750,0.09,0.74,0.88,58542.0,18.0,0.46,2016-2017,TN,37343,Regular School,High,No
470159000759,0.04,0.58,0.4,27500.0,14.3,0.91,2016-2017,TN,37408,Regular School,High,No
470159000802,0.09,0.57,0.53,47586.0,15.8,0.75,2016-2017,TN,37421,Regular School,High,No
470165000541,0.2,0.35,0.58,34189.0,17.7,0.66,2016-2017,TN,38008,Regular School,High,No
470165000547,0.18,0.39,0.59,32098.0,17.5,0.68,2016-2017,TN,38052,Regular School,High,No
470168000553,0.17,0.35,0.64,27263.0,18.9,0.5,2016-2017,TN,38372,Regular School,High,No
470174001841,0.12,0.37,0.72,36541.0,19.3,0.46,2016-2017,TN,37642,Regular School,High,No
470174001842,0.13,0.32,0.69,34382.0,19.3,0.54,2016-2017,TN,37857,Regular School,High,No
470177000597,0.12,0.36,0.45,25049.0,17.4,0.65,2016-2017,TN,38012,Regular School,High,No
470180001427,0.2,0.37,0.67,35089.0,20.4,0.38,2016-2017,TN,38368,Regular School,High,No
470183000617,0.13,0.43,0.54,38019.0,19.6,0.43,2016-2017,TN,38242,Regular School,High,No
470186000625,0.11,0.49,0.81,36816.0,18.5,0.46,2016-2017,TN,37033,Regular School,High,No
470186002104,0.08,0.33,0.77,44776.0,18.3,0.52,2016-2017,TN,37098,Regular School,High,No
470192001441,0.03,0.37,0.48,38225.0,19.2,0.36,2016-2017,TN,37061,Regular School,High,No
470195000636,0.07,0.53,0.53,35333.0,15.9,0.74,2016-2017,TN,38343,Regular School,High,No
470198000641,0.12,0.43,0.75,43289.0,18.8,0.45,2016-2017,TN,37101,Regular School,High,No
470198000642,0.1,0.52,0.52,35385.0,19.0,0.44,2016-2017,TN,37185,Regular School,High,No
470201000646,0.14,0.43,0.61,33571.0,18.7,0.44,2016-2017,TN,38344,Regular School,High,No
470207000661,0.2,0.37,0.61,31071.0,18.4,0.55,2016-2017,TN,38562,Regular School,High,No
470210000675,0.07,0.47,0.67,40508.0,19.5,0.42,2016-2017,TN,37725,Regular School,High,No
470213000686,0.11,0.54,0.33,20536.0,21.8,0.34,2016-2017,TN,37604,Regular School,High,No
470216000696,0.11,0.44,0.85,31348.0,19.2,0.55,2016-2017,TN,37683,Regular School,High,No
470219000706,0.12,0.49,0.51,31322.0,22.5,0.37,2016-2017,TN,37664,Regular School,High,No
470222000725,0.02,0.6,0.84,48188.0,19.3,0.46,2016-2017,TN,37871,Regular School,High,No
470222000732,0.08,0.68,0.88,50825.0,18.4,0.51,2016-2017,TN,37920,Regular School,High,No
470222000735,0.04,0.89,0.97,94949.0,24.6,0.13,2016-2017,TN,37922,Regular School,High,No
470222000741,0.05,0.49,0.81,57148.0,19.1,0.36,2016-2017,TN,37721,Regular School,High,No
470222000743,0.03,0.56,0.81,61012.0,20.0,0.31,2016-2017,TN,37938,Regular School,High,No
470222000748,0.05,0.57,0.73,66424.0,20.1,0.33,2016-2017,TN,37931,Regular School,High,No
470222000755,0.13,0.59,0.66,51801.0,18.9,0.37,2016-2017,TN,37849,Regular School,High,No
470222000767,0.11,0.45,0.17,22116.0,14.8,0.84,2016-2017,TN,37914,Regular School,High,No
470222000769,0.02,0.67,0.78,44018.0,23.1,0.22,2016-2017,TN,37919,Regular School,High,No
470222000775,0.07,0.62,0.81,50385.0,19.6,0.51,2016-2017,TN,37918,Regular School,High,No
470222000783,0.08,0.51,0.67,19360.0,16.7,0.71,2016-2017,TN,37917,Regular School,High,No
470222000822,0.07,0.92,0.94,80417.0,21.2,0.43,2016-2017,TN,37919,Regular School,High,No
470222002151,0.05,0.71,0.8,75714.0,22.7,0.23,2016-2017,TN,37932,Regular School,High,No
470222002269,0.07,0.71,0.78,35313.0,23.3,0.23,2016-2017,TN,37902,Regular School,High,No
470228000826,0.16,0.26,0.28,29440.0,16.4,0.67,2016-2017,TN,38079,Regular School,High,No
470231000834,0.08,0.42,0.61,43063.0,17.8,0.54,2016-2017,TN,38040,Regular School,High,No
470231000838,0.16,0.44,0.27,26815.0,17.6,0.68,2016-2017,TN,38063,Regular School,High,No
470234000847,0.18,0.43,0.56,22318.0,19.0,0.42,2016-2017,TN,38464,Regular School,High,No
470234000853,0.08,0.41,0.73,41295.0,19.3,0.39,2016-2017,TN,38469,Regular School,High,No
470234000859,0.05,0.45,0.82,51321.0,19.6,0.37,2016-2017,TN,38483,Regular School,High,No
470240000868,0.22,0.37,0.38,31014.0,18.9,0.39,2016-2017,TN,37771,Regular School,High,No
470243000874,0.11,0.41,0.63,36029.0,18.5,0.44,2016-2017,TN,38462,Regular School,High,No
470249001849,0.06,0.51,0.71,42159.0,19.6,0.34,2016-2017,TN,37334,Regular School,High,No
470252000900,0.08,0.43,0.87,44262.0,18.5,0.51,2016-2017,TN,37774,Regular School,High,No
470255000839,0.06,0.34,0.49,31270.0,18.4,0.47,2016-2017,TN,37083,Regular School,High,No
470258000920,0.0,0.66,0.58,65559.0,15.8,0.68,2016-2017,TN,38305,Regular School,High,No
470258000925,0.09,0.48,0.51,36238.0,17.2,0.58,2016-2017,TN,38301,Regular School,High,No
470258002032,0.05,0.56,0.57,51295.0,16.6,0.6,2016-2017,TN,38305,Regular School,High,No
470258002033,0.12,0.54,0.48,23750.0,24.4,0.22,2016-2017,TN,38301,Regular School,High,No
470264000936,0.09,0.49,0.55,34639.0,18.7,0.63,2016-2017,TN,37347,Regular School,High,No
470264000941,0.09,0.49,0.55,34639.0,19.2,0.55,2016-2017,TN,37380,Regular School,High,No
470264000944,0.09,0.28,0.61,34542.0,18.2,0.6,2016-2017,TN,37397,Regular School,High,No
470267000948,0.09,0.41,0.81,44038.0,19.6,0.36,2016-2017,TN,37047,Regular School,High,No
470267000950,0.1,0.51,0.82,52466.0,18.9,0.28,2016-2017,TN,37034,Regular School,High,No
470267000953,0.17,0.29,0.41,24441.0,18.6,0.49,2016-2017,TN,37091,Regular School,High,No
470270000958,0.07,0.58,0.5,28409.0,23.0,0.24,2016-2017,TN,37803,Regular School,High,No
470276000964,0.15,0.53,0.61,33904.0,19.1,0.46,2016-2017,TN,38401,Regular School,High,No
470276000974,0.06,0.42,0.79,44583.0,18.3,0.56,2016-2017,TN,38474,Regular School,High,No
470276000981,0.05,0.57,0.72,56814.0,18.7,0.31,2016-2017,TN,38401,Regular School,High,No
470279000984,0.07,0.66,0.72,42417.0,20.1,0.45,2016-2017,TN,38201,Regular School,High,No
470282000987,0.1,0.36,0.75,31379.0,18.9,0.37,2016-2017,TN,37329,Regular School,High,No
470282000993,0.16,0.31,0.4,22200.0,18.9,0.47,2016-2017,TN,37303,Regular School,High,No
470288000998,0.22,0.34,0.86,37955.0,18.7,0.43,2016-2017,TN,38310,Regular School,High,No
470288001000,0.13,0.46,0.65,32266.0,18.5,0.51,2016-2017,TN,38375,Regular School,High,No
470291001009,0.12,0.39,0.68,31602.0,19.2,0.46,2016-2017,TN,37322,Regular School,High,No
470297001189,0.15,0.47,0.74,36327.0,20.6,0.43,2016-2017,TN,38358,Regular School,High,No
470300000409,0.2,0.43,0.65,34620.0,18.2,0.46,2016-2017,TN,37354,Regular School,High,No
470300001199,0.14,0.39,0.55,32836.0,17.5,0.54,2016-2017,TN,37874,Regular School,High,No
470300001201,0.12,0.35,0.72,42092.0,17.8,0.54,2016-2017,TN,37385,Regular School,High,No
470303000850,0.16,0.62,0.43,53810.0,18.6,0.48,2016-2017,TN,37042,Regular School,High,No
470303001209,0.06,0.43,0.76,55195.0,19.2,0.35,2016-2017,TN,37052,Regular School,High,No
470303001210,0.08,0.56,0.6,43000.0,20.3,0.24,2016-2017,TN,37043,Regular School,High,No
470303001219,0.2,0.68,0.57,46776.0,18.1,0.44,2016-2017,TN,37042,Regular School,High,No
470303001477,0.06,0.65,0.71,51603.0,21.3,0.23,2016-2017,TN,37043,Regular School,High,No
470303001855,0.16,0.66,0.74,55087.0,18.6,0.32,2016-2017,TN,37040,Regular School,High,No
470303002153,0.19,0.66,0.68,50500.0,18.8,0.27,2016-2017,TN,37042,Regular School,High,No
470306001224,0.16,0.57,0.58,38694.0,18.5,0.42,2016-2017,TN,37352,Regular School,High,No
470309001227,0.15,0.26,0.69,34276.0,17.7,0.42,2016-2017,TN,37887,Regular School,High,No
470318000592,0.09,0.61,0.16,27242.0,17.7,0.58,2016-2017,TN,37206,Regular School,High,No
470318001257,0.07,0.79,0.53,62470.0,17.6,0.65,2016-2017,TN,37013,Regular School,High,No
470318001299,0.07,0.57,0.57,40282.0,17.0,0.75,2016-2017,TN,37211,Regular School,High,No
470318001318,0.04,0.9,0.88,84481.0,19.7,0.46,2016-2017,TN,37215,Regular School,High,No
470318001319,0.01,0.91,1.0,105000.0,19.0,0.51,2016-2017,TN,37205,Regular School,High,No
470318001320,0.06,0.7,0.17,51900.0,27.4,0.16,2016-2017,TN,37203,Regular School,High,No
470318001327,0.04,0.93,0.95,100764.0,18.0,0.66,2016-2017,TN,37220,Regular School,High,No
470318001337,0.14,0.37,0.19,26069.0,16.0,0.8,2016-2017,TN,37216,Regular School,High,No
470318001342,0.07,0.63,0.6,51992.0,18.4,0.57,2016-2017,TN,37214,Regular School,High,No
470318001386,0.08,0.62,0.72,46794.0,15.2,0.76,2016-2017,TN,37189,Regular School,High,No
470318001815,0.15,0.45,0.45,15683.0,20.4,0.28,2016-2017,TN,37210,Regular School,High,No
470318001924,0.14,0.56,0.18,30222.0,15.6,0.78,2016-2017,TN,37208,Regular School,High,No
470318001961,0.09,0.56,0.51,48875.0,16.4,0.73,2016-2017,TN,37207,Regular School,High,No
470318001962,0.25,0.44,0.04,16563.0,26.8,0.21,2016-2017,TN,37203,Regular School,High,No
470318002122,0.16,0.34,0.23,21042.0,17.3,0.7,2016-2017,TN,37210,Regular School,High,Yes
470318002136,0.05,0.61,0.27,37670.0,17.8,0.49,2016-2017,TN,37209,Regular School,High,No
470318002142,0.07,0.79,0.53,62470.0,17.0,0.66,2016-2017,TN,37013,Regular School,High,No
470324001396,0.1,0.45,0.48,36944.0,23.1,0.3,2016-2017,TN,37830,Regular School,High,No
470327001406,0.12,0.36,0.75,38295.0,19.2,0.44,2016-2017,TN,38260,Regular School,High,No
470330001413,0.14,0.31,0.76,27778.0,19.4,0.43,2016-2017,TN,37841,Regular School,High,No
470333001419,0.08,0.34,0.78,35456.0,18.9,0.48,2016-2017,TN,38570,Regular School,High,No
470339001348,0.13,0.37,0.73,31532.0,18.0,0.49,2016-2017,TN,37096,Regular School,High,No
470342001437,0.04,0.42,0.82,35510.0,19.7,0.45,2016-2017,TN,38549,Regular School,High,No
470345001440,0.15,0.42,0.68,33729.0,17.6,0.62,2016-2017,TN,37317,Regular School,High,No
470345001900,0.08,0.39,0.66,42008.0,18.0,0.47,2016-2017,TN,37307,Regular School,High,No
470348001454,0.12,0.34,0.6,30617.0,17.6,0.5283807210457451,2016-2017,TN,38574,Regular School,High,No
470348001457,0.08,0.53,0.65,43500.0,20.2,0.35,2016-2017,TN,38501,Regular School,High,No
470348001903,0.11,0.38,0.68,31300.0,19.0,0.43,2016-2017,TN,38544,Regular School,High,No
470351001467,0.1,0.35,0.62,50464.0,18.6,0.51,2016-2017,TN,37332,Regular School,High,No
470359000567,0.14,0.41,0.57,31506.0,18.5,0.54,2016-2017,TN,37748,Regular School,High,No
470359001482,0.12,0.45,0.78,44269.0,19.2,0.45,2016-2017,TN,37763,Regular School,High,No
470359001484,0.07,0.79,0.72,83846.0,18.3,0.45,2016-2017,TN,37840,Regular School,High,No
470359001486,0.06,0.6,0.64,46753.0,19.8,0.31,2016-2017,TN,37763,Regular School,High,No
470359001489,0.13,0.3,0.57,23385.0,18.5,0.49,2016-2017,TN,37854,Regular School,High,No
470360001497,0.13,0.58,0.85,70542.0,19.8,0.28,2016-2017,TN,37073,Regular School,High,No
470360001503,0.12,0.31,0.47,36964.0,18.8,0.52,2016-2017,TN,37172,Regular School,High,No
470360001507,0.08,0.63,0.92,59085.0,20.1,0.23,2016-2017,TN,37188,Regular School,High,No
470369001354,0.06,0.82,0.71,66343.0,21.0,0.21,2016-2017,TN,37128,Regular School,High,No
470369001523,0.08,0.69,0.7,46789.0,19.0,0.38,2016-2017,TN,37130,Regular School,High,No
470369001524,0.13,0.42,0.28,29088.0,19.3,0.26,2016-2017,TN,37128,Regular School,High,No
470369001987,0.03,0.6,0.49,42028.0,17.4,0.51,2016-2017,TN,37086,Regular School,High,No
470369001988,0.04,0.67,0.23,32917.0,19.0,0.41,2016-2017,TN,37167,Regular School,High,No
470369002038,0.07,0.86,0.91,100977.0,20.7,0.25,2016-2017,TN,37129,Regular School,High,No
470372001539,0.14,0.31,0.76,27778.0,16.8,0.69,2016-2017,TN,37756,Regular School,High,No
470375001544,0.13,0.46,0.75,39683.0,19.4,0.53,2016-2017,TN,37327,Regular School,High,No
470378001133,0.1,0.42,0.57,26458.0,20.0,0.49,2016-2017,TN,37863,Regular School,High,No
470378001549,0.04,0.51,0.6,36318.0,23.9,0.41,2016-2017,TN,37738,Regular School,High,No
470378001557,0.03,0.55,0.66,42911.0,19.0,0.36759741228036713,2016-2017,TN,37862,Regular School,High,No
470378001562,0.06,0.53,0.81,50935.0,20.5,0.3,2016-2017,TN,37865,Regular School,High,No
470387001604,0.13,0.38,0.59,34408.0,18.7,0.4,2016-2017,TN,37030,Regular School,High,No
470387002047,0.06,0.35,0.78,49954.0,18.1,0.34,2016-2017,TN,38563,Regular School,High,No
470396001612,0.16,0.42,0.72,37614.0,19.4,0.37,2016-2017,TN,37058,Regular School,High,No
470399001624,0.06,0.75,0.78,57425.0,19.3,0.35,2016-2017,TN,37617,Regular School,High,No
470399001630,0.07,0.49,0.72,41224.0,18.8,0.46,2016-2017,TN,37618,Regular School,High,No
470399001862,0.16,0.62,0.66,48665.0,20.8,0.51,2016-2017,TN,37660,Regular School,High,No
470399001863,0.07,0.67,0.65,45278.0,21.4,0.29,2016-2017,TN,37664,Regular School,High,No
470402001659,0.1,0.47,0.43,42849.0,19.0,0.51,2016-2017,TN,37066,Regular School,High,No
470402001662,0.03,0.74,0.9,65943.0,21.3,0.21,2016-2017,TN,37075,Regular School,High,No
470402001683,0.16,0.42,0.58,45100.0,20.4,0.41,2016-2017,TN,37186,Regular School,High,No
470402001684,0.07,0.58,0.81,79102.0,19.5,0.28,2016-2017,TN,37188,Regular School,High,No
470402001891,0.01,0.78,0.74,90481.0,20.4,0.17,2016-2017,TN,37075,Regular School,High,No
470402001943,0.11,0.79,0.98,103469.0,20.8,0.19,2016-2017,TN,37066,Regular School,High,No
470408000505,0.08,0.53,0.7,57167.0,20.4,0.33,2016-2017,TN,38011,Regular School,High,No
470408001692,0.29,0.29,0.19,23493.0,18.8,0.64,2016-2017,TN,38019,Regular School,High,No
470408001700,0.1,0.69,0.8,82772.0,19.6,0.35,2016-2017,TN,38058,Regular School,High,No
470410001703,0.12,0.48,0.66,30161.0,18.6,0.47,2016-2017,TN,38382,Regular School,High,No
470417001709,0.13,0.42,0.58,28971.0,20.8,0.44,2016-2017,TN,37074,Regular School,High,No
470420001715,0.1,0.58,0.63,37073.0,22.4,0.34,2016-2017,TN,37388,Regular School,High,No
470423001723,0.15,0.34,0.87,29716.0,18.1,0.47,2016-2017,TN,37650,Regular School,High,No
470426001729,0.13,0.55,0.46,51660.0,21.1,0.43,2016-2017,TN,38261,Regular School,High,No
470429000870,0.14,0.24,0.57,24656.0,17.4,0.51,2016-2017,TN,37807,Regular School,High,No
470435001749,0.07,0.52,0.6,40179.0,18.5,0.47,2016-2017,TN,37110,Regular School,High,No
470438001756,0.05,0.66,0.78,44893.0,20.0,0.28,2016-2017,TN,37615,Regular School,High,No
470438001757,0.04,0.58,0.75,43919.0,19.6,0.4,2016-2017,TN,37659,Regular School,High,No
470444001768,0.13,0.41,0.73,38250.0,18.7,0.42,2016-2017,TN,38450,Regular School,High,No
470444001773,0.17,0.39,0.64,26601.0,18.1,0.47,2016-2017,TN,38485,Regular School,High,No
470447001778,0.06,0.38,0.73,34901.0,19.0,0.51,2016-2017,TN,38225,Regular School,High,No
470447001790,0.13,0.63,0.27,31168.0,20.3,0.38,2016-2017,TN,38237,Regular School,High,No
470449001913,0.13,0.36,0.79,37411.0,18.9,0.55,2016-2017,TN,38220,Regular School,High,No
470450001798,0.13,0.5,0.84,37019.0,18.7,0.46,2016-2017,TN,38583,Regular School,High,No
470453000511,0.04,0.81,0.96,80429.0,22.8,0.2,2016-2017,TN,37067,Regular School,High,No
470453001804,0.05,0.62,0.67,59038.0,21.6,0.39,2016-2017,TN,37062,Regular School,High,No
470453001805,0.06,0.86,0.82,94625.0,24.6,0.05,2016-2017,TN,37064,Regular School,High,No
470453001806,0.05,0.75,0.83,82241.0,23.1,0.07,2016-2017,TN,37064,Regular School,High,No
470453001894,0.03,0.92,0.9,108500.0,25.6,0.03,2016-2017,TN,37027,Regular School,High,No
470453001946,0.04,0.91,0.97,174676.0,25.3,0.03,2016-2017,TN,37027,Regular School,High,No
470453002096,0.05,0.88,0.91,112333.0,22.4,0.11,2016-2017,TN,37179,Regular School,High,No
470453002275,0.04,0.78,0.75,80611.0,22.3,0.12,2016-2017,TN,37174,Regular School,High,No
470455001641,0.07,0.7,0.8,66935.0,20.3,0.18,2016-2017,TN,37090,Regular School,High,No
470455001819,0.09,0.28,0.62,37083.0,18.7,0.35,2016-2017,TN,37087,Regular School,High,No
470455001820,0.06,0.73,0.73,74621.0,21.3,0.14,2016-2017,TN,37122,Regular School,High,No
470455001825,0.07,0.45,0.7,44523.0,18.7,0.38,2016-2017,TN,37184,Regular School,High,No
480000801508,0.05,0.86,0.94,121406.0,24.57,0.07,2016-2017,TX,78620,Regular School,High,No
480000906198,0.05,0.81,0.85,76073.0,23.5,0.19,2016-2017,TX,78676,Regular School,High,No
480001005244,0.03,0.85,0.8,76141.0,21.57,0.32,2016-2017,TX,78610,Regular School,High,No
480001009624,0.03,0.63,0.74,72462.0,19.44,0.48,2016-2017,TX,78640,Regular School,High,No
480001100128,0.11,0.4,0.82,57037.0,19.27,0.39,2016-2017,TX,76009,Regular School,High,No
480002207905,0.14,0.19,0.6,29784.0,16.59,0.86,2016-2017,TX,77017,Regular School,High,Yes
480003012221,0.14,0.45,0.54,43271.0,25.48,0.06,2016-2017,TX,75039,Regular School,High,Yes
480004211302,0.26,0.46,0.53,19442.0,21.69,0.38,2016-2017,TX,76704,Regular School,High,Yes
480005412145,0.14,0.53,0.48,24000.0,21.76,0.78,2016-2017,TX,77099,Regular School,High,Yes
480013208279,0.05,0.81,0.85,76073.0,21.57,0.46,2016-2017,TX,78676,Alternative School,High,Yes
480016312093,0.11,0.5,0.27,29948.0,23.47,0.01,2016-2017,TX,75057,Regular School,High,Yes
480021008804,0.12,0.2,0.36,23690.0,22.13,0.61,2016-2017,TX,77099,Regular School,High,Yes
480023109030,0.04,0.94,0.76,103819.0,22.79,0.11,2016-2017,TX,76109,Regular School,High,Yes
480025712354,0.03,0.73,0.61,46641.0,18.98,0.69,2016-2017,TX,78204,Regular School,High,Yes
480026411782,0.12,0.31,0.71,39424.0,19.27,0.86,2016-2017,TX,78754,Regular School,High,Yes
480027111189,0.08,0.58,0.44,33596.0,23.33,0.14,2016-2017,TX,75243,Regular School,High,Yes
480027412494,0.1,0.29,0.51,41071.0,23.64,0.32,2016-2017,TX,77038,Regular School,High,Yes
480141212313,0.03,0.59,0.43,39854.0,19.3,0.3,2016-2017,TX,78205,Regular School,High,Yes
480735000001,0.09,0.76,0.64,24266.0,24.28,0.26,2016-2017,TX,77840,Regular School,High,No
480741000008,0.06,0.43,0.75,50078.0,18.98,0.36,2016-2017,TX,79311,Regular School,High,No
480744000010,0.09,0.35,0.66,31894.0,20.23,0.46,2016-2017,TX,79603,Regular School,High,No
480744000016,0.04,0.65,0.73,47830.0,20.4,0.4,2016-2017,TX,79605,Regular School,High,No
480744012452,0.09,0.6,0.71,25571.0,21.62,0.39,2016-2017,TX,79601,Regular School,High,No
480747000040,0.06,0.58,0.71,59107.0,21.98,0.17,2016-2017,TX,76554,Regular School,High,No
480759000045,0.07,0.94,0.65,110086.0,23.91,0.12,2016-2017,TX,78209,Regular School,High,No
480768000054,0.05,0.6,0.74,50857.0,20.93,0.24,2016-2017,TX,76430,Regular School,High,No
480771000056,0.15,0.6,0.68,47607.0,18.88,0.62,2016-2017,TX,77088,Regular School,High,No
480771000057,0.11,0.09,0.44,30234.0,17.59,0.76,2016-2017,TX,77037,Regular School,High,No
480771000063,0.1,0.48,0.71,51492.0,17.91,0.62,2016-2017,TX,77073,Regular School,High,No
480771000066,0.09,0.6,0.43,51435.0,16.86,0.67,2016-2017,TX,77088,Regular School,High,No
480771000076,0.07,0.17,0.65,28511.0,18.17,0.8,2016-2017,TX,77039,Regular School,High,No
480771011879,0.15,0.6,0.68,47607.0,21.62,0.6,2016-2017,TX,77088,Regular School,High,No
480778000089,0.08,0.77,0.81,87170.0,23.4,0.06,2016-2017,TX,76008,Regular School,High,No
480780000092,0.02,0.52,0.77,54447.0,20.23,0.49,2016-2017,TX,78332,Regular School,High,No
480783000103,0.18,0.34,0.51,31909.0,17.2,0.71,2016-2017,TX,77072,Regular School,High,No
480783000104,0.18,0.34,0.51,31909.0,17.78,0.69,2016-2017,TX,77072,Regular School,High,No
480783008598,0.12,0.56,0.72,39779.0,18.03,0.64,2016-2017,TX,77083,Regular School,High,No
480783012389,0.14,0.73,0.53,30664.0,19.62,0.67,2016-2017,TX,77082,Regular School,High,No
480789000117,0.09,0.79,0.82,77860.0,23.89,0.11,2016-2017,TX,75002,Regular School,High,No
480795000124,0.03,0.78,0.93,44659.0,19.71,0.27,2016-2017,TX,79830,Regular School,High,No
480798000127,0.08,0.49,0.5,29717.0,16.95,0.6,2016-2017,TX,75925,Regular School,High,No
480810000141,0.1,0.5,0.67,61750.0,21.57,0.14,2016-2017,TX,76225,Regular School,High,No
480813000142,0.02,0.88,0.59,62591.0,23.11,0.17,2016-2017,TX,79109,Regular School,High,No
480813000181,0.03,0.54,0.7,42817.0,22.03,0.41,2016-2017,TX,79102,Regular School,High,No
480819000190,0.12,0.46,0.45,42568.0,18.79,0.36,2016-2017,TX,77514,Regular School,High,No
480828000194,0.04,0.44,0.85,80278.0,20.4,0.23,2016-2017,TX,79714,Regular School,High,No
480831000200,0.05,0.45,0.5,53028.0,20.01,0.42,2016-2017,TX,77515,Regular School,High,No
480834000207,0.04,0.66,0.75,73419.0,20.76,0.31,2016-2017,TX,75409,Regular School,High,No
480843000212,0.12,0.45,0.44,28600.0,22.69,0.99,2016-2017,TX,79821,Regular School,High,No
480855000222,0.0,0.84,0.83,75341.0,20.54,0.4,2016-2017,TX,78382,Regular School,High,No
480858000224,0.07,0.46,0.66,44490.0,19.57,0.51,2016-2017,TX,78336,Regular School,High,No
480867008769,0.04,0.77,0.91,102090.0,23.03,0.07,2016-2017,TX,76226,Regular School,High,No
480870000232,0.11,0.64,0.62,23472.0,21.64,0.47,2016-2017,TX,76013,Regular School,High,No
480870000249,0.14,0.48,0.48,48198.0,17.91,0.81,2016-2017,TX,76014,Regular School,High,No
480870000253,0.03,0.88,0.87,86071.0,21.59,0.5,2016-2017,TX,76012,Regular School,High,No
480870005643,0.06,0.8,0.78,97576.0,23.01,0.2,2016-2017,TX,76016,Regular School,High,No
480870009374,0.06,0.74,0.73,76823.0,18.98,0.48,2016-2017,TX,76002,Regular School,High,No
480870021493,0.06,0.6,0.76,80239.0,19.66,0.5,2016-2017,TX,76018,Regular School,High,No
480887000277,0.04,0.55,0.57,34826.0,20.37,0.56,2016-2017,TX,75751,Regular School,High,No
480888000284,0.17,0.48,0.52,34020.0,23.79,0.43,2016-2017,TX,75551,Regular School,High,No
480891000288,0.07,0.6,0.8,64457.0,21.45,0.18,2016-2017,TX,76227,Regular School,High,No
480894000292,0.05,0.93,0.73,75938.0,24.13,0.22,2016-2017,TX,78759,Regular School,High,No
480894000294,0.05,0.97,0.64,65206.0,23.57,0.27,2016-2017,TX,78703,Regular School,High,No
480894000310,0.11,0.56,0.6,50353.0,18.08,0.6,2016-2017,TX,78745,Regular School,High,No
480894000327,0.06,0.36,0.43,31208.0,16.54,0.81,2016-2017,TX,78758,Regular School,High,No
480894000333,0.06,0.82,0.59,53274.0,24.28,0.3,2016-2017,TX,78756,Regular School,High,No
480894000350,0.03,0.33,0.55,35701.0,16.27,0.83,2016-2017,TX,78752,Regular School,High,No
480894000360,0.07,0.72,0.28,39260.0,17.3,0.8,2016-2017,TX,78704,Regular School,High,No
480894006508,0.05,0.88,0.64,77175.0,23.79,0.1,2016-2017,TX,78749,Regular School,High,No
480894008937,0.06,0.78,0.59,62872.0,18.71,0.58,2016-2017,TX,78748,Regular School,High,No
480894011844,0.06,0.36,0.56,36996.0,16.93,0.78,2016-2017,TX,78724,Regular School,High,No
480894011930,0.06,0.36,0.56,36996.0,29.43,0.12,2016-2017,TX,78724,Regular School,High,No
480894012013,0.19,0.35,0.46,38532.0,17.98,0.83,2016-2017,TX,78721,Regular School,High,No
480920000382,0.04,0.67,0.5,58657.0,20.42,0.31,2016-2017,TX,76020,Regular School,High,No
480936000395,0.06,0.59,0.97,47429.0,21.67,0.32,2016-2017,TX,78003,Regular School,High,No
480941000400,0.05,0.58,0.66,54530.0,20.45,0.52,2016-2017,TX,78339,Regular School,High,No
480945000403,0.08,0.6,0.68,79872.0,21.3,0.1,2016-2017,TX,77580,Regular School,High,No
480957000409,0.09,0.62,0.72,50366.0,19.69,0.42,2016-2017,TX,78602,Regular School,High,No
480957012272,0.12,0.64,0.79,63814.0,20.13,0.54,2016-2017,TX,78612,Regular School,High,No
480963000412,0.06,0.51,0.67,51667.0,20.52,0.53,2016-2017,TX,77414,Regular School,High,No
480967004637,0.14,0.52,0.63,33696.0,15.95,0.72,2016-2017,TX,77702,Regular School,High,No
480967005951,0.07,0.81,0.46,55022.0,20.23,0.36,2016-2017,TX,77706,Regular School,High,No
480967007664,0.19,0.42,0.26,19229.0,16.9,0.7,2016-2017,TX,77705,Regular School,High,No
480972000442,0.08,0.64,0.61,42027.0,20.35,0.48,2016-2017,TX,78102,Regular School,High,No
480978000448,0.06,0.56,0.71,51000.0,19.4,0.25,2016-2017,TX,75414,Regular School,High,No
480981000449,0.08,0.58,0.58,47216.0,21.54,0.31,2016-2017,TX,77418,Regular School,High,No
480986000454,0.05,0.76,0.73,63716.0,21.72,0.34,2016-2017,TX,76513,Regular School,High,No
480987000461,0.12,0.41,0.69,43736.0,19.15,0.67,2016-2017,TX,78342,Regular School,High,No
481014000470,0.14,0.56,0.67,47452.0,19.93,0.5,2016-2017,TX,75755,Regular School,High,No
481020000474,0.05,0.47,0.36,38527.0,23.38,0.45,2016-2017,TX,79720,Regular School,High,No
481023000489,0.07,0.57,0.69,58957.0,19.47,0.53,2016-2017,TX,76137,Regular School,High,No
481023000495,0.09,0.66,0.7,60364.0,22.18,0.3,2016-2017,TX,76180,Regular School,High,No
481023008368,0.07,0.77,0.87,90982.0,21.76,0.3,2016-2017,TX,76180,Regular School,High,No
481026000507,0.12,0.41,0.69,43736.0,18.49,0.32,2016-2017,TX,78343,Regular School,High,No
481032000515,0.12,0.54,0.83,54173.0,21.96,0.35,2016-2017,TX,78606,Regular School,High,No
481047000525,0.13,0.47,0.75,42250.0,20.79,0.4,2016-2017,TX,76626,Regular School,High,No
481050000527,0.05,0.28,0.85,46591.0,17.37,0.54,2016-2017,TX,77951,Regular School,High,No
481059000531,0.11,0.56,0.89,59097.0,19.74,0.36,2016-2017,TX,75424,Regular School,High,No
481071000535,0.08,0.62,0.72,45161.0,22.89,0.16,2016-2017,TX,78006,Regular School,High,No
481071012014,0.08,0.62,0.72,45161.0,24.33,0.08,2016-2017,TX,78006,Regular School,High,No
481078000541,0.09,0.51,0.67,41019.0,19.44,0.36,2016-2017,TX,77420,Regular School,High,No
481080000545,0.16,0.29,0.37,32566.0,19.79,0.47,2016-2017,TX,75418,Regular School,High,No
481089000553,0.04,0.27,0.68,24491.0,21.08,0.3,2016-2017,TX,79007,Regular School,High,No
481099000563,0.09,0.48,0.59,38028.0,20.64,0.3,2016-2017,TX,76230,Regular School,High,No
481101000569,0.1,0.52,0.68,54799.0,19.96,0.37,2016-2017,TX,76023,Regular School,High,No
481107000572,0.15,0.45,0.66,32473.0,19.79,0.4,2016-2017,TX,78832,Regular School,High,No
481119000582,0.13,0.29,0.26,27346.0,18.74,0.59,2016-2017,TX,77541,Regular School,High,No
481119000584,0.1,0.55,0.71,58583.0,22.99,0.3,2016-2017,TX,77531,Regular School,High,No
481122000595,0.03,0.49,0.76,42732.0,21.67,0.42,2016-2017,TX,76424,Regular School,High,No
481125000601,0.16,0.53,0.73,43750.0,18.03,0.33,2016-2017,TX,76629,Regular School,High,No
481128000604,0.03,0.61,0.49,45230.0,21.86,0.33,2016-2017,TX,77833,Regular School,High,No
481131000607,0.06,0.57,0.72,59650.0,20.59,0.24,2016-2017,TX,77611,Regular School,High,No
481134000612,0.08,0.47,0.66,46186.0,21.47,0.33,2016-2017,TX,76426,Regular School,High,No
481146000621,0.05,0.7,0.9,82141.0,22.23,0.07,2016-2017,TX,76087,Regular School,High,No
481158000630,0.24,0.34,0.34,20333.0,15.61,0.81,2016-2017,TX,78355,Regular School,High,No
481161000633,0.08,0.47,0.54,40013.0,18.49,0.57,2016-2017,TX,79316,Regular School,High,No
481164000639,0.12,0.48,0.85,43438.0,20.15,0.39,2016-2017,TX,75756,Regular School,High,No
481168000641,0.1,0.62,0.47,37721.0,18.69,0.88,2016-2017,TX,78521,Regular School,High,No
481168000642,0.15,0.27,0.6,20402.0,17.66,1.0,2016-2017,TX,78521,Regular School,High,No
481168000643,0.05,0.68,0.6,41080.0,18.15,0.99,2016-2017,TX,78520,Regular School,High,No
481168003324,0.11,0.25,0.59,24896.0,16.51,0.99,2016-2017,TX,78521,Regular School,High,No
481168006517,0.14,0.22,0.54,27799.0,17.37,0.98,2016-2017,TX,78521,Regular School,High,No
481168012029,0.05,0.68,0.6,41080.0,17.56,0.93,2016-2017,TX,78520,Regular School,High,No
481168012172,0.1,0.24,0.56,17103.0,19.79,0.88,2016-2017,TX,78520,Regular School,High,No
481170000672,0.03,0.45,0.7,38750.0,20.81,0.44,2016-2017,TX,76801,Regular School,High,No
481173000679,0.07,0.54,0.66,43901.0,21.18,0.4,2016-2017,TX,76524,Regular School,High,No
481179000682,0.04,0.75,0.66,48442.0,21.13,0.56,2016-2017,TX,77802,Regular School,High,No
481179011154,0.14,0.44,0.51,36957.0,20.2,0.55,2016-2017,TX,77808,Regular School,High,No
481179011507,0.07,0.62,0.7,44474.0,21.4,0.56,2016-2017,TX,77802,Regular School,High,Yes
481199000701,0.06,0.48,0.57,44107.0,19.62,0.38,2016-2017,TX,75831,Regular School,High,No
481206000703,0.03,0.62,0.65,52174.0,20.71,0.23,2016-2017,TX,75757,Regular School,High,No
481209000705,0.1,0.4,0.63,36513.0,20.25,0.26,2016-2017,TX,77612,Regular School,High,No
481212000707,0.03,0.43,0.78,36657.0,22.4,0.31,2016-2017,TX,76354,Regular School,High,No
481218000715,0.09,0.59,0.71,63516.0,21.2,0.23,2016-2017,TX,76028,Regular School,High,No
481218012263,0.04,0.73,0.88,85215.0,20.79,0.19,2016-2017,TX,76028,Regular School,High,No
481222000723,0.06,0.48,0.42,50734.0,20.52,0.36,2016-2017,TX,78611,Regular School,High,No
481239000732,0.04,0.53,0.72,61610.0,22.4,0.23,2016-2017,TX,75135,Regular School,High,No
481242000734,0.06,0.57,0.71,66886.0,20.71,0.26,2016-2017,TX,78410,Regular School,High,No
481246000739,0.05,0.52,0.88,43105.0,21.18,0.34,2016-2017,TX,77836,Regular School,High,No
481248000741,0.07,0.59,0.62,53169.0,20.45,0.39,2016-2017,TX,77979,Regular School,High,No
481251000754,0.06,0.57,0.73,48955.0,20.79,0.32,2016-2017,TX,76240,Regular School,High,No
481264000762,0.03,0.53,0.75,53184.0,20.18,0.54,2016-2017,TX,76520,Regular School,High,No
481275000769,0.08,0.51,0.62,39509.0,21.67,0.28,2016-2017,TX,75103,Regular School,High,No
481278000772,0.04,0.51,0.66,36974.0,18.57,0.66,2016-2017,TX,79932,Regular School,High,No
481278011864,0.04,0.51,0.66,36974.0,21.11,0.47,2016-2017,TX,79932,Regular School,High,Yes
481281000774,0.01,0.77,0.58,39405.0,22.69,0.16,2016-2017,TX,79015,Regular School,High,No
481281006521,0.02,0.74,0.73,68047.0,22.42,0.16,2016-2017,TX,79118,Regular School,High,No
481299000785,0.08,0.49,0.6,41726.0,17.25,0.64,2016-2017,TX,78834,Regular School,High,No
481302000791,0.06,0.96,0.93,209342.0,25.43,0.01,2016-2017,TX,76092,Regular School,High,No
481305000803,0.02,0.54,0.66,54543.0,21.4,0.47,2016-2017,TX,75006,Regular School,High,No
481305000806,0.13,0.31,0.65,49552.0,20.15,0.58,2016-2017,TX,75006,Regular School,High,No
481305007852,0.05,0.64,0.82,72083.0,22.11,0.36,2016-2017,TX,75007,Regular School,High,No
481305009190,0.08,0.85,0.75,87847.0,20.59,0.35,2016-2017,TX,75063,Regular School,High,No
481305011190,0.04,0.67,0.42,37279.0,19.32,0.58,2016-2017,TX,75244,Regular School,High,Yes
481317000817,0.08,0.35,0.7,26474.0,18.93,0.7,2016-2017,TX,76114,Regular School,High,No
481320000821,0.11,0.52,0.72,43414.0,19.13,0.23,2016-2017,TX,75861,Regular School,High,No
481323000823,0.13,0.62,0.68,50429.0,18.44,0.48,2016-2017,TX,75104,Regular School,High,No
481323012181,0.05,0.64,0.74,53851.0,21.59,0.33,2016-2017,TX,75104,Regular School,High,Yes
481326000828,0.11,0.44,0.77,44565.0,24.04,0.28,2016-2017,TX,75423,Regular School,High,No
481329000830,0.04,0.87,0.95,120162.0,21.79,0.18,2016-2017,TX,75009,Regular School,High,No
481332000833,0.06,0.35,0.65,27568.0,19.1,0.53,2016-2017,TX,75935,Regular School,High,No
481335000837,0.05,0.54,0.76,39617.0,18.57,0.48,2016-2017,TX,78010,Regular School,High,No
481341000841,0.06,0.51,0.63,49455.0,20.67,0.29,2016-2017,TX,75833,Regular School,High,No
481350000846,0.09,0.43,0.7,44957.0,20.64,0.32,2016-2017,TX,75969,Regular School,High,No
481353000848,0.03,0.61,0.79,67321.0,21.03,0.16,2016-2017,TX,77657,Regular School,High,No
481359000851,0.1,0.49,0.82,64649.0,18.83,0.57,2016-2017,TX,77530,Regular School,High,No
481365000859,0.13,0.49,0.65,39898.0,17.98,0.52,2016-2017,TX,75707,Regular School,High,No
481368007126,0.12,0.58,0.87,47788.0,22.59,0.37,2016-2017,TX,75455,Regular School,High,No
481371000863,0.04,0.3,0.66,37617.0,16.83,0.59,2016-2017,TX,78011,Regular School,High,No
481396000881,0.08,0.63,0.85,66651.0,22.59,0.16,2016-2017,TX,76633,Regular School,High,No
481407000887,0.02,0.5,0.66,37650.0,19.74,0.4,2016-2017,TX,76437,Regular School,High,No
481413008954,0.14,0.33,0.56,30156.0,21.13,0.43,2016-2017,TX,76306,Regular School,High,No
481428000903,0.03,0.67,0.75,61750.0,22.99,0.21,2016-2017,TX,77573,Regular School,High,No
481428000906,0.06,0.98,0.85,136842.0,24.69,0.13,2016-2017,TX,77058,Regular School,High,No
481428006523,0.03,0.78,0.85,92355.0,22.33,0.21,2016-2017,TX,77546,Regular School,High,No
481428011416,0.06,0.55,0.55,46144.0,25.01,0.17,2016-2017,TX,77089,Regular School,High,Yes
481428011984,0.02,0.82,0.78,74590.0,22.01,0.13,2016-2017,TX,77573,Regular School,High,No
481428012296,0.06,0.7,0.7,106800.0,22.86,0.12,2016-2017,TX,77573,Regular School,High,No
481431000917,0.03,0.5,0.78,41116.0,20.27,0.45,2016-2017,TX,76033,Regular School,High,No
481437000925,0.12,0.42,0.53,30433.0,19.32,0.58,2016-2017,TX,77327,Regular School,High,No
481440000931,0.1,0.39,0.87,36875.0,20.74,0.41,2016-2017,TX,76634,Regular School,High,No
481443000932,0.15,0.31,0.79,24135.0,16.98,0.71,2016-2017,TX,79836,Regular School,High,No
481443006667,0.08,0.6,0.75,57792.0,16.42,0.75,2016-2017,TX,79938,Regular School,High,No
481443009224,0.13,0.27,0.69,39891.0,16.07,0.69,2016-2017,TX,79928,Regular School,High,No
481445000935,0.08,0.54,0.84,44518.0,21.18,0.22,2016-2017,TX,79510,Regular School,High,No
481452000940,0.13,0.38,0.81,40292.0,19.32,0.54,2016-2017,TX,77331,Regular School,High,No
481460000950,0.09,0.39,0.76,41295.0,20.3,0.4,2016-2017,TX,75938,Regular School,High,No
481467000958,0.07,0.6,0.81,59938.0,19.81,0.38,2016-2017,TX,77486,Regular School,High,No
481470000963,0.04,0.42,0.73,42750.0,19.59,0.36,2016-2017,TX,78934,Regular School,High,No
481473000967,0.08,0.68,0.76,61601.0,21.57,0.25,2016-2017,TX,78130,Regular School,High,No
481473000974,0.05,0.7,0.86,89449.0,21.98,0.09,2016-2017,TX,78070,Regular School,High,No
481473010533,0.12,0.68,0.78,66319.0,20.84,0.29,2016-2017,TX,78623,Regular School,High,No
481476000976,0.08,0.33,0.72,30781.0,20.54,0.48,2016-2017,TX,76442,Regular School,High,No
481479000979,0.05,0.54,0.76,39617.0,20.57,0.38,2016-2017,TX,78013,Regular School,High,No
481482000981,0.24,0.56,0.62,18114.0,21.54,0.51,2016-2017,TX,75428,Regular School,High,No
481485000987,0.06,0.55,0.76,68953.0,21.69,0.28,2016-2017,TX,75173,Regular School,High,No
481497000992,0.08,0.56,0.43,37083.0,18.98,0.56,2016-2017,TX,76705,Regular School,High,No
481500001002,0.02,0.64,0.44,36714.0,19.88,0.49,2016-2017,TX,77304,Regular School,High,No
481500001007,0.04,0.93,0.95,144833.0,24.45,0.03,2016-2017,TX,77381,Regular School,High,No
481500005679,0.06,0.66,0.75,58464.0,20.84,0.18,2016-2017,TX,77385,Regular School,High,No
481500007401,0.08,0.32,0.79,36805.0,20.05,0.51,2016-2017,TX,77306,Regular School,High,No
481500010964,0.04,0.77,0.79,72976.0,24.23,0.09,2016-2017,TX,77384,Regular School,High,No
481518001024,0.07,0.53,0.82,56793.0,21.52,0.24,2016-2017,TX,79423,Regular School,High,No
481521001028,0.02,0.88,0.9,132308.0,25.06,0.08,2016-2017,TX,75019,Regular School,High,No
481521011781,0.01,0.87,0.78,86823.0,23.03,0.07,2016-2017,TX,75019,Regular School,High,No
481524001030,0.13,0.73,0.67,50511.0,20.15,0.3,2016-2017,TX,76522,Regular School,High,No
481527001043,0.05,0.49,0.4,46250.0,19.93,0.35,2016-2017,TX,78411,Regular School,High,No
481527001064,0.06,0.5,0.64,53877.0,20.47,0.33,2016-2017,TX,78412,Regular School,High,No
481527001073,0.22,0.31,0.3,22838.0,16.59,0.69,2016-2017,TX,78408,Regular School,High,No
481527001075,0.06,0.39,0.52,31250.0,17.3,0.58,2016-2017,TX,78416,Regular School,High,No
481527001080,0.13,0.48,0.3,32795.0,20.35,0.53,2016-2017,TX,78411,Regular School,High,No
481533001102,0.09,0.64,0.49,39814.0,19.37,0.56,2016-2017,TX,75110,Regular School,High,No
481540001114,0.08,0.28,0.57,35554.0,16.1,0.77,2016-2017,TX,78014,Regular School,High,No
481551001123,0.06,0.5,0.85,68566.0,20.89,0.26,2016-2017,TX,75114,Regular School,High,No
481560001131,0.03,0.75,0.77,80533.0,21.4,0.13,2016-2017,TX,76638,Regular School,High,No
481572001137,0.14,0.35,0.4,20769.0,18.44,0.73,2016-2017,TX,75835,Regular School,High,No
481575001142,0.04,0.68,0.83,86125.0,20.96,0.32,2016-2017,TX,77532,Regular School,High,No
481584005434,0.11,0.5,0.67,38152.0,22.72,0.31,2016-2017,TX,75148,Regular School,High,No
481591001155,0.05,0.61,0.66,68828.0,18.66,0.47,2016-2017,TX,76036,Regular School,High,No
481591008040,0.05,0.68,0.58,76941.0,19.79,0.41,2016-2017,TX,76123,Regular School,High,No
481593001161,0.06,0.42,0.55,30714.0,16.78,0.72,2016-2017,TX,78839,Regular School,High,No
481596001164,0.09,0.63,0.75,62500.0,20.59,0.33,2016-2017,TX,77954,Regular School,High,No
481611001148,0.05,0.69,0.69,55513.0,21.54,0.39,2016-2017,TX,77095,Regular School,High,No
481611001182,0.02,0.82,0.84,104671.0,23.38,0.24,2016-2017,TX,77429,Regular School,High,No
481611001183,0.06,0.7,0.47,42500.0,22.4,0.36,2016-2017,TX,77070,Regular School,High,No
481611001186,0.06,0.79,0.93,101042.0,22.13,0.43,2016-2017,TX,77040,Regular School,High,No
481611005973,0.06,0.89,0.82,118429.0,22.28,0.36,2016-2017,TX,77095,Regular School,High,No
481611007623,0.07,0.53,0.73,64074.0,19.2,0.58,2016-2017,TX,77433,Regular School,High,No
481611009266,0.1,0.49,0.71,53539.0,20.54,0.53,2016-2017,TX,77041,Regular School,High,No
481611011252,0.02,0.77,0.9,105288.0,23.08,0.14,2016-2017,TX,77429,Regular School,High,No
481611011253,0.04,0.82,0.9,122500.0,22.86,0.11,2016-2017,TX,77433,Regular School,High,No
481611011254,0.08,0.54,0.78,61149.0,20.03,0.53,2016-2017,TX,77449,Regular School,High,No
481620001203,0.07,0.43,0.6,37963.0,25.5,0.31,2016-2017,TX,79022,Regular School,High,No
481623001205,0.05,0.7,0.66,63892.0,16.73,0.77,2016-2017,TX,75228,Regular School,High,No
481623001206,0.12,0.16,0.48,30862.0,15.85,0.83,2016-2017,TX,75203,Regular School,High,No
481623001225,0.16,0.36,0.36,18194.0,21.35,0.67,2016-2017,TX,75203,Regular School,High,No
481623001229,0.1,0.59,0.38,49414.0,15.83,0.81,2016-2017,TX,75232,Regular School,High,No
481623001242,0.14,0.5,0.33,21111.0,23.4,0.23,2016-2017,TX,75224,Regular School,High,No
481623001273,0.16,0.36,0.36,18194.0,22.13,0.63,2016-2017,TX,75203,Regular School,High,No
481623001277,0.07,0.9,0.8,89545.0,18.93,0.63,2016-2017,TX,75230,Regular School,High,No
481623001289,0.03,0.88,0.76,128542.0,16.54,0.88,2016-2017,TX,75229,Regular School,High,No
481623001295,0.1,0.61,0.71,52926.0,15.12,0.8,2016-2017,TX,75233,Regular School,High,No
481623001304,0.11,0.43,0.13,18421.0,15.29,0.82,2016-2017,TX,75215,Regular School,High,No
481623001311,0.12,0.37,0.29,19733.0,15.34,0.85,2016-2017,TX,75215,Regular School,High,No
481623001324,0.01,0.96,0.43,98140.0,17.15,0.83,2016-2017,TX,75204,Regular School,High,No
481623001331,0.23,0.46,0.28,15947.0,15.93,0.82,2016-2017,TX,75212,Regular School,High,No
481623001343,0.36,0.29,0.21,19469.0,15.66,0.88,2016-2017,TX,75203,Regular School,High,No
481623001352,0.04,0.21,0.65,34249.0,17.44,0.78,2016-2017,TX,75253,Regular School,High,No
481623001357,0.13,0.44,0.61,34476.0,17.83,0.79,2016-2017,TX,75227,Regular School,High,No
481623001358,0.15,0.43,0.46,27948.0,14.07,0.84,2016-2017,TX,75216,Regular School,High,No
481623001360,0.14,0.23,0.6,39618.0,17.39,0.83,2016-2017,TX,75217,Regular School,High,No
481623001367,0.08,0.34,0.49,56625.0,16.39,0.79,2016-2017,TX,75208,Regular School,High,No
481623001379,0.06,0.23,0.63,39572.0,15.46,0.87,2016-2017,TX,75217,Regular School,High,No
481623001383,0.07,0.91,0.87,108472.0,18.22,0.6,2016-2017,TX,75244,Regular School,High,No
481623001387,0.05,0.93,0.65,51014.0,19.27,0.57,2016-2017,TX,75214,Regular School,High,No
481623003641,0.16,0.36,0.36,18194.0,26.31,0.49,2016-2017,TX,75203,Regular School,High,No
481623005441,0.16,0.36,0.36,18194.0,19.66,0.66,2016-2017,TX,75203,Regular School,High,No
481623005444,0.16,0.36,0.36,18194.0,21.89,0.67,2016-2017,TX,75203,Regular School,High,No
481623005865,0.16,0.36,0.36,18194.0,28.41,0.15,2016-2017,TX,75203,Regular School,High,No
481623006532,0.04,0.84,0.0,69583.0,20.45,0.64,2016-2017,TX,75202,Regular School,High,No
481623007565,0.08,0.23,0.47,35275.0,16.78,0.82,2016-2017,TX,75211,Regular School,High,No
481623010560,0.16,0.29,0.62,27757.0,15.9,0.86,2016-2017,TX,75231,Regular School,High,No
481623010561,0.12,0.37,0.29,19733.0,22.77,0.71,2016-2017,TX,75210,Regular School,High,No
481623011197,0.11,0.37,0.52,34007.0,19.27,0.71,2016-2017,TX,75211,Regular School,High,No
481623012028,0.1,0.49,0.28,34589.0,17.86,0.77,2016-2017,TX,75241,Regular School,High,No
481623012551,0.11,0.34,0.77,37113.0,15.1,0.85,2016-2017,TX,75241,Regular School,High,No
481629001393,0.05,0.56,0.65,63338.0,20.69,0.13,2016-2017,TX,77534,Regular School,High,No
481641001402,0.09,0.4,0.72,56463.0,19.84,0.43,2016-2017,TX,77535,Regular School,High,No
481644001405,0.06,0.53,0.84,36375.0,20.69,0.44,2016-2017,TX,76444,Regular School,High,No
481650001407,0.08,0.57,0.75,47520.0,21.47,0.26,2016-2017,TX,76234,Regular School,High,No
481653001415,0.05,0.66,0.54,76549.0,21.18,0.29,2016-2017,TX,77536,Regular School,High,No
481662001424,0.3,0.2,0.25400075745574524,2538.6927282543547,18.05,0.7,2016-2017,TX,78617,Regular School,High,No
481671001433,0.1,0.4,0.45,31268.0,21.57,0.43,2016-2017,TX,75020,Regular School,High,No
481674000657,0.07,0.72,0.62,46786.0,21.37,0.36,2016-2017,TX,76201,Regular School,High,No
481674006976,0.05,0.68,0.68,61688.0,20.45,0.41,2016-2017,TX,76208,Regular School,High,No
481674010607,0.09,0.72,0.73,74149.0,22.13,0.18,2016-2017,TX,76210,Regular School,High,No
481686001459,0.09,0.77,0.74,86893.0,17.71,0.44,2016-2017,TX,75115,Regular School,High,No
481695001469,0.08,0.51,0.49,46738.0,18.44,0.37,2016-2017,TX,78016,Regular School,High,No
481704001475,0.1,0.42,0.63,42927.0,20.64,0.63,2016-2017,TX,75941,Regular School,High,No
481707001477,0.07,0.39,0.71,43108.0,19.93,0.47,2016-2017,TX,77539,Regular School,High,No
481710001483,0.09,0.28,0.78,38938.0,21.72,0.63,2016-2017,TX,78017,Regular School,High,No
481739001497,0.09,0.41,0.54,26250.0,19.0,0.94,2016-2017,TX,78537,Regular School,High,No
481758001512,0.03,0.38,0.56,42666.0,20.37,0.54,2016-2017,TX,76446,Regular School,High,No
481764001524,0.09,0.66,0.96,72500.0,19.52,0.56,2016-2017,TX,75116,Regular School,High,No
481770001531,0.06,0.64,0.81,69313.0,21.62,0.22,2016-2017,TX,76179,Regular School,High,No
481770011031,0.04,0.67,0.77,65611.0,20.47,0.3,2016-2017,TX,76131,Regular School,High,No
481773001538,0.04,0.61,0.64,56133.0,18.93,0.62,2016-2017,TX,78852,Regular School,High,No
481773007986,0.1,0.51,0.65,33051.0,17.64,0.68,2016-2017,TX,78852,Regular School,High,No
481776001549,0.05,0.99,0.87,154483.0,26.53,0.02,2016-2017,TX,78746,Regular School,High,No
481779001551,0.02,0.48,0.75,47194.0,21.52,0.26,2016-2017,TX,76802,Regular School,High,No
481783001553,0.04,0.36,0.68,41149.0,21.2,0.22,2016-2017,TX,77435,Regular School,High,No
481785001554,0.11,0.44,0.66,56711.0,18.98,0.47,2016-2017,TX,78263,Regular School,High,No
481788001561,0.09,0.31,0.74,44327.0,19.0,0.41,2016-2017,TX,77665,Regular School,High,No
481796001563,0.04,0.47,0.6,36981.0,19.86,0.21,2016-2017,TX,76448,Regular School,High,No
481800001587,0.05,0.33,0.71,40121.0,20.69,0.31,2016-2017,TX,79763,Regular School,High,No
481800001589,0.0,0.61,0.74,65000.0,19.57,0.22,2016-2017,TX,79762,Regular School,High,No
481806001602,0.25,0.25,0.39,18575.0,16.78,0.98,2016-2017,TX,78543,Regular School,High,No
481815001624,0.17,0.29,0.41,21812.0,16.32,0.99,2016-2017,TX,78226,Regular School,High,No
481815001628,0.08,0.27,0.42,28145.0,16.68,0.98,2016-2017,TX,78228,Regular School,High,No
481818001637,0.08,0.56,0.71,42309.0,20.69,0.88,2016-2017,TX,78539,Regular School,High,No
481818008843,0.11,0.34,0.66,33172.0,18.74,0.93,2016-2017,TX,78539,Regular School,High,No
481818012159,0.09,0.57,0.66,52277.0,18.0,0.7,2016-2017,TX,78539,Regular School,High,No
481818021343,0.08,0.6,0.78,32917.0,19.62,0.86,2016-2017,TX,78539,Regular School,High,No
481821001651,0.01,0.57,0.64,54405.0,21.57,0.41,2016-2017,TX,77957,Regular School,High,No
481828001654,0.14,0.31,0.44,40129.0,19.86,0.44,2016-2017,TX,77437,Regular School,High,No
481830001661,0.08,0.44,0.55,31935.0,17.98,0.52,2016-2017,TX,79924,Regular School,High,No
481830001663,0.11,0.39,0.54,28625.0,19.84,0.72,2016-2017,TX,79930,Regular School,High,No
481830001668,0.13,0.25,0.35,16195.0,18.71,0.9,2016-2017,TX,79905,Regular School,High,No
481830001669,0.11,0.52,0.71,43710.0,19.49,0.58,2016-2017,TX,79925,Regular School,High,No
481830001678,0.07,0.77,0.77,48261.0,21.25,0.35,2016-2017,TX,79912,Regular School,High,No
481830001683,0.1,0.42,0.39,16239.0,22.62,0.65,2016-2017,TX,79902,Regular School,High,No
481830003786,0.09,0.74,0.85,74840.0,20.59,0.31,2016-2017,TX,79912,Regular School,High,No
481830003791,0.09,0.34,0.33,17419.0,22.3,0.34,2016-2017,TX,79905,Regular School,High,No
481830008776,0.09,0.71,0.82,42030.0,20.74,0.44,2016-2017,TX,79904,Regular School,High,No
481830012055,0.07,0.51,0.47,37105.0,22.13,0.52,2016-2017,TX,79925,Regular School,High,No
481836001728,0.05,0.48,0.72,51108.0,18.98,0.55,2016-2017,TX,78621,Regular School,High,No
481839001732,0.05,0.46,0.57,49625.0,20.86,0.29,2016-2017,TX,75839,Regular School,High,No
481854001737,0.11,0.44,0.64,27359.0,20.98,0.54,2016-2017,TX,75119,Regular School,High,No
481872001751,0.1,0.53,0.71,45625.0,19.96,0.53,2016-2017,TX,75124,Regular School,High,No
481875001753,0.09,0.52,0.4,33981.0,18.91,0.16,2016-2017,TX,77615,Regular School,High,No
481881001757,0.11,0.29,0.58,37212.0,17.2,0.72,2016-2017,TX,76140,Regular School,High,No
481890001768,0.05,0.28,0.44,26197.0,17.39,0.77,2016-2017,TX,79838,Regular School,High,No
481894001770,0.0,0.5,0.93,55714.0,22.52,0.33,2016-2017,TX,75840,Regular School,High,No
481908001777,0.04,0.53,0.81,58157.0,20.67,0.35,2016-2017,TX,75442,Regular School,High,No
481917001786,0.09,0.42,0.82,54063.0,19.27,0.59,2016-2017,TX,75125,Regular School,High,No
481932001791,0.05,0.53,0.72,43478.0,19.37,0.34,2016-2017,TX,76527,Regular School,High,No
481935001792,0.06,0.46,0.52,45960.0,19.66,0.38,2016-2017,TX,78114,Regular School,High,No
481938001797,0.02,0.51,0.52,45453.0,21.81,0.23,2016-2017,TX,78418,Regular School,High,No
481956001810,0.09,0.64,0.79,76037.0,21.01,0.14,2016-2017,TX,75126,Regular School,High,No
481956010867,0.03,0.64,0.75,79967.0,20.18,0.2,2016-2017,TX,75126,Regular School,High,No
481965000894,0.05,0.87,0.97,131852.0,21.25,0.18,2016-2017,TX,77459,Regular School,High,No
481965001818,0.07,0.66,0.79,57087.0,22.84,0.17,2016-2017,TX,77478,Regular School,High,No
481965005468,0.12,0.42,0.61,50061.0,16.42,0.65,2016-2017,TX,77053,Regular School,High,No
481965005870,0.03,0.96,0.94,176958.0,25.4,0.05,2016-2017,TX,77479,Regular School,High,No
481965006540,0.08,0.72,0.69,65878.0,21.98,0.26,2016-2017,TX,77498,Regular School,High,No
481965007000,0.03,0.78,0.9,80505.0,23.64,0.16,2016-2017,TX,77498,Regular School,High,No
481965007885,0.07,0.65,0.79,65305.0,21.11,0.36,2016-2017,TX,77459,Regular School,High,No
481965008562,0.02,0.53,0.56,48125.0,19.71,0.42,2016-2017,TX,77407,Regular School,High,No
481965009241,0.07,0.62,0.49,54496.0,17.12,0.54,2016-2017,TX,77489,Regular School,High,No
481965010669,0.03,0.82,0.88,125090.0,22.11,0.2,2016-2017,TX,77406,Regular School,High,No
481965012240,0.06,0.83,0.83,112456.0,21.79,0.14,2016-2017,TX,77459,Regular School,High,No
481970001830,0.08,0.61,0.75,50357.0,20.42,0.37,2016-2017,TX,76107,Regular School,High,No
481970001839,0.1,0.28,0.68,39771.0,17.47,0.76,2016-2017,TX,76111,Regular School,High,No
481970001851,0.06,0.25,0.65,34655.0,16.1,0.74,2016-2017,TX,76106,Regular School,High,No
481970001853,0.13,0.51,0.2,45395.0,15.46,0.71,2016-2017,TX,76112,Regular School,High,No
481970001857,0.17,0.65,0.4,39643.0,16.05,0.64,2016-2017,TX,76112,Regular School,High,No
481970001893,0.07,0.17,0.66,38367.0,17.66,0.74,2016-2017,TX,76164,Regular School,High,No
481970001894,0.11,0.33,0.74,23103.0,16.17,0.72,2016-2017,TX,76119,Regular School,High,No
481970001897,0.03,0.78,0.83,42313.0,22.96,0.42,2016-2017,TX,76110,Regular School,High,No
481970001901,0.11,0.14,0.57,26766.0,15.63,0.81,2016-2017,TX,76105,Regular School,High,No
481970001913,0.04,0.69,0.62,74069.0,19.44,0.52,2016-2017,TX,76133,Regular School,High,No
481970001920,0.08,0.48,0.38,22039.0,18.96,0.67,2016-2017,TX,76104,Regular School,High,No
481970001932,0.12,0.64,0.82,41848.0,19.42,0.44,2016-2017,TX,76116,Regular School,High,No
481970008026,0.19,0.53,0.34,51838.0,16.95,0.68,2016-2017,TX,76133,Regular School,High,No
481974001936,0.12,0.53,0.65,49866.0,21.69,0.26,2016-2017,TX,77856,Regular School,High,No
481983001945,0.07,0.63,0.57,51858.0,21.42,0.19,2016-2017,TX,79382,Regular School,High,No
481984001940,0.04,0.56,0.75,54081.0,21.96,0.31,2016-2017,TX,78624,Regular School,High,No
481995001948,0.06,0.89,0.83,123079.0,24.06,0.05,2016-2017,TX,77546,Regular School,High,No
482001001956,0.05,0.72,0.66,55876.0,23.01,0.12,2016-2017,TX,75034,Regular School,High,No
482001009160,0.06,0.87,0.78,97837.0,23.99,0.07,2016-2017,TX,75035,Regular School,High,No
482001010494,0.04,0.91,0.94,139408.0,23.25,0.06,2016-2017,TX,75034,Regular School,High,No
482001011166,0.03,0.94,0.91,133979.0,23.77,0.07,2016-2017,TX,75035,Regular School,High,No
482001012192,0.04,0.83,0.81,101750.0,22.52,0.1,2016-2017,TX,75035,Regular School,High,No
482001012473,0.02,0.83,0.92,136875.0,22.11,0.11,2016-2017,TX,75034,Regular School,High,No
482013010849,0.12,0.21,0.74,26528.0,16.56,0.82,2016-2017,TX,79839,Regular School,High,No
482019001971,0.04,0.59,0.69,66548.0,18.39,0.42,2016-2017,TX,79735,Regular School,High,No
482022001975,0.16,0.48,0.71,38951.0,20.74,0.56,2016-2017,TX,76240,Regular School,High,No
482025001983,0.15,0.23,0.73,50861.0,18.42,0.68,2016-2017,TX,77547,Regular School,High,No
482025001989,0.08,0.62,0.69,89492.0,18.81,0.62,2016-2017,TX,77049,Regular School,High,No
482028001996,0.06,0.47,0.57,24926.0,20.57,0.52,2016-2017,TX,77550,Regular School,High,No
482031002007,0.08,0.52,0.77,50172.0,20.74,0.31,2016-2017,TX,77962,Regular School,High,No
482034002024,0.1,0.64,0.44,49821.0,22.3,0.47,2016-2017,TX,75040,Regular School,High,No
482034002033,0.06,0.56,0.53,46120.0,19.22,0.47,2016-2017,TX,75043,Regular School,High,No
482034002036,0.1,0.54,0.49,42238.0,20.86,0.54,2016-2017,TX,75042,Regular School,High,No
482034002042,0.18,0.53,0.47,52604.0,18.13,0.65,2016-2017,TX,75043,Regular School,High,No
482034006552,0.09,0.62,0.76,52483.0,20.1,0.39,2016-2017,TX,75040,Regular School,High,No
482034007256,0.08,0.52,0.78,62791.0,21.23,0.28,2016-2017,TX,75088,Regular School,High,No
482034009198,0.06,0.48,0.79,71209.0,21.11,0.31,2016-2017,TX,75048,Regular School,High,No
482055002065,0.03,0.37,0.73,39740.0,19.64,0.27,2016-2017,TX,78022,Regular School,High,No
482060002068,0.05,0.56,0.7,53906.0,22.62,0.18,2016-2017,TX,78626,Regular School,High,No
482060008083,0.03,0.64,0.72,66106.0,23.74,0.36,2016-2017,TX,78626,Regular School,High,No
482064002075,0.09,0.4,0.72,43094.0,20.1,0.41,2016-2017,TX,78942,Regular School,High,No
482070002078,0.1,0.48,0.72,43906.0,20.15,0.44,2016-2017,TX,75644,Regular School,High,No
482076002083,0.04,0.47,0.8,47579.0,20.27,0.56,2016-2017,TX,75647,Regular School,High,No
482085002088,0.01,0.6,0.71,51909.0,21.13,0.28,2016-2017,TX,76043,Regular School,High,No
482096002090,0.07,0.58,0.78,70058.0,20.25,0.33,2016-2017,TX,76044,Regular School,High,No
482100002094,0.04,0.6,0.86,43528.0,20.86,0.29,2016-2017,TX,76844,Regular School,High,No
482103002096,0.09,0.47,0.44,42738.0,20.18,0.29,2016-2017,TX,77963,Regular School,High,No
482106002099,0.07,0.45,0.34,32902.0,20.42,0.52,2016-2017,TX,78629,Regular School,High,No
482115002117,0.08,0.28,0.67,30532.0,19.52,0.61,2016-2017,TX,77520,Regular School,High,No
482115002122,0.11,0.55,0.52,45197.0,19.44,0.44,2016-2017,TX,77521,Regular School,High,No
482115011473,0.06,0.67,0.78,80169.0,19.52,0.38,2016-2017,TX,77521,Regular School,High,No
482136002135,0.06,0.49,0.58,38638.0,21.08,0.34,2016-2017,TX,76450,Regular School,High,No
482139002141,0.11,0.43,0.48,41422.0,21.67,0.32,2016-2017,TX,76048,Regular School,High,No
482142002152,0.11,0.46,0.52,37614.0,17.66,0.68,2016-2017,TX,75050,Regular School,High,No
482142002162,0.17,0.3,0.68,48057.0,20.03,0.43,2016-2017,TX,75052,Regular School,High,No
482142012129,0.09,0.63,0.73,74420.0,20.15,0.56,2016-2017,TX,75052,Regular School,High,No
482145002166,0.04,0.35,0.65,33558.0,20.05,0.36,2016-2017,TX,75140,Regular School,High,No
482154002171,0.06,0.56,0.72,63115.0,21.03,0.24,2016-2017,TX,76050,Regular School,High,No
482160007458,0.02,0.49,0.57,44118.0,19.84,0.39,2016-2017,TX,76901,Regular School,High,No
482166002183,0.02,0.91,0.88,142557.0,23.79,0.15,2016-2017,TX,76051,Regular School,High,No
482166007439,0.04,0.87,0.78,118221.0,23.79,0.11,2016-2017,TX,76034,Regular School,High,No
482172002189,0.19,0.28,0.58,26264.0,19.84,0.53,2016-2017,TX,75402,Regular School,High,No
482175002195,0.02,0.58,0.86,80916.0,20.23,0.19,2016-2017,TX,79706,Regular School,High,No
482178002199,0.0,0.51,0.63,52841.0,20.76,0.24,2016-2017,TX,78374,Regular School,High,No
482181002202,0.09,0.39,0.73,40602.0,20.59,0.42,2016-2017,TX,76642,Regular School,High,No
482196002213,0.07,0.61,0.82,64084.0,21.4,0.22,2016-2017,TX,75058,Regular School,High,No
482212002223,0.04,0.41,0.57,36360.0,21.15,0.19,2016-2017,TX,77964,Regular School,High,No
482217002227,0.09,0.56,0.85,69597.0,20.47,0.25,2016-2017,TX,75650,Regular School,High,No
482223002232,0.0,0.41,0.58,33713.0,21.3,0.36,2016-2017,TX,76531,Regular School,High,No
482232002239,0.02,0.52,0.69,70529.0,19.15,0.24,2016-2017,TX,77622,Regular School,High,No
482238002245,0.13,0.49,0.76,58512.0,18.49,0.26,2016-2017,TX,77561,Regular School,High,No
482241002248,0.05,0.58,0.83,71100.0,20.27,0.22,2016-2017,TX,77659,Regular School,High,No
482247002260,0.19,0.25,0.45,23632.0,16.47,0.85,2016-2017,TX,78214,Regular School,High,No
482247002263,0.16,0.27,0.63,33076.0,16.78,0.8,2016-2017,TX,78221,Regular School,High,No
482250002274,0.1,0.48,0.65,43947.0,20.93,0.22,2016-2017,TX,75651,Regular School,High,No
482253002284,0.06,0.66,0.8,61734.0,18.57,0.66,2016-2017,TX,78550,Regular School,High,No
482253006267,0.1,0.24,0.39,21796.0,19.64,0.58,2016-2017,TX,78552,Regular School,High,No
482253011541,0.06,0.66,0.8,61734.0,19.96,0.49,2016-2017,TX,78550,Regular School,High,No
482256002294,0.07,0.62,0.81,57113.0,19.62,0.4,2016-2017,TX,75755,Regular School,High,No
482259002296,0.12,0.61,0.83,47098.0,21.62,0.16,2016-2017,TX,78631,Regular School,High,No
482277002308,0.11,0.5,0.56,48391.0,19.98,0.43,2016-2017,TX,75765,Regular School,High,No
482280002311,0.06,0.53,0.91,48443.0,21.03,0.32,2016-2017,TX,79525,Regular School,High,No
482283002313,0.12,0.27,0.44,34276.0,17.12,0.82,2016-2017,TX,77859,Regular School,High,No
482297002325,0.03,0.59,0.53,40123.0,21.52,0.47,2016-2017,TX,75653,Regular School,High,No
482298002331,0.08,0.6,0.84,49231.0,21.25,0.21,2016-2017,TX,76365,Regular School,High,No
482301002335,0.05,0.36,0.57,40125.0,21.91,0.64,2016-2017,TX,79045,Regular School,High,No
482310002347,0.1,0.31,0.69,38958.0,16.88,0.92,2016-2017,TX,78557,Regular School,High,No
482325002357,0.02,0.94,0.71,145536.0,26.36,0.0,2016-2017,TX,75205,Regular School,High,No
482328002363,0.11,0.38,0.57,30703.0,20.64,0.63,2016-2017,TX,76645,Regular School,High,No
482331002367,0.12,0.54,0.15,46723.0,18.27,0.7,2016-2017,TX,77563,Regular School,High,No
482340002375,0.05,0.78,0.68,57773.0,22.52,0.16,2016-2017,TX,76366,Regular School,High,No
482364002393,0.05,0.52,0.7,40941.0,15.15,0.79,2016-2017,TX,77023,Regular School,High,No
482364002397,0.04,0.96,0.89,193254.0,22.25,0.42,2016-2017,TX,77401,Regular School,High,No
482364002434,0.1,0.26,0.35,25337.0,15.61,0.91,2016-2017,TX,77009,Regular School,High,No
482364002462,0.09,0.36,0.72,59375.0,15.15,0.85,2016-2017,TX,77013,Regular School,High,No
482364002483,0.08,0.71,0.32,31402.0,27.26,0.33,2016-2017,TX,77021,Regular School,High,No
482364002503,0.12,0.16,0.44,30107.0,13.68,0.82,2016-2017,TX,77033,Regular School,High,No
482364002506,0.22,0.37,0.37,26711.0,13.78,0.83,2016-2017,TX,77028,Regular School,High,No
482364002512,0.02,0.94,0.56,81741.0,20.62,0.38,2016-2017,TX,77098,Regular School,High,No
482364002518,0.05,0.17,0.48,23938.0,14.95,0.9,2016-2017,TX,77057,Regular School,High,No
482364002530,0.11,0.24,0.57,42750.0,14.9,0.7,2016-2017,TX,77045,Regular School,High,No
482364002536,0.09,0.27,0.67,39705.0,15.78,0.72,2016-2017,TX,77033,Regular School,High,No
482364002552,0.05,0.87,0.88,37715.0,24.57,0.13,2016-2017,TX,77006,Regular School,High,No
482364002562,0.06,0.91,0.71,66797.0,17.3,0.66,2016-2017,TX,77008,Regular School,High,No
482364002580,0.1,0.63,0.53,57708.0,15.51,0.83,2016-2017,TX,77092,Regular School,High,No
482364002583,0.06,0.38,0.57,40607.0,15.63,0.82,2016-2017,TX,77074,Regular School,High,No
482364002592,0.15,0.3,0.27,29345.0,14.39,0.71,2016-2017,TX,77048,Regular School,High,No
482364002604,0.04,0.7,0.75,71756.0,18.15,0.64,2016-2017,TX,77018,Regular School,High,No
482364002605,0.1,0.43,0.34,24565.0,16.05,0.88,2016-2017,TX,77018,Regular School,High,No
482364002609,0.09,0.52,0.61,60988.0,15.54,0.72,2016-2017,TX,77035,Regular School,High,No
482364002611,0.17,0.33,0.28,17523.0,14.22,0.79,2016-2017,TX,77020,Regular School,High,No
482364002619,0.45,0.13,0.04,10945.0,14.63,0.75,2016-2017,TX,77051,Regular School,High,No
482364002620,0.31,0.54,0.18,14320.0,14.56,0.66,2016-2017,TX,77004,Regular School,High,No
482364005490,0.25,0.41,0.47,24063.0,16.1,0.73,2016-2017,TX,77026,Regular School,High,No
482364005745,0.0,0.91,0.9,96610.0,18.1,0.7,2016-2017,TX,77007,Regular School,High,No
482364007928,0.08,0.41,0.55,37040.0,19.62,0.7,2016-2017,TX,77023,Regular School,High,Yes
482364008815,0.04,0.42,0.54,40813.0,16.76,0.74,2016-2017,TX,77017,Regular School,High,No
482364008816,0.05,0.81,0.7,88125.0,20.03,0.44,2016-2017,TX,77077,Regular School,High,No
482364009273,0.04,0.9,0.94,89966.0,27.41,0.18,2016-2017,TX,77019,Regular School,High,No
482364009609,0.07,0.94,0.67,64637.0,21.89,0.54,2016-2017,TX,77081,Regular School,High,Yes
482364011262,0.13,0.63,0.37,35481.0,21.13,0.64,2016-2017,TX,77003,Regular School,High,Yes
482364011263,0.09,0.8,0.67,88088.0,20.32,0.57,2016-2017,TX,77004,Regular School,High,Yes
482364012203,0.06,0.54,0.89,66284.0,17.86,0.57,2016-2017,TX,77061,Regular School,High,Yes
482364012211,0.09,0.24,0.56,37109.0,14.46,0.83,2016-2017,TX,77076,Regular School,High,No
482364012246,0.08,0.23,0.74,16662.0,20.69,0.81,2016-2017,TX,77022,Regular School,High,Yes
482364012269,0.09,0.28,0.49,21000.0,16.76,0.82,2016-2017,TX,77081,Regular School,High,Yes
482367002622,0.09,0.59,0.62,66273.0,22.18,0.25,2016-2017,TX,75459,Regular School,High,No
482379002631,0.06,0.58,0.82,50676.0,21.08,0.38,2016-2017,TX,75904,Regular School,High,No
482382002633,0.05,0.53,0.64,54167.0,20.74,0.18,2016-2017,TX,77336,Regular School,High,No
482388002640,0.1,0.32,0.81,46741.0,17.39,0.53,2016-2017,TX,77533,Regular School,High,No
482391002646,0.08,0.58,0.6,39310.0,17.78,0.54,2016-2017,TX,77338,Regular School,High,No
482391005502,0.04,0.87,0.79,94953.0,23.89,0.04,2016-2017,TX,77339,Regular School,High,No
482391010753,0.06,0.75,0.77,82158.0,21.15,0.21,2016-2017,TX,77346,Regular School,High,No
482391011266,0.04,0.66,0.73,60250.0,22.37,0.13,2016-2017,TX,77339,Regular School,High,No
482391011267,0.08,0.78,0.69,117231.0,18.86,0.39,2016-2017,TX,77304,Regular School,High,No
482400002654,0.08,0.53,0.73,51456.0,20.47,0.33,2016-2017,TX,75949,Regular School,High,No
482403002658,0.11,0.34,0.51,30293.0,20.89,0.43,2016-2017,TX,77320,Regular School,High,No
482406002663,0.09,0.65,0.54,45766.0,21.79,0.32,2016-2017,TX,76054,Regular School,High,No
482406002682,0.1,0.41,0.47,48800.0,21.03,0.38,2016-2017,TX,76039,Regular School,High,No
482410002686,0.08,0.71,0.73,78258.0,20.52,0.28,2016-2017,TX,78634,Regular School,High,No
482415002690,0.01,0.57,0.64,54405.0,21.76,0.21,2016-2017,TX,77991,Regular School,High,No
482418002697,0.04,0.6,0.62,52734.0,20.91,0.3,2016-2017,TX,78362,Regular School,High,No
482421005510,0.06,0.59,0.85,50179.0,20.69,0.49,2016-2017,TX,78025,Regular School,High,No
482424002701,0.06,0.51,0.69,63750.0,20.01,0.36,2016-2017,TX,77861,Regular School,High,No
482426002703,0.04,0.61,0.82,44289.0,22.18,0.23,2016-2017,TX,76367,Regular School,High,No
482442002726,0.18,0.3,0.67,29700.0,16.98,0.69,2016-2017,TX,75061,Regular School,High,No
482442002733,0.09,0.81,0.57,55518.0,17.69,0.54,2016-2017,TX,75062,Regular School,High,No
482442002734,0.14,0.45,0.54,43271.0,17.34,0.64,2016-2017,TX,75060,Regular School,High,No
482442008525,0.04,0.89,0.85,72747.0,17.47,0.66,2016-2017,TX,75038,Regular School,High,No
482448002743,0.08,0.47,0.63,48108.0,20.32,0.48,2016-2017,TX,76055,Regular School,High,No
482453002746,0.04,0.47,0.66,41500.0,21.03,0.3,2016-2017,TX,76458,Regular School,High,No
482460002756,0.13,0.44,0.84,52368.0,21.3,0.43,2016-2017,TX,76537,Regular School,High,No
482463002758,0.24,0.37,0.44,19454.0,20.76,0.58,2016-2017,TX,75951,Regular School,High,No
482473002764,0.08,0.45,0.49,33047.0,23.72,0.56,2016-2017,TX,75657,Regular School,High,No
482475002768,0.07,0.47,0.81,45417.0,15.81,0.55,2016-2017,TX,78361,Regular School,High,No
482478002771,0.07,0.68,0.74,74172.0,21.72,0.15,2016-2017,TX,79562,Regular School,High,No
482484002777,0.03,0.62,0.61,50551.0,22.18,0.24,2016-2017,TX,78636,Regular School,High,No
482493002781,0.03,0.57,0.71,61576.0,21.59,0.3,2016-2017,TX,76058,Regular School,High,No
482496002785,0.06,0.46,0.56,70388.0,19.76,0.39,2016-2017,TX,78026,Regular School,High,No
482499002789,0.06,0.6,0.36,50278.0,19.13,0.42,2016-2017,TX,78109,Regular School,High,No
482499010445,0.1,0.68,0.67,56702.0,17.66,0.62,2016-2017,TX,78244,Regular School,High,No
482499012011,0.05,0.54,0.68,55756.0,21.64,0.35,2016-2017,TX,78233,Regular School,High,No
482502002796,0.07,0.46,0.56,29414.0,18.88,0.28,2016-2017,TX,76849,Regular School,High,No
482514002803,0.03,0.42,0.49,38750.0,19.91,0.44,2016-2017,TX,78118,Regular School,High,No
482517002809,0.05,0.57,0.81,66191.0,22.35,0.23,2016-2017,TX,77494,Regular School,High,No
482517005518,0.07,0.74,0.69,68750.0,24.21,0.13,2016-2017,TX,77450,Regular School,High,No
482517006001,0.04,0.66,0.73,99593.0,20.49,0.46,2016-2017,TX,77084,Regular School,High,No
482517008271,0.04,0.98,0.89,135496.0,24.6,0.08,2016-2017,TX,77494,Regular School,High,No
482517010759,0.1,0.66,0.7,61750.0,20.27,0.44,2016-2017,TX,77449,Regular School,High,No
482517010760,0.02,0.92,0.93,132745.0,24.52,0.04,2016-2017,TX,77494,Regular School,High,No
482520002816,0.09,0.49,0.35,43030.0,19.86,0.48,2016-2017,TX,75142,Regular School,High,No
482523006726,0.1,0.46,0.69,40641.0,18.64,0.63,2016-2017,TX,76059,Regular School,High,No
482526002822,0.04,0.77,0.61,62903.0,23.79,0.04,2016-2017,TX,76248,Regular School,High,No
482526007119,0.08,0.71,0.54,63293.0,21.47,0.31,2016-2017,TX,76244,Regular School,High,No
482526009380,0.04,0.81,0.77,92251.0,22.42,0.16,2016-2017,TX,76244,Regular School,High,No
482526011897,0.03,0.89,0.84,104485.0,21.42,0.17,2016-2017,TX,76244,Regular School,High,No
482532002826,0.13,0.41,0.67,45389.0,20.3,0.49,2016-2017,TX,75143,Regular School,High,No
482550002839,0.06,0.79,0.88,74236.0,20.84,0.24,2016-2017,TX,76060,Regular School,High,No
482556002845,0.03,0.4,0.58,48113.0,23.55,0.38,2016-2017,TX,79745,Regular School,High,No
482559002853,0.07,0.39,0.52,33999.0,22.08,0.36,2016-2017,TX,78028,Regular School,High,No
482562002858,0.09,0.41,0.53,32898.0,21.47,0.41,2016-2017,TX,75662,Regular School,High,No
482566002866,0.09,0.65,0.74,56756.0,19.76,0.37,2016-2017,TX,76542,Regular School,High,No
482566002871,0.16,0.54,0.65,32746.0,19.76,0.45,2016-2017,TX,76543,Regular School,High,No
482566008695,0.08,0.8,0.78,76292.0,21.01,0.2,2016-2017,TX,76548,Regular School,High,No
482566008696,0.13,0.73,0.63,54161.0,19.05,0.43,2016-2017,TX,76549,Regular School,High,No
482568002887,0.09,0.68,0.77,52500.0,18.54,0.54,2016-2017,TX,78363,Regular School,High,No
482574002903,0.07,0.73,0.71,72542.0,23.03,0.2,2016-2017,TX,77379,Regular School,High,No
482574005522,0.08,0.62,0.72,58056.0,18.74,0.61,2016-2017,TX,77066,Regular School,High,No
482574005759,0.02,0.74,0.85,104894.0,22.5,0.19,2016-2017,TX,77389,Regular School,High,No
482574008631,0.06,0.64,0.89,81086.0,22.08,0.21,2016-2017,TX,77388,Regular School,High,No
482592002919,0.1,0.41,0.62,38274.0,19.2,0.33,2016-2017,TX,77625,Regular School,High,No
482598002925,0.06,0.64,0.78,58023.0,20.01,0.22,2016-2017,TX,76249,Regular School,High,No
482604002927,0.17,0.41,0.54,27123.0,17.08,0.77,2016-2017,TX,78559,Regular School,High,No
482610002933,0.02,0.39,0.71,46012.0,21.47,0.32,2016-2017,TX,78945,Regular School,High,No
482613002936,0.13,0.25,0.72,30255.0,18.39,0.92,2016-2017,TX,78560,Regular School,High,No
482613007045,0.19,0.16,0.77,21360.0,19.2,0.97,2016-2017,TX,78574,Regular School,High,No
482613009305,0.15,0.19,0.68,29925.0,17.3,0.9,2016-2017,TX,78572,Regular School,High,No
482619021038,0.1,0.63,0.44,64583.0,20.59,0.31,2016-2017,TX,77571,Regular School,High,No
482625002961,0.18,0.46,0.52,28500.0,17.37,0.73,2016-2017,TX,78872,Regular School,High,No
482628002965,0.12,0.44,0.65,31887.0,16.66,0.71,2016-2017,TX,76705,Regular School,High,No
482631002968,0.06,0.61,0.73,84850.0,20.67,0.17,2016-2017,TX,78121,Regular School,High,No
482640002973,0.08,0.74,0.75,63843.0,22.08,0.16,2016-2017,TX,78645,Regular School,High,No
482643002975,0.08,0.75,0.66,82023.0,21.86,0.28,2016-2017,TX,76205,Regular School,High,No
482647005763,0.08,0.94,0.91,126515.0,24.72,0.08,2016-2017,TX,78738,Regular School,High,No
482649002978,0.1,0.4,0.56,47661.0,17.66,0.61,2016-2017,TX,76135,Regular School,High,No
482658002988,0.1,0.34,0.49,34427.0,20.25,0.49,2016-2017,TX,77471,Regular School,High,No
482658005534,0.05,0.51,0.45,54656.0,19.15,0.59,2016-2017,TX,77471,Regular School,High,No
482658008559,0.02,0.8,0.85,103476.0,22.08,0.2,2016-2017,TX,77406,Regular School,High,No
482658011891,0.08,0.64,0.69,71103.0,21.74,0.17,2016-2017,TX,77469,Regular School,High,No
482664002998,0.07,0.54,0.81,42500.0,21.25,0.35,2016-2017,TX,76550,Regular School,High,No
482667003003,0.14,0.58,0.57,48059.0,16.17,0.68,2016-2017,TX,75134,Regular School,High,No
482679003023,0.12,0.2,0.61,22756.0,16.44,0.99,2016-2017,TX,78040,Regular School,High,No
482679003025,0.08,0.35,0.4,38281.0,17.05,0.95,2016-2017,TX,78043,Regular School,High,No
482679005883,0.13,0.2,0.45,26838.0,16.95,0.99,2016-2017,TX,78046,Regular School,High,No
482679011365,0.08,0.72,0.91,78398.0,19.22,0.92,2016-2017,TX,78041,Regular School,High,Yes
482691003035,0.1,0.44,0.64,22542.0,19.27,0.32,2016-2017,TX,75849,Regular School,High,No
482703003042,0.1,0.77,0.76,63011.0,22.3,0.24,2016-2017,TX,78641,Regular School,High,No
482703008089,0.05,0.91,0.86,104761.0,24.4,0.07,2016-2017,TX,78613,Regular School,High,No
482703009436,0.04,0.8,0.77,86548.0,22.67,0.13,2016-2017,TX,78613,Regular School,High,No
482703011944,0.08,0.78,0.83,75281.0,21.69,0.16,2016-2017,TX,78641,Regular School,High,No
482703012156,0.06,0.93,0.94,75697.0,24.45,0.05,2016-2017,TX,78750,Regular School,High,No
482721003054,0.04,0.48,0.64,46645.0,22.52,0.39,2016-2017,TX,75452,Regular School,High,No
482724003057,0.04,0.51,0.74,52711.0,20.05,0.46,2016-2017,TX,79336,Regular School,High,No
482730003072,0.08,0.61,0.54,41136.0,20.89,0.38,2016-2017,TX,75067,Regular School,High,No
482730005770,0.07,0.89,0.8,96121.0,24.28,0.04,2016-2017,TX,75028,Regular School,High,No
482730006291,0.07,0.56,0.65,60434.0,22.01,0.29,2016-2017,TX,75056,Regular School,High,No
482730008195,0.06,0.93,0.57,69466.0,23.96,0.13,2016-2017,TX,75010,Regular School,High,No
482730008196,0.01,0.93,0.87,142824.0,24.99,0.02,2016-2017,TX,75022,Regular School,High,No
482733003076,0.04,0.51,0.87,56813.0,20.57,0.32,2016-2017,TX,78947,Regular School,High,No
482739003079,0.07,0.48,0.62,42500.0,21.47,0.53,2016-2017,TX,75501,Regular School,High,No
482742003085,0.07,0.7,0.79,68015.0,22.33,0.15,2016-2017,TX,78642,Regular School,High,No
482745003087,0.13,0.44,0.55,40068.0,20.37,0.4,2016-2017,TX,77575,Regular School,High,No
482751003091,0.08,0.59,0.64,50739.0,21.28,0.29,2016-2017,TX,75771,Regular School,High,No
482757003100,0.08,0.44,0.87,35321.0,23.67,0.02,2016-2017,TX,76250,Regular School,High,No
482769003105,0.06,0.68,0.53,62800.0,20.93,0.27,2016-2017,TX,77632,Regular School,High,No
482772003111,0.09,0.7,0.73,76949.0,19.91,0.38,2016-2017,TX,75068,Regular School,High,No
482778003118,0.07,0.3,0.63,31038.0,20.05,0.47,2016-2017,TX,77351,Regular School,High,No
482781003121,0.09,0.58,0.56,33773.0,21.84,0.37,2016-2017,TX,78643,Regular School,High,No
482787003123,0.08,0.5,0.73,65122.0,19.69,0.49,2016-2017,TX,78644,Regular School,High,No
482789003129,0.07,0.57,0.68,41012.0,19.44,0.39,2016-2017,TX,79241,Regular School,High,No
482802003137,0.12,0.57,0.56,50396.0,20.18,0.3,2016-2017,TX,75453,Regular School,High,No
482811003146,0.04,0.58,0.62,52177.0,19.86,0.48,2016-2017,TX,75605,Regular School,High,No
482820003158,0.02,0.67,0.79,66821.0,21.81,0.17,2016-2017,TX,76655,Regular School,High,No
482829003163,0.07,0.43,0.49,44236.0,18.52,0.81,2016-2017,TX,78566,Regular School,High,No
482838010525,0.03,0.79,0.89,101813.0,24.47,0.02,2016-2017,TX,75002,Regular School,High,No
482850010889,0.05,0.72,0.49,34375.0,21.08,0.35,2016-2017,TX,79410,Regular School,High,No
482850010890,0.14,0.33,0.28,25394.0,14.93,0.78,2016-2017,TX,79403,Regular School,High,No
482850010891,0.12,0.64,0.32,18910.0,23.57,0.41,2016-2017,TX,79401,Regular School,High,No
482850010892,0.07,0.79,0.66,52518.0,20.37,0.46,2016-2017,TX,79413,Regular School,High,No
482855007762,0.11,0.33,0.55,38214.0,22.35,0.52,2016-2017,TX,75901,Regular School,High,No
482859003239,0.02,0.37,0.58,39863.0,19.3,0.5,2016-2017,TX,78648,Regular School,High,No
482865003246,0.07,0.41,0.76,60536.0,18.37,0.57,2016-2017,TX,78052,Regular School,High,No
482868003248,0.12,0.45,0.66,39966.0,21.98,0.44,2016-2017,TX,75147,Regular School,High,No
482871003251,0.07,0.35,0.65,36393.0,19.05,0.61,2016-2017,TX,77864,Regular School,High,No
482874003254,0.03,0.77,0.79,92930.0,22.16,0.2,2016-2017,TX,77354,Regular School,High,No
482874011311,0.06,0.68,0.7,72529.0,21.3,0.32,2016-2017,TX,77355,Regular School,High,No
482878003258,0.15,0.43,0.43,27770.0,19.3,0.54,2016-2017,TX,75148,Regular School,High,No
482889003263,0.03,0.69,0.83,80027.0,16.83,0.68,2016-2017,TX,78653,Regular School,High,No
482889011568,0.03,0.69,0.83,80027.0,19.2,0.42,2016-2017,TX,78653,Regular School,High,No
482892009049,0.04,0.82,0.92,101058.0,20.25,0.41,2016-2017,TX,76001,Regular School,High,No
482892009383,0.02,0.88,0.92,135640.0,21.98,0.13,2016-2017,TX,76063,Regular School,High,No
482892011022,0.07,0.7,0.85,93750.0,19.66,0.35,2016-2017,TX,76002,Regular School,High,No
482892011334,0.07,0.69,0.58,51613.0,21.69,0.25,2016-2017,TX,76063,Regular School,High,No
482892011441,0.06,0.75,0.94,107660.0,18.54,0.22,2016-2017,TX,76063,Regular School,High,No
482892012371,0.08,0.78,0.67,109205.0,19.84,0.22,2016-2017,TX,76063,Regular School,High,No
482901003274,0.05,0.63,0.79,37881.0,20.98,0.41,2016-2017,TX,78654,Regular School,High,No
482910003280,0.05,0.51,0.67,53224.0,20.27,0.29,2016-2017,TX,78124,Regular School,High,No
482913003284,0.09,0.43,0.3,27225.0,16.0,0.74,2016-2017,TX,76661,Regular School,High,No
482916003292,0.09,0.29,0.46,20962.0,19.84,0.56,2016-2017,TX,75670,Regular School,High,No
482919003301,0.04,0.49,0.68,40052.0,19.84,0.48,2016-2017,TX,76664,Regular School,High,No
482928003307,0.07,0.47,0.42,35142.0,21.89,0.37,2016-2017,TX,76856,Regular School,High,No
482940003312,0.13,0.38,0.43,34487.0,16.98,0.69,2016-2017,TX,78368,Regular School,High,No
482958003323,0.08,0.52,0.82,67188.0,20.18,0.29,2016-2017,TX,76064,Regular School,High,No
482967003339,0.08,0.53,0.6,41830.0,20.2,0.51,2016-2017,TX,78501,Regular School,High,No
482967005548,0.12,0.38,0.4,17366.0,20.74,0.52,2016-2017,TX,78501,Regular School,High,No
482967011859,0.11,0.35,0.53,16225.0,20.27,0.75,2016-2017,TX,78501,Regular School,High,No
482967021345,0.03,0.41,0.68,29618.0,21.81,0.56,2016-2017,TX,78501,Regular School,High,No
482982003354,0.07,0.62,0.69,53917.0,19.91,0.56,2016-2017,TX,76657,Regular School,High,No
482985003360,0.05,0.49,0.68,35161.0,22.94,0.23,2016-2017,TX,75069,Regular School,High,No
482985008731,0.04,0.68,0.92,79474.0,23.11,0.23,2016-2017,TX,75070,Regular School,High,No
482985010501,0.04,0.85,0.75,96191.0,23.62,0.14,2016-2017,TX,75070,Regular School,High,No
483006003373,0.09,0.51,0.75,57679.0,22.72,0.35,2016-2017,TX,78009,Regular School,High,No
483012010505,0.05,0.58,0.9,88125.0,22.74,0.14,2016-2017,TX,75454,Regular School,High,No
483036003400,0.08,0.5,0.82,54886.0,21.54,0.29,2016-2017,TX,76941,Regular School,High,No
483039003411,0.08,0.41,0.44,52843.0,18.59,0.57,2016-2017,TX,75149,Regular School,High,No
483039003413,0.07,0.65,0.81,69267.0,18.37,0.6,2016-2017,TX,75150,Regular School,High,No
483039003422,0.04,0.34,0.61,43839.0,18.08,0.67,2016-2017,TX,75149,Regular School,High,No
483039006301,0.05,0.66,0.62,66630.0,20.3,0.41,2016-2017,TX,75150,Regular School,High,No
483039008764,0.06,0.67,0.8,88964.0,20.23,0.36,2016-2017,TX,75181,Regular School,High,No
483042003425,0.05,0.45,0.72,33529.0,18.0,0.65,2016-2017,TX,76667,Regular School,High,No
483057003445,0.04,0.68,0.61,79128.0,21.54,0.2,2016-2017,TX,79707,Regular School,High,No
483057003447,0.03,0.77,0.77,66488.0,21.13,0.21,2016-2017,TX,79701,Regular School,High,No
483057012458,0.01,0.84,0.68,85175.0,20.96,0.33,2016-2017,TX,79705,Regular School,High,No
483060003458,0.03,0.61,0.62,51586.0,21.54,0.14,2016-2017,TX,76065,Regular School,High,No
483064003463,0.03,0.74,0.81,73317.0,22.62,0.19,2016-2017,TX,76712,Regular School,High,No
483075003471,0.02,0.49,0.6,42308.0,22.57,0.24,2016-2017,TX,76861,Regular School,High,No
483087003477,0.05,0.7,0.9,82141.0,22.13,0.32,2016-2017,TX,76066,Regular School,High,No
483093003480,0.08,0.47,0.67,42261.0,20.05,0.44,2016-2017,TX,75773,Regular School,High,No
483095003487,0.12,0.47,0.62,36534.0,20.2,0.46,2016-2017,TX,76067,Regular School,High,No
483104003496,0.11,0.39,0.62,33839.0,18.27,0.89,2016-2017,TX,78572,Regular School,High,No
483104006997,0.08,0.55,0.79,55469.0,22.18,0.72,2016-2017,TX,78574,Regular School,High,No
483117003505,0.06,0.39,0.52,36912.0,23.16,0.24,2016-2017,TX,79756,Regular School,High,No
483123012311,0.31,0.22,0.49,17500.0,15.83,0.92,2016-2017,TX,78538,Regular School,High,No
483126003513,0.04,0.47,0.77,57278.0,22.37,0.15,2016-2017,TX,77356,Regular School,High,No
483176003535,0.08,0.31,0.42,27500.0,21.08,0.67,2016-2017,TX,75455,Regular School,High,No
483186003545,0.03,0.64,0.75,72630.0,22.33,0.06,2016-2017,TX,76252,Regular School,High,No
483209003561,0.04,0.88,0.65,46557.0,21.4,0.57,2016-2017,TX,75965,Regular School,High,No
483213003565,0.07,0.41,0.76,60536.0,16.93,0.67,2016-2017,TX,78059,Regular School,High,No
483216003568,0.05,0.52,0.7,61099.0,21.4,0.26,2016-2017,TX,78155,Regular School,High,No
483219003570,0.05,0.35,0.5,40029.0,18.66,0.56,2016-2017,TX,77868,Regular School,High,No
483228003581,0.06,0.72,0.81,58559.0,21.32,0.31,2016-2017,TX,77627,Regular School,High,No
483231003584,0.02,0.55,0.72,59788.0,21.62,0.28,2016-2017,TX,77461,Regular School,High,No
483237003591,0.07,0.76,0.75,54635.0,22.01,0.23,2016-2017,TX,78130,Regular School,High,No
483240003596,0.1,0.34,0.65,43645.0,20.23,0.52,2016-2017,TX,77357,Regular School,High,No
483240011842,0.08,0.62,0.75,68231.0,20.27,0.4,2016-2017,TX,77365,Regular School,High,No
483243003601,0.09,0.38,0.73,43469.0,18.3,0.42,2016-2017,TX,79350,Regular School,High,No
483246003603,0.07,0.52,0.77,48703.0,21.32,0.27,2016-2017,TX,75640,Regular School,High,No
483273003615,0.12,0.42,0.52,30660.0,16.39,0.63,2016-2017,TX,75966,Regular School,High,No
483294003630,0.04,0.66,0.41,35142.0,21.96,0.24,2016-2017,TX,78216,Regular School,High,No
483294003645,0.03,0.87,0.93,77759.0,19.69,0.56,2016-2017,TX,78213,Regular School,High,No
483294003646,0.05,0.65,0.48,47125.0,21.42,0.34,2016-2017,TX,78217,Regular School,High,No
483294003647,0.08,0.8,0.7,73456.0,20.54,0.35,2016-2017,TX,78247,Regular School,High,No
483294003655,0.12,0.52,0.37,34254.0,19.81,0.54,2016-2017,TX,78218,Regular School,High,No
483294007513,0.03,0.87,0.93,77759.0,23.13,0.2,2016-2017,TX,78213,Regular School,High,No
483294008116,0.04,0.9,0.77,77643.0,23.28,0.07,2016-2017,TX,78258,Regular School,High,No
483294011973,0.03,0.9,0.93,100375.0,23.08,0.1,2016-2017,TX,78259,Regular School,High,No
483301003667,0.18,0.4,0.26,23074.0,21.96,0.29,2016-2017,TX,75460,Regular School,High,No
483312003701,0.11,0.5,0.59,38690.0,18.13,0.62,2016-2017,TX,78238,Regular School,High,No
483312003706,0.05,0.31,0.5,34152.0,20.03,0.59,2016-2017,TX,78227,Regular School,High,No
483312003711,0.07,0.76,0.76,66292.0,20.15,0.41,2016-2017,TX,78240,Regular School,High,No
483312003722,0.05,0.75,0.38,49013.0,22.52,0.27,2016-2017,TX,78249,Regular School,High,No
483312006023,0.07,0.72,0.33,41677.0,24.5,0.23,2016-2017,TX,78229,Regular School,High,No
483312006148,0.05,0.86,0.84,81471.0,20.98,0.34,2016-2017,TX,78253,Regular School,High,No
483312007808,0.07,0.74,0.81,105208.0,21.52,0.19,2016-2017,TX,78023,Regular School,High,No
483312009134,0.05,0.83,0.86,79391.0,19.62,0.36,2016-2017,TX,78251,Regular School,High,No
483312010437,0.1,0.54,0.55,61062.0,18.86,0.48,2016-2017,TX,78251,Regular School,High,No
483312011431,0.05,0.8,0.88,82153.0,21.74,0.2,2016-2017,TX,78249,Regular School,High,No
483312012347,0.06,0.77,0.87,96250.0,19.35,0.27,2016-2017,TX,78253,Regular School,High,No
483318003732,0.05,0.68,0.87,87083.0,21.4,0.15,2016-2017,TX,76247,Regular School,High,No
483318012019,0.02,0.84,0.77,102011.0,22.06,0.1,2016-2017,TX,76262,Regular School,High,No
483336003744,0.08,0.46,0.52,44391.0,19.27,0.47,2016-2017,TX,78370,Regular School,High,No
483363003756,0.02,0.42,0.61,30221.0,25.57,0.41,2016-2017,TX,76374,Regular School,High,No
483369009481,0.13,0.37,0.72,34333.0,21.25,0.59,2016-2017,TX,77360,Regular School,High,No
483378003767,0.09,0.47,0.46,44741.0,21.45,0.25,2016-2017,TX,77639,Regular School,High,No
483402003782,0.05,0.41,0.65,35086.0,19.1,0.5,2016-2017,TX,77465,Regular School,High,No
483405003788,0.04,0.57,0.61,48125.0,19.44,0.53,2016-2017,TX,75801,Regular School,High,No
483411003794,0.1,0.38,0.69,52939.0,20.3,0.38,2016-2017,TX,75152,Regular School,High,No
483417003800,0.08,0.51,0.75,43517.0,19.91,0.31,2016-2017,TX,79065,Regular School,High,No
483423003805,0.03,0.63,0.76,66875.0,22.64,0.15,2016-2017,TX,79068,Regular School,High,No
483426003808,0.07,0.56,0.77,70685.0,21.86,0.16,2016-2017,TX,76073,Regular School,High,No
483429003815,0.07,0.6,0.43,35833.0,22.84,0.57,2016-2017,TX,75460,Regular School,High,No
483432003821,0.05,0.62,0.69,65252.0,19.86,0.47,2016-2017,TX,77089,Regular School,High,No
483432003839,0.07,0.26,0.6,30615.0,17.88,0.72,2016-2017,TX,77506,Regular School,High,No
483432003843,0.14,0.31,0.58,50383.0,17.81,0.69,2016-2017,TX,77502,Regular School,High,No
483432003849,0.12,0.35,0.53,34876.0,18.39,0.72,2016-2017,TX,77587,Regular School,High,No
483432009283,0.13,0.7,0.36,50254.0,20.42,0.51,2016-2017,TX,77504,Regular School,High,No
483444003863,0.02,0.74,0.77,88218.0,21.25,0.2,2016-2017,TX,77581,Regular School,High,No
483444011446,0.06,0.84,0.83,94559.0,21.76,0.2,2016-2017,TX,77581,Regular School,High,No
483450003873,0.05,0.66,0.77,53345.0,23.06,0.2,2016-2017,TX,76088,Regular School,High,No
483455003881,0.11,0.48,0.53,44313.0,17.37,0.57,2016-2017,TX,79772,Regular School,High,No
483480003902,0.13,0.55,0.67,36381.0,17.81,0.54,2016-2017,TX,75571,Regular School,High,No
483483003905,0.06,0.71,0.56,80417.0,21.15,0.36,2016-2017,TX,78660,Regular School,High,No
483483007467,0.05,0.68,0.59,59866.0,19.3,0.55,2016-2017,TX,78753,Regular School,High,No
483483009531,0.06,0.86,0.88,103762.0,21.35,0.29,2016-2017,TX,78660,Regular School,High,No
483486003921,0.04,0.57,0.7,41739.0,22.16,0.86,2016-2017,TX,78589,Regular School,High,No
483486006896,0.14,0.36,0.57,49000.0,21.03,0.84,2016-2017,TX,78577,Regular School,High,No
483486007653,0.13,0.29,0.71,31110.0,16.27,0.91,2016-2017,TX,78516,Regular School,High,No
483486012225,0.1,0.28,0.61,25563.0,19.05,0.81,2016-2017,TX,78577,Regular School,High,No
483492003929,0.07,0.6,0.8,64457.0,20.3,0.36,2016-2017,TX,76258,Regular School,High,No
483498003932,0.04,0.88,0.81,81719.0,21.76,0.35,2016-2017,TX,75604,Regular School,High,No
483501003937,0.09,0.4,0.59,29577.0,19.66,0.63,2016-2017,TX,75686,Regular School,High,No
483507021279,0.06,0.53,0.52,49683.0,20.3,0.56,2016-2017,TX,79072,Regular School,High,No
483510003969,0.03,0.59,0.64,40603.0,25.31,0.15,2016-2017,TX,75075,Regular School,High,No
483510005796,0.09,0.92,0.89,121477.0,24.23,0.23,2016-2017,TX,75074,Regular School,High,No
483510008150,0.06,0.96,0.85,129324.0,25.48,0.1,2016-2017,TX,75093,Regular School,High,No
483519003984,0.06,0.46,0.56,70388.0,20.15,0.42,2016-2017,TX,78064,Regular School,High,No
483525003989,0.05,0.32,0.65,36556.0,18.05,0.84,2016-2017,TX,78578,Regular School,High,No
483531003992,0.07,0.61,0.84,72727.0,22.47,0.22,2016-2017,TX,76259,Regular School,High,No
483534003994,0.05,0.66,0.77,53345.0,21.3,0.38,2016-2017,TX,76487,Regular School,High,No
483537003996,0.01,0.73,0.52,41821.0,21.23,0.16,2016-2017,TX,78373,Regular School,High,No
483540009317,0.08,0.57,0.63,51486.0,16.76,0.76,2016-2017,TX,77642,Regular School,High,No
483543004020,0.06,0.48,0.63,51836.0,20.96,0.24,2016-2017,TX,77651,Regular School,High,No
483552004029,0.08,0.27,0.36,37545.0,17.81,0.62,2016-2017,TX,78065,Regular School,High,No
483555004032,0.02,0.53,0.8,60668.0,21.18,0.27,2016-2017,TX,78147,Regular School,High,No
483557010997,0.03,0.86,0.92,111857.0,20.57,0.1,2016-2017,TX,79012,Regular School,High,No
483558004036,0.05,0.73,0.66,66378.0,22.74,0.23,2016-2017,TX,75076,Regular School,High,No
483574004048,0.05,0.52,0.77,41437.0,19.4,0.32,2016-2017,TX,75468,Regular School,High,No
483580004055,0.11,0.26,0.76,22424.0,19.76,0.77,2016-2017,TX,79845,Regular School,High,No
483585004059,0.06,0.56,0.82,50938.0,21.3,0.44,2016-2017,TX,75407,Regular School,High,No
483600004064,0.04,0.87,0.95,120162.0,23.06,0.07,2016-2017,TX,75078,Regular School,High,No
483624004075,0.1,0.52,0.6,44760.0,20.01,0.49,2016-2017,TX,75474,Regular School,High,No
483630004078,0.09,0.54,0.68,37760.0,19.47,0.41,2016-2017,TX,75783,Regular School,High,No
483645004088,0.06,0.6,0.36,50278.0,22.03,0.03,2016-2017,TX,78148,Regular School,High,No
483654004098,0.11,0.34,0.54,26250.0,17.49,0.91,2016-2017,TX,78580,Regular School,High,No
483666004106,0.09,0.45,0.44,48396.0,20.3,0.29,2016-2017,TX,75154,Regular School,High,No
483696008005,0.13,0.43,0.63,41185.0,18.08,0.46,2016-2017,TX,75155,Regular School,High,No
483697004118,0.15,0.33,0.4,36046.0,19.59,0.52,2016-2017,TX,77412,Regular School,High,No
483702004124,0.09,0.67,0.8,66250.0,21.35,0.46,2016-2017,TX,75081,Regular School,High,No
483702004138,0.05,0.81,0.87,71226.0,22.11,0.42,2016-2017,TX,75238,Regular School,High,No
483702004148,0.09,0.85,0.73,96917.0,24.08,0.28,2016-2017,TX,75080,Regular School,High,No
483702004151,0.05,0.49,0.73,56009.0,22.37,0.42,2016-2017,TX,75080,Regular School,High,No
483711004171,0.03,0.57,0.7,43125.0,21.4,0.32,2016-2017,TX,76682,Regular School,High,No
483714004179,0.09,0.4,0.65,28333.0,18.17,0.96,2016-2017,TX,78582,Regular School,High,No
483715000429,0.24,0.37,0.44,32473.0,24.89,0.37,2016-2017,TX,78570,Regular School,High,No
483715004181,0.12,0.56,0.58,35781.0,20.1,0.58,2016-2017,TX,78539,Regular School,High,No
483715005908,0.09,0.32,0.66,28710.0,19.96,0.71,2016-2017,TX,78575,Regular School,High,No
483715006033,0.24,0.37,0.44,32473.0,22.13,0.48,2016-2017,TX,78570,Regular School,High,No
483717004184,0.08,0.51,0.52,34367.0,16.47,0.87,2016-2017,TX,78583,Regular School,High,No
483720004187,0.05,0.53,0.75,64012.0,18.71,0.28,2016-2017,TX,76093,Regular School,High,No
483732004193,0.08,0.56,0.78,51136.0,16.98,0.47,2016-2017,TX,78379,Regular School,High,No
483759004216,0.1,0.46,0.43,28535.0,20.76,0.45,2016-2017,TX,76567,Regular School,High,No
483765004221,0.05,0.71,0.71,54755.0,22.89,0.14,2016-2017,TX,75087,Regular School,High,No
483765011000,0.12,0.82,0.92,104257.0,22.47,0.21,2016-2017,TX,75032,Regular School,High,No
483771004225,0.02,0.46,0.74,51277.0,21.08,0.34,2016-2017,TX,76569,Regular School,High,No
483780004233,0.05,0.52,0.74,60833.0,18.15,0.57,2016-2017,TX,79403,Regular School,High,No
483790004242,0.1,0.45,0.76,35476.0,19.18,0.37,2016-2017,TX,76656,Regular School,High,No
483808004254,0.09,0.68,0.81,66818.0,23.06,0.12,2016-2017,TX,78681,Regular School,High,No
483808005805,0.11,0.72,0.51,50364.0,26.94,0.11,2016-2017,TX,78750,Regular School,High,No
483808006469,0.02,0.9,0.29,65170.0,23.89,0.17,2016-2017,TX,78729,Regular School,High,No
483808008412,0.06,0.66,0.82,60781.0,21.25,0.35,2016-2017,TX,78664,Regular School,High,No
483808011097,0.08,0.73,0.61,63603.0,21.76,0.24,2016-2017,TX,78664,Regular School,High,No
483822004268,0.06,0.54,0.73,80950.0,19.88,0.27,2016-2017,TX,75189,Regular School,High,No
483836004274,0.06,0.48,0.66,39018.0,22.72,0.45,2016-2017,TX,75785,Regular School,High,No
483840004278,0.02,0.6,0.63,44505.0,18.47,0.31,2016-2017,TX,76264,Regular School,High,No
483843004280,0.09,0.55,0.52,36657.0,16.47,0.56,2016-2017,TX,78881,Regular School,High,No
483846004282,0.07,0.52,0.64,54677.0,20.74,0.28,2016-2017,TX,75647,Regular School,High,No
483858004288,0.03,0.67,0.81,83594.0,22.59,0.17,2016-2017,TX,76571,Regular School,High,No
483870004302,0.13,0.33,0.43,20640.0,22.2,0.32,2016-2017,TX,76901,Regular School,High,No
483870004312,0.02,0.35,0.6,38766.0,20.98,0.52,2016-2017,TX,76903,Regular School,High,No
483873004330,0.14,0.37,0.39,25566.0,17.54,0.77,2016-2017,TX,78204,Regular School,High,No
483873004345,0.1,0.33,0.7,40847.0,16.56,0.76,2016-2017,TX,78212,Regular School,High,No
483873004350,0.03,0.59,0.43,39854.0,15.68,0.73,2016-2017,TX,78205,Regular School,High,No
483873004360,0.15,0.28,0.48,31513.0,16.95,0.74,2016-2017,TX,78210,Regular School,High,No
483873004363,0.14,0.36,0.46,32609.0,15.54,0.84,2016-2017,TX,78220,Regular School,High,No
483873004368,0.03,0.61,0.68,35125.0,16.83,0.73,2016-2017,TX,78201,Regular School,High,No
483873004370,0.17,0.18,0.33,20018.0,16.86,0.86,2016-2017,TX,78207,Regular School,High,No
483873004407,0.1,0.84,0.68,56543.0,17.27,0.78,2016-2017,TX,78210,Regular School,High,No
483873011436,0.08,0.63,0.57,27615.0,19.79,0.62,2016-2017,TX,78212,Regular School,High,Yes
483879004426,0.09,0.32,0.66,28710.0,17.49,0.85,2016-2017,TX,78586,Regular School,High,No
483882004430,0.08,0.35,0.57,33226.0,17.2,0.58,2016-2017,TX,78384,Regular School,High,No
483885004433,0.15,0.24,0.65,25165.0,17.91,0.91,2016-2017,TX,79849,Regular School,High,No
483890004435,0.09,0.52,0.59,41875.0,18.93,0.54,2016-2017,TX,78840,Regular School,High,No
483897004452,0.07,0.66,0.56,37662.0,19.86,0.5,2016-2017,TX,78666,Regular School,High,No
483903004457,0.04,0.4,0.58,33107.0,22.25,0.39,2016-2017,TX,76877,Regular School,High,No
483915004466,0.04,0.59,0.45,60357.0,20.57,0.26,2016-2017,TX,79036,Regular School,High,No
483918004468,0.04,0.6,0.61,63588.0,21.2,0.29,2016-2017,TX,76266,Regular School,High,No
483927004473,0.13,0.53,0.8,62786.0,21.3,0.17,2016-2017,TX,77517,Regular School,High,No
483930007019,0.14,0.62,0.52,24718.0,20.71,0.29,2016-2017,TX,78363,Regular School,High,No
483933021157,0.12,0.21,0.68,25208.0,16.49,0.9,2016-2017,TX,78592,Regular School,High,No
483948004488,0.1,0.6,0.67,48561.0,22.16,0.17,2016-2017,TX,78154,Regular School,High,No
483948010700,0.06,0.77,0.75,82870.0,21.42,0.12,2016-2017,TX,78108,Regular School,High,No
483951004492,0.03,0.38,0.52,44643.0,20.86,0.26,2016-2017,TX,76936,Regular School,High,No
483957004497,0.1,0.59,0.73,59946.0,20.71,0.34,2016-2017,TX,75158,Regular School,High,No
483963004502,0.11,0.44,0.66,52823.0,19.69,0.4,2016-2017,TX,77474,Regular School,High,No
483969004512,0.07,0.49,0.69,43854.0,19.3,0.49,2016-2017,TX,78155,Regular School,High,No
483975004515,0.04,0.32,0.79,45436.0,20.64,0.22,2016-2017,TX,79360,Regular School,High,No
483987004523,0.02,0.56,0.67,53060.0,20.69,0.23,2016-2017,TX,79363,Regular School,High,No
483993004529,0.06,0.73,0.83,71157.0,20.2,0.47,2016-2017,TX,78572,Regular School,High,No
483999004534,0.07,0.5,0.75,62356.0,16.98,0.64,2016-2017,TX,77044,Regular School,High,No
484002004541,0.13,0.3,0.56,30955.0,20.59,0.55,2016-2017,TX,77371,Regular School,High,No
484008004550,0.08,0.44,0.63,38403.0,22.3,0.46,2016-2017,TX,75090,Regular School,High,No
484011004554,0.03,0.43,0.85,43598.0,20.91,0.16,2016-2017,TX,77984,Regular School,High,No
484023004562,0.09,0.52,0.4,33981.0,19.25,0.35,2016-2017,TX,77656,Regular School,High,No
484035004571,0.09,0.38,0.6,45234.0,19.18,0.56,2016-2017,TX,78387,Regular School,High,No
484041004576,0.06,0.39,0.75,40431.0,20.84,0.36,2016-2017,TX,78389,Regular School,High,No
484050004585,0.05,0.46,0.57,49625.0,22.23,0.31,2016-2017,TX,75839,Regular School,High,No
484055004590,0.09,0.49,0.56,35403.0,20.27,0.39,2016-2017,TX,78957,Regular School,High,No
484068004617,0.11,0.35,0.52,40362.0,17.66,0.83,2016-2017,TX,78224,Regular School,High,No
484071004619,0.08,0.39,0.6,32330.0,17.88,0.73,2016-2017,TX,79927,Regular School,High,No
484071006914,0.1,0.7,0.74,63029.0,18.44,0.47,2016-2017,TX,79936,Regular School,High,No
484071007276,0.03,0.68,0.53,44545.0,18.54,0.47,2016-2017,TX,79936,Regular School,High,No
484071009547,0.03,0.64,0.79,71511.0,18.39,0.54,2016-2017,TX,79938,Regular School,High,No
484071011217,0.14,0.4,0.51,25548.0,22.37,0.59,2016-2017,TX,79927,Regular School,High,No
484074004623,0.07,0.32,0.51,42621.0,16.81,0.6,2016-2017,TX,78069,Regular School,High,No
484080004629,0.01,0.48,0.8,48986.0,18.25,0.29,2016-2017,TX,76950,Regular School,High,No
484092004652,0.1,0.29,0.53,44779.0,18.57,0.61,2016-2017,TX,78221,Regular School,High,No
484095004658,0.03,0.37,0.76,55040.0,18.08,0.68,2016-2017,TX,78252,Regular School,High,No
484107004669,0.08,0.28,0.65,44736.0,20.42,0.44,2016-2017,TX,77372,Regular School,High,No
484110004680,0.08,0.87,0.82,78393.0,25.21,0.09,2016-2017,TX,77024,Regular School,High,No
484110004682,0.05,0.42,0.62,41453.0,16.95,0.76,2016-2017,TX,77080,Regular School,High,No
484110004696,0.11,0.42,0.59,49506.0,19.47,0.65,2016-2017,TX,77080,Regular School,High,No
484110004698,0.09,0.77,0.62,72083.0,23.28,0.25,2016-2017,TX,77079,Regular School,High,No
484119004709,0.02,0.78,0.81,66356.0,22.23,0.17,2016-2017,TX,75605,Regular School,High,No
484122004720,0.08,0.76,0.81,90341.0,19.03,0.44,2016-2017,TX,77373,Regular School,High,No
484122004721,0.1,0.54,0.58,41203.0,17.54,0.64,2016-2017,TX,77090,Regular School,High,No
484122010786,0.05,0.52,0.59,64016.0,15.81,0.67,2016-2017,TX,77073,Regular School,High,No
484128004729,0.07,0.56,0.71,57344.0,21.4,0.37,2016-2017,TX,76082,Regular School,High,No
484135005925,0.1,0.62,0.47,59391.0,18.91,0.49,2016-2017,TX,77477,Regular School,High,No
484152004746,0.09,0.7,0.7,32767.0,20.91,0.32,2016-2017,TX,76401,Regular School,High,No
484161004753,0.08,0.53,0.69,48713.0,20.67,0.35,2016-2017,TX,78160,Regular School,High,No
484167004756,0.06,0.48,0.68,49219.0,23.64,0.43,2016-2017,TX,79084,Regular School,High,No
484182004769,0.05,0.59,0.73,42983.0,22.11,0.4,2016-2017,TX,75482,Regular School,High,No
484185004773,0.08,0.61,0.72,58281.0,21.57,0.14,2016-2017,TX,79372,Regular School,High,No
484188011997,0.04,0.75,0.75,64225.0,21.18,0.06,2016-2017,TX,75182,Regular School,High,No
484197004778,0.06,0.56,0.64,52946.0,20.18,0.35,2016-2017,TX,77480,Regular School,High,No
484206004791,0.08,0.41,0.55,34352.0,21.3,0.79,2016-2017,TX,78390,Regular School,High,No
484212004797,0.12,0.4,0.81,35347.0,21.03,0.46,2016-2017,TX,75417,Regular School,High,No
484221004802,0.09,0.49,0.7,51758.0,21.52,0.32,2016-2017,TX,77327,Regular School,High,No
484224004805,0.05,0.48,0.78,53140.0,19.15,0.4,2016-2017,TX,75691,Regular School,High,No
484228004808,0.1,0.47,0.55,47824.0,20.37,0.45,2016-2017,TX,76574,Regular School,High,No
484233004827,0.19,0.25,0.73,24564.0,21.2,0.54,2016-2017,TX,76504,Regular School,High,No
484245004841,0.11,0.46,0.75,56568.0,18.35,0.54,2016-2017,TX,75160,Regular School,High,No
484248004854,0.07,0.65,0.43,40255.0,23.74,0.48,2016-2017,TX,75503,Regular School,High,No
484251004865,0.14,0.39,0.4,33486.0,19.13,0.53,2016-2017,TX,77591,Regular School,High,No
484263004870,0.09,0.45,0.7,49500.0,20.93,0.35,2016-2017,TX,76577,Regular School,High,No
484266004872,0.13,0.52,0.84,58750.0,21.84,0.26,2016-2017,TX,76578,Regular School,High,No
484290004889,0.05,0.62,0.81,51691.0,21.4,0.12,2016-2017,TX,76476,Regular School,High,No
484293004891,0.09,0.6,0.76,61250.0,20.98,0.32,2016-2017,TX,75489,Regular School,High,No
484296004894,0.07,0.56,0.68,42111.0,22.28,0.22,2016-2017,TX,77375,Regular School,High,No
484299004898,0.16,0.19,0.62,22560.0,17.2,0.86,2016-2017,TX,79853,Regular School,High,No
484314004902,0.06,0.51,0.76,58843.0,20.84,0.26,2016-2017,TX,75490,Regular School,High,No
484323004910,0.07,0.57,0.48,33148.0,22.4,0.34,2016-2017,TX,75789,Regular School,High,No
484326004913,0.04,0.65,0.73,43155.0,20.62,0.28,2016-2017,TX,76579,Regular School,High,No
484329004915,0.04,0.57,0.61,48125.0,20.35,0.39,2016-2017,TX,75803,Regular School,High,No
484332004918,0.07,0.37,0.63,32281.0,21.59,0.58,2016-2017,TX,79088,Regular School,High,No
484335004923,0.05,0.5,0.82,62045.0,20.45,0.35,2016-2017,TX,78410,Regular School,High,No
484347004939,0.13,0.38,0.41,33945.0,16.73,0.74,2016-2017,TX,75702,Regular School,High,No
484347004941,0.08,0.82,0.67,57298.0,21.2,0.4,2016-2017,TX,75701,Regular School,High,No
484365004962,0.06,0.75,0.82,76653.0,19.22,0.44,2016-2017,TX,78045,Regular School,High,No
484365006922,0.05,0.42,0.73,41979.0,18.08,0.71,2016-2017,TX,78046,Regular School,High,No
484365007094,0.03,0.83,0.7,95543.0,20.64,0.45,2016-2017,TX,78041,Regular School,High,No
484365009091,0.13,0.34,0.62,40024.0,16.49,0.86,2016-2017,TX,78046,Regular School,High,No
484372004971,0.08,0.62,0.52,40000.0,18.54,0.63,2016-2017,TX,78801,Regular School,High,No
484376004977,0.03,0.75,0.77,80533.0,19.3,0.39,2016-2017,TX,76689,Regular School,High,No
484386004980,0.04,0.59,0.62,68750.0,20.23,0.26,2016-2017,TX,76272,Regular School,High,No
484389004982,0.09,0.57,0.85,63472.0,21.25,0.2,2016-2017,TX,75495,Regular School,High,No
484392004985,0.08,0.52,0.81,40817.0,21.08,0.37,2016-2017,TX,75790,Regular School,High,No
484395004988,0.06,0.52,0.87,61215.0,18.57,0.4,2016-2017,TX,77482,Regular School,High,No
484401004993,0.1,0.39,0.71,52131.0,19.44,0.55,2016-2017,TX,76084,Regular School,High,No
484411004998,0.05,0.62,0.56,48873.0,22.35,0.4,2016-2017,TX,76384,Regular School,High,No
484415012267,0.1,0.56,0.59,60164.0,19.59,0.41,2016-2017,TX,77904,Regular School,High,No
484415012281,0.06,0.7,0.73,60867.0,19.69,0.4,2016-2017,TX,77904,Regular School,High,No
484416005025,0.09,0.4,0.65,37287.0,20.62,0.36,2016-2017,TX,77662,Regular School,High,No
484428005054,0.15,0.44,0.65,33096.0,19.08,0.69,2016-2017,TX,76710,Regular School,High,No
484428005059,0.13,0.39,0.35,24446.0,17.91,0.77,2016-2017,TX,76706,Regular School,High,No
484447005075,0.05,0.42,0.67,55809.0,20.05,0.39,2016-2017,TX,77485,Regular School,High,No
484458005084,0.11,0.58,0.79,50417.0,20.13,0.34,2016-2017,TX,77664,Regular School,High,No
484473005095,0.12,0.51,0.77,57232.0,20.54,0.39,2016-2017,TX,75165,Regular School,High,No
484473011211,0.06,0.63,0.55,49701.0,21.86,0.15,2016-2017,TX,75165,Regular School,High,No
484480005100,0.08,0.68,0.83,48958.0,21.84,0.28,2016-2017,TX,76086,Regular School,High,No
484482005106,0.01,0.43,0.78,43807.0,19.59,0.31,2016-2017,TX,78962,Regular School,High,No
484496008851,0.11,0.52,0.37,39684.0,21.4,0.88,2016-2017,TX,78596,Regular School,High,No
484500005127,0.11,0.34,0.66,39576.0,20.4,0.27,2016-2017,TX,77585,Regular School,High,No
484504005131,0.08,0.55,0.63,38316.0,21.01,0.46,2016-2017,TX,76691,Regular School,High,No
484509005143,0.1,0.42,0.53,42746.0,16.68,0.77,2016-2017,TX,77631,Regular School,High,No
484512005147,0.15,0.31,0.53,34896.0,16.17,0.9,2016-2017,TX,78405,Regular School,High,No
484538005165,0.13,0.32,0.31,23684.0,19.91,0.62,2016-2017,TX,77488,Regular School,High,No
484548005173,0.05,0.56,0.77,54235.0,22.5,0.2,2016-2017,TX,75693,Regular School,High,No
484554005175,0.07,0.43,0.49,40222.0,19.79,0.38,2016-2017,TX,76108,Regular School,High,No
484560005183,0.06,0.71,0.78,70696.0,21.79,0.24,2016-2017,TX,75791,Regular School,High,No
484567005190,0.09,0.6,0.76,61250.0,20.69,0.25,2016-2017,TX,75491,Regular School,High,No
484578005210,0.14,0.33,0.56,30156.0,19.52,0.61,2016-2017,TX,76305,Regular School,High,No
484578005220,0.07,0.73,0.65,68852.0,22.37,0.34,2016-2017,TX,76310,Regular School,High,No
484578005223,0.13,0.43,0.39,27113.0,20.45,0.59,2016-2017,TX,76309,Regular School,High,No
484590005228,0.1,0.4,0.75,43366.0,19.96,0.43,2016-2017,TX,77378,Regular School,High,No
484595005231,0.06,0.46,0.57,36250.0,20.49,0.45,2016-2017,TX,75169,Regular School,High,No
484623005274,0.12,0.54,0.68,53750.0,21.15,0.41,2016-2017,TX,75792,Regular School,High,No
484632005278,0.07,0.46,0.7,43533.0,19.81,0.42,2016-2017,TX,75978,Regular School,High,No
484644005286,0.1,0.48,0.63,39160.0,19.03,0.49,2016-2017,TX,75979,Regular School,High,No
484650005293,0.03,0.78,0.85,70095.0,22.33,0.06,2016-2017,TX,79606,Regular School,High,No
484653005295,0.07,0.73,0.79,73717.0,22.16,0.18,2016-2017,TX,75098,Regular School,High,No
484653011511,0.09,0.61,0.82,75716.0,21.72,0.2,2016-2017,TX,75098,Regular School,High,No
484662005299,0.06,0.33,0.47,37202.0,22.64,0.45,2016-2017,TX,77995,Regular School,High,No
484668005307,0.12,0.37,0.5,22242.0,16.76,0.69,2016-2017,TX,79915,Regular School,High,No
484668005315,0.16,0.62,0.49,34066.0,17.61,0.44,2016-2017,TX,79925,Regular School,High,No
484668005323,0.08,0.53,0.42,43696.0,17.44,0.54,2016-2017,TX,79935,Regular School,High,No
484668005330,0.09,0.52,0.42,35956.0,16.29,0.62,2016-2017,TX,79924,Regular School,High,No
484668005337,0.11,0.41,0.54,30093.0,15.81,0.78,2016-2017,TX,79915,Regular School,High,No
484668005347,0.13,0.45,0.75,27688.0,15.66,0.8,2016-2017,TX,79907,Regular School,High,No
484668006496,0.1,0.43,0.48,31603.0,16.51,0.72,2016-2017,TX,79907,Regular School,High,No
484668011982,0.06,0.58,0.68,34063.0,20.84,0.49,2016-2017,TX,79915,Regular School,High,No
484671005351,0.15,0.16,0.46,21823.0,14.93,0.65,2016-2017,TX,78076,Regular School,High,No
530000100379,0.03,0.62,0.72,55286.0,21.32,0.23,2016-2017,WA,98022,Regular School,High,No
530000300593,0.2,0.41,0.6,27041.0,20.54,0.43,2016-2017,WA,98626,Regular School,High,No
530003000007,0.1,0.67,0.86,51447.0,20.35,0.49,2016-2017,WA,98520,Regular School,High,No
530015000016,0.09,0.74,0.62,49183.0,23.18,0.21,2016-2017,WA,98221,Regular School,High,No
530024000023,0.11,0.64,0.75,79844.0,22.35,0.23,2016-2017,WA,98223,Regular School,High,No
530030000032,0.11,0.47,0.37,46639.0,21.18,0.5,2016-2017,WA,98002,Regular School,High,No
530030002445,0.16,0.46,0.69,57111.0,22.3,0.31,2016-2017,WA,98092,Regular School,High,No
530030002978,0.1,0.76,0.57,74622.0,21.79,0.32,2016-2017,WA,98092,Regular School,High,No
530033000043,0.07,0.88,0.7,84301.0,25.89,0.06,2016-2017,WA,98110,Regular School,High,No
530038000049,0.07,0.54,0.61,48545.0,21.4,0.28,2016-2017,WA,98604,Regular School,High,No
530038001747,0.06,0.67,0.88,72225.0,22.57,0.24,2016-2017,WA,98662,Regular School,High,No
530039000060,0.04,0.94,0.67,80786.0,24.84,0.07,2016-2017,WA,98004,Regular School,High,No
530039000072,0.05,0.84,0.84,119041.0,25.6,0.14,2016-2017,WA,98008,Regular School,High,No
530039000078,0.05,0.85,0.9,81163.0,25.96,0.08,2016-2017,WA,98006,Regular School,High,No
530039000085,0.05,0.81,0.67,69797.0,22.47,0.24,2016-2017,WA,98005,Regular School,High,No
530042000099,0.05,0.8,0.54,45308.0,23.62,0.25,2016-2017,WA,98225,Regular School,High,No
530042000113,0.1,0.85,0.54,22360.0,24.87,0.21,2016-2017,WA,98225,Regular School,High,No
530042002693,0.06,0.76,0.55,60938.0,23.25,0.32,2016-2017,WA,98226,Regular School,High,No
530048000119,0.11,0.6,0.68,75413.0,20.49,0.39,2016-2017,WA,98387,Regular School,High,No
530048001821,0.09,0.56,0.43,54028.0,20.32,0.42,2016-2017,WA,98387,Regular School,High,No
530048003003,0.08,0.55,0.81,64111.0,21.13,0.26,2016-2017,WA,98338,Regular School,High,No
530057000132,0.06,0.65,0.81,59019.0,22.3,0.39,2016-2017,WA,98230,Regular School,High,No
530066000139,0.13,0.61,0.66,36678.0,21.18,0.52,2016-2017,WA,98337,Regular School,High,No
530069000149,0.08,0.41,0.55,45943.0,17.52,0.99,2016-2017,WA,98812,Regular School,High,No
530072000151,0.06,0.36,0.73,41062.0,18.0,0.99,2016-2017,WA,98813,Regular School,High,No
530078000155,0.09,0.46,0.52,37716.0,21.79,0.37,2016-2017,WA,98233,Regular School,High,No
530081003152,0.11,0.77,0.83,76830.0,23.16,0.15,2016-2017,WA,98607,Regular School,High,No
530095001935,0.05,0.5,0.84,62367.0,20.84,0.32,2016-2017,WA,98826,Regular School,High,No
530096000168,0.08,0.52,0.72,49688.0,22.74,0.35,2016-2017,WA,98815,Regular School,High,No
530099000172,0.07,0.61,0.79,55772.0,19.69,0.39,2016-2017,WA,98611,Regular School,High,No
530108000177,0.12,0.77,0.55,52581.0,24.08,0.11,2016-2017,WA,98383,Regular School,High,No
530108001753,0.07,0.68,0.87,82232.0,21.45,0.2,2016-2017,WA,98311,Regular School,High,No
530111000191,0.05,0.66,0.82,59551.0,23.28,0.22,2016-2017,WA,99037,Regular School,High,No
530111000204,0.1,0.77,0.78,62854.0,22.37,0.32,2016-2017,WA,99216,Regular School,High,No
530114000206,0.22,0.57,0.57,33232.0,21.06,0.54,2016-2017,WA,98531,Regular School,High,No
530117000217,0.13,0.62,0.62,38182.0,22.59,0.36,2016-2017,WA,98532,Regular School,High,No
530120002058,0.1,0.38,0.86,44334.0,20.35,0.44,2016-2017,WA,98816,Regular School,High,No
530123000223,0.12,0.88,0.61,24362.0,22.72,0.38,2016-2017,WA,99004,Regular School,High,No
530126000230,0.09,0.48,0.63,29729.0,20.64,0.46,2016-2017,WA,99109,Regular School,High,No
530129000233,0.16,0.63,0.65,37500.0,21.5,0.38,2016-2017,WA,98325,Regular School,High,No
530132000234,0.1,0.66,0.64,31711.0,21.28,0.36,2016-2017,WA,99403,Regular School,High,No
530135000240,0.1,0.61,0.88,61985.0,21.2,0.34,2016-2017,WA,98922,Regular School,High,No
530141000250,0.16,0.7,0.47,43147.0,17.32,0.67,2016-2017,WA,98499,Regular School,High,No
530141000261,0.1,0.69,0.58,57207.0,20.15,0.35,2016-2017,WA,98498,Regular School,High,No
530144000273,0.02,0.75,0.72,48232.0,23.01,0.25,2016-2017,WA,99111,Regular School,High,No
530159001758,0.09,0.46,0.72,56025.0,20.03,0.31,2016-2017,WA,99323,Regular School,High,No
530163000282,0.04,0.63,0.55,35109.0,22.23,0.35,2016-2017,WA,99114,Regular School,High,No
530180000290,0.13,0.73,0.91,59911.0,21.2,0.29,2016-2017,WA,98239,Regular School,High,No
530204000305,0.07,0.69,0.7,41071.0,21.4,0.36,2016-2017,WA,99328,Regular School,High,No
530207001759,0.14,0.62,0.72,33520.0,21.3,0.41,2016-2017,WA,99006,Regular School,High,No
530228000312,0.03,0.66,0.82,50697.0,21.76,0.37,2016-2017,WA,99216,Regular School,High,No
530231000318,0.09,0.52,0.49,44150.0,20.81,0.4,2016-2017,WA,98802,Regular School,High,No
530237000327,0.15,0.53,0.72,55040.0,21.18,0.2,2016-2017,WA,98328,Regular School,High,No
530240000346,0.09,0.81,0.9,86791.0,21.89,0.38,2016-2017,WA,98012,Regular School,High,No
530240000352,0.08,0.64,0.61,60563.0,23.08,0.29,2016-2017,WA,98037,Regular School,High,No
530240000356,0.05,0.77,0.64,67311.0,21.37,0.3,2016-2017,WA,98043,Regular School,High,No
530240002673,0.06,0.85,0.76,71296.0,22.96,0.25,2016-2017,WA,98026,Regular School,High,No
530246000365,0.05,0.72,0.75,39133.0,22.57,0.26,2016-2017,WA,98926,Regular School,High,No
530249000372,0.16,0.55,0.53,46444.0,21.42,0.42,2016-2017,WA,98541,Regular School,High,No
530261000386,0.06,0.49,0.74,54020.0,20.59,0.37,2016-2017,WA,98823,Regular School,High,No
530267000391,0.17,0.48,0.35,42026.0,21.15,0.36,2016-2017,WA,98203,Regular School,High,No
530267000395,0.14,0.65,0.73,41250.0,22.37,0.45,2016-2017,WA,98201,Regular School,High,No
530267001726,0.07,0.86,0.85,96933.0,22.96,0.16,2016-2017,WA,98012,Regular School,High,No
530270000418,0.12,0.69,0.59,64735.0,20.86,0.44,2016-2017,WA,98684,Regular School,High,No
530270001834,0.07,0.72,0.57,40681.0,23.74,0.29,2016-2017,WA,98683,Regular School,High,No
530270002711,0.11,0.55,0.86,57117.0,20.2,0.42,2016-2017,WA,98682,Regular School,High,No
530270003222,0.04,0.83,0.81,115478.0,22.25,0.23,2016-2017,WA,98607,Regular School,High,No
530282000434,0.11,0.53,0.64,61125.0,19.88,0.38,2016-2017,WA,98023,Regular School,High,No
530282000435,0.07,0.62,0.59,47429.0,18.83,0.52,2016-2017,WA,98003,Regular School,High,No
530282000451,0.06,0.7,0.69,72077.0,21.06,0.39,2016-2017,WA,98001,Regular School,High,No
530282003154,0.09,0.74,0.93,73529.0,19.32,0.37,2016-2017,WA,98003,Regular School,High,No
530285000460,0.12,0.59,0.79,46731.0,22.4,0.34,2016-2017,WA,98248,Regular School,High,No
530288000465,0.08,0.6,0.69,63327.0,21.5,0.33,2016-2017,WA,98424,Regular School,High,No
530291000469,0.09,0.46,0.72,56025.0,17.98,0.53,2016-2017,WA,99337,Regular School,High,No
530294000475,0.09,0.55,0.43,45164.0,21.45,0.48,2016-2017,WA,98445,Regular School,High,No
530294000483,0.13,0.5,0.4,38333.0,19.32,0.58,2016-2017,WA,98444,Regular School,High,No
530297000485,0.08,0.76,0.88,86974.0,22.01,0.16,2016-2017,WA,99030,Regular School,High,No
530309000490,0.11,0.58,0.57,42795.0,23.67,0.48,2016-2017,WA,98620,Regular School,High,No
530313000496,0.26,0.59,0.45,40324.0,18.0,0.55,2016-2017,WA,99116,Regular School,High,No
530315000499,0.12,0.4,0.71,40904.0,17.12,0.68,2016-2017,WA,98930,Regular School,High,No
530318000502,0.06,0.34,0.62,45134.0,18.13,0.99,2016-2017,WA,98932,Regular School,High,No
530321000506,0.04,0.57,0.62,64421.0,23.6,0.3,2016-2017,WA,98252,Regular School,High,No
530351002876,0.1,0.46,0.64,49556.0,17.47,0.61,2016-2017,WA,98923,Regular School,High,No
530354000531,0.05,0.39,0.6,42805.0,18.39,0.6,2016-2017,WA,98148,Regular School,High,No
530354000538,0.14,0.45,0.39,41215.0,20.57,0.45,2016-2017,WA,98198,Regular School,High,No
530354002974,0.07,0.61,0.74,64453.0,25.62,0.12,2016-2017,WA,98108,Alternative School,High,No
530354003069,0.1,0.49,0.75,31466.0,14.85,0.76,2016-2017,WA,98188,Regular School,High,No
530354003071,0.1,0.49,0.75,31466.0,18.42,0.72,2016-2017,WA,98188,Regular School,High,No
530354003164,0.1,0.5,0.56,45781.0,18.52,0.68,2016-2017,WA,98146,Regular School,High,No
530354003180,0.1,0.5,0.56,45781.0,16.32,0.61,2016-2017,WA,98146,Regular School,High,No
530354003182,0.1,0.5,0.56,45781.0,15.54,0.76,2016-2017,WA,98146,Regular School,High,No
530357002938,0.09,0.7,0.93,60142.0,22.01,0.15,2016-2017,WA,98606,Regular School,High,No
530366000564,0.28,0.54,0.53,31454.0,20.81,0.51,2016-2017,WA,98550,Regular School,High,No
530375000574,0.06,0.84,0.64,63862.0,25.99,0.09,2016-2017,WA,98027,Regular School,High,No
530375000576,0.06,0.65,0.75,88540.0,23.86,0.1,2016-2017,WA,98059,Regular School,High,No
530375002567,0.05,0.92,0.93,153983.0,25.62,0.04,2016-2017,WA,98075,Regular School,High,No
530393000604,0.04,0.47,0.55,39144.0,23.52,0.29,2016-2017,WA,99336,Regular School,High,No
530393000605,0.12,0.36,0.55,24671.0,19.08,0.59,2016-2017,WA,99336,Regular School,High,No
530393002009,0.04,0.47,0.55,39144.0,22.11,0.38,2016-2017,WA,99338,Regular School,High,No
530396000621,0.11,0.46,0.55,32444.0,20.54,0.61,2016-2017,WA,98030,Regular School,High,No
530396000622,0.11,0.71,0.68,86289.0,23.94,0.26,2016-2017,WA,98031,Regular School,High,No
530396001840,0.07,0.7,0.67,77422.0,22.89,0.29,2016-2017,WA,98042,Regular School,High,No
530396002570,0.08,0.6,0.69,73553.0,22.69,0.3,2016-2017,WA,98042,Regular School,High,No
530399001967,0.09,0.6,0.45,53079.0,19.66,0.42,2016-2017,WA,99141,Regular School,High,No
530402000639,0.03,0.68,0.77,82917.0,19.42,0.51,2016-2017,WA,99320,Regular School,High,No
530411000646,0.08,0.68,0.49,56063.0,21.25,0.3,2016-2017,WA,98257,Regular School,High,No
530417001049,0.06,0.64,0.91,67389.0,22.5,0.19,2016-2017,WA,98629,Regular School,High,No
530420000653,0.08,0.66,0.66,70365.0,22.96,0.17,2016-2017,WA,98258,Regular School,High,No
530423000670,0.05,0.81,0.82,71396.0,23.62,0.2,2016-2017,WA,98034,Regular School,High,No
530423000674,0.06,0.86,0.75,91970.0,23.74,0.13,2016-2017,WA,98033,Regular School,High,No
530423000679,0.04,0.91,0.84,118389.0,25.7,0.1,2016-2017,WA,98052,Regular School,High,No
530423001141,0.05,0.92,0.93,153983.0,24.21,0.04,2016-2017,WA,98074,Regular School,High,No
530426002117,0.12,0.61,0.68,74132.0,21.69,0.21,2016-2017,WA,98223,Regular School,High,No
530447000703,0.12,0.76,0.7,31722.0,22.16,0.37,2016-2017,WA,98632,Regular School,High,No
530447000709,0.1,0.66,0.64,47426.0,21.15,0.54,2016-2017,WA,98632,Regular School,High,No
530456000716,0.08,0.74,0.78,93651.0,23.21,0.15,2016-2017,WA,98019,Regular School,High,No
530462002259,0.05,0.65,0.87,65000.0,22.2,0.3,2016-2017,WA,98264,Regular School,High,No
530474000728,0.1,0.38,0.86,44334.0,18.88,0.64,2016-2017,WA,98831,Regular School,High,No
530483000730,0.24,0.6,0.77,32879.0,18.76,0.98,2016-2017,WA,99173,Regular School,High,No
530486003317,0.11,0.67,0.73,73051.0,20.98,0.32,2016-2017,WA,98271,Regular School,High,No
530486003322,0.1,0.74,0.77,102266.0,19.27,0.34,2016-2017,WA,98270,Regular School,High,No
530486003335,0.1,0.74,0.77,102266.0,21.96,0.29,2016-2017,WA,98270,Regular School,High,No
530492000749,0.05,0.75,0.7,64475.0,22.59,0.15,2016-2017,WA,99218,Regular School,High,No
530492002599,0.08,0.75,0.83,73466.0,22.81,0.2,2016-2017,WA,99021,Regular School,High,No
530495000755,0.1,0.56,0.7,50781.0,21.3,0.23,2016-2017,WA,99022,Regular School,High,No
530498000761,0.01,0.96,0.83,154025.0,26.77,0.03,2016-2017,WA,98040,Regular School,High,No
530501000768,0.06,0.67,0.8,63166.0,21.57,0.26,2016-2017,WA,98226,Regular School,High,No
530502000770,0.11,0.6,0.75,34319.0,23.94,0.33,2016-2017,WA,98862,Regular School,High,No
530513002760,0.17,0.49,0.31,41451.0,21.89,0.23,2016-2017,WA,98272,Regular School,High,No
530516000780,0.14,0.63,0.58,46939.0,21.37,0.28,2016-2017,WA,98563,Regular School,High,No
530522000792,0.1,0.67,0.7,65508.0,20.03,0.45,2016-2017,WA,98837,Regular School,High,No
530525000796,0.12,0.56,0.49,46533.0,20.98,0.47,2016-2017,WA,98564,Regular School,High,No
530528000798,0.16,0.38,0.32,47167.0,16.51,0.99,2016-2017,WA,98952,Regular School,High,No
530531000803,0.08,0.55,0.75,59479.0,22.5,0.39,2016-2017,WA,98244,Regular School,High,No
530537000805,0.06,0.53,0.73,57418.0,20.32,0.37,2016-2017,WA,98901,Regular School,High,No
530540000813,0.11,0.65,0.5,45625.0,20.4,0.55,2016-2017,WA,98273,Regular School,High,No
530543000818,0.17,0.53,0.5,47257.0,21.13,0.57,2016-2017,WA,98204,Regular School,High,No
530543001188,0.07,0.75,0.65,75467.0,24.91,0.15,2016-2017,WA,98275,Regular School,High,No
530546000825,0.1,0.46,0.64,49556.0,19.42,0.34,2016-2017,WA,98937,Regular School,High,No
530549000827,0.09,0.56,0.73,55531.0,22.4,0.33,2016-2017,WA,98565,Regular School,High,No
530561000833,0.11,0.56,0.6,29965.0,20.23,0.45,2016-2017,WA,99156,Regular School,High,No
530564002321,0.07,0.79,0.77,81632.0,21.23,0.14,2016-2017,WA,99026,Regular School,High,No
530567000839,0.08,0.54,0.82,59393.0,22.45,0.41,2016-2017,WA,98247,Regular School,High,No
530570000842,0.2,0.69,0.56,38896.0,20.57,0.56,2016-2017,WA,98569,Regular School,High,No
530573000848,0.07,0.44,0.69,52841.0,18.64,0.59,2016-2017,WA,99326,Regular School,High,No
530576000852,0.06,0.77,0.95,62034.0,23.96,0.18,2016-2017,WA,98370,Regular School,High,No
530576003201,0.08,0.7,0.82,72966.0,22.96,0.26,2016-2017,WA,98346,Regular School,High,No
530579000859,0.08,0.58,0.79,54874.0,20.52,0.35,2016-2017,WA,98528,Regular School,High,No
530585000869,0.06,0.67,0.61,46136.0,23.16,0.27,2016-2017,WA,98506,Regular School,High,No
530585000872,0.15,0.62,0.85,64810.0,21.5,0.23,2016-2017,WA,98503,Regular School,High,No
530585001208,0.13,0.65,0.75,58842.0,19.1,0.31,2016-2017,WA,98513,Regular School,High,No
530591000876,0.09,0.84,0.8,70793.0,23.47,0.14,2016-2017,WA,98011,Regular School,High,No
530591000884,0.07,0.92,0.71,97778.0,24.99,0.13,2016-2017,WA,98028,Regular School,High,No
530591001994,0.08,0.83,0.72,84063.0,24.52,0.09,2016-2017,WA,98072,Regular School,High,No
530594000903,0.08,0.69,0.72,49527.0,21.35,0.28,2016-2017,WA,98277,Regular School,High,No
530606002528,0.11,0.63,0.48,23438.0,21.74,0.51,2016-2017,WA,98624,Regular School,High,No
530615000920,0.09,0.63,0.67,48508.0,20.67,0.45,2016-2017,WA,98840,Regular School,High,No
530618000923,0.16,0.81,0.27,45016.0,23.5,0.24,2016-2017,WA,98502,Regular School,High,No
530618000937,0.06,0.86,0.71,74167.0,24.62,0.16,2016-2017,WA,98501,Regular School,High,No
530622000940,0.09,0.63,0.67,48508.0,19.57,0.54,2016-2017,WA,98841,Regular School,High,No
530624000942,0.12,0.57,0.83,45432.0,21.94,0.44,2016-2017,WA,98570,Regular School,High,No
530630000945,0.07,0.75,0.57,47482.0,24.21,0.29,2016-2017,WA,98245,Regular School,High,No
530642000951,0.11,0.43,0.74,34552.0,20.27,0.6,2016-2017,WA,98844,Regular School,High,No
530645000953,0.05,0.61,0.78,84688.0,21.15,0.3,2016-2017,WA,98360,Regular School,High,No
530648000957,0.07,0.36,0.64,40975.0,19.08,0.61,2016-2017,WA,99344,Regular School,High,No
530657000969,0.12,0.27,0.55,31927.0,16.37,0.66,2016-2017,WA,99301,Regular School,High,No
530657003292,0.07,0.66,0.89,78232.0,18.61,0.61,2016-2017,WA,99301,Regular School,High,No
530669000985,0.08,0.79,0.8,82213.0,22.72,0.17,2016-2017,WA,98332,Regular School,High,No
530669001793,0.06,0.82,0.68,65057.0,23.5,0.08,2016-2017,WA,98335,Regular School,High,No
530678000994,0.11,0.71,0.77,50915.0,19.59,0.4,2016-2017,WA,99347,Regular School,High,No
530682001002,0.07,0.77,0.58,36736.0,22.89,0.36,2016-2017,WA,98362,Regular School,High,No
530684001007,0.14,0.76,0.75,42404.0,23.55,0.32,2016-2017,WA,98368,Regular School,High,No
530690001012,0.14,0.58,0.75,55386.0,21.91,0.45,2016-2017,WA,99350,Regular School,High,No
530693001020,0.1,0.84,0.41,14326.0,24.47,0.19,2016-2017,WA,99163,Regular School,High,No
530696001028,0.16,0.62,0.66,61250.0,21.57,0.24,2016-2017,WA,98373,Regular School,High,No
530696001038,0.09,0.63,0.52,57500.0,22.33,0.25,2016-2017,WA,98371,Regular School,High,No
530696002809,0.07,0.64,0.84,71530.0,22.47,0.2,2016-2017,WA,98374,Regular School,High,No
530702001047,0.11,0.52,0.54,37128.0,19.25,0.46,2016-2017,WA,98331,Regular School,High,No
530708001055,0.12,0.39,0.79,38219.0,20.3,0.66,2016-2017,WA,98848,Regular School,High,No
530711001058,0.12,0.64,0.72,73241.0,20.91,0.42,2016-2017,WA,98576,Regular School,High,No
530714001060,0.06,0.49,0.57,39419.0,17.98,0.6,2016-2017,WA,98577,Regular School,High,No
530723001077,0.04,0.64,0.7,70594.0,20.71,0.38,2016-2017,WA,98058,Regular School,High,No
530723001080,0.11,0.74,0.86,79435.0,22.5,0.29,2016-2017,WA,98059,Regular School,High,No
530723001082,0.1,0.7,0.63,32397.0,18.3,0.55,2016-2017,WA,98055,Regular School,High,No
530732001093,0.06,0.63,0.56,46366.0,23.08,0.26,2016-2017,WA,99352,Regular School,High,No
530732001095,0.07,0.89,0.73,90714.0,24.01,0.2,2016-2017,WA,99352,Regular School,High,No
530735001105,0.08,0.75,0.95,91758.0,22.08,0.23,2016-2017,WA,98642,Regular School,High,No
530744002013,0.12,0.51,0.73,57083.0,22.91,0.4,2016-2017,WA,99003,Regular School,High,No
530747002267,0.11,0.57,0.74,58314.0,22.16,0.39,2016-2017,WA,98579,Regular School,High,No
530762001123,0.09,0.22,0.73,43958.0,18.81,0.99,2016-2017,WA,99357,Regular School,High,No
530765001125,0.05,0.67,0.65,51083.0,22.74,0.25,2016-2017,WA,98250,Regular School,High,No
530771001138,0.06,0.89,0.76,77444.0,23.47,0.16,2016-2017,WA,98117,Regular School,High,No
530771001149,0.12,0.67,0.44,55956.0,20.64,0.51,2016-2017,WA,98126,Regular School,High,No
530771001150,0.06,0.59,0.77,79655.0,18.52,0.56,2016-2017,WA,98108,Regular School,High,No
530771001168,0.09,0.8,0.66,87941.0,18.93,0.52,2016-2017,WA,98144,Regular School,High,No
530771001171,0.06,0.88,0.78,77474.0,24.87,0.34,2016-2017,WA,98122,Regular School,High,No
530771001187,0.03,0.71,0.66,65673.0,22.94,0.28,2016-2017,WA,98133,Regular School,High,No
530771001222,0.09,0.83,0.53,68371.0,23.5,0.26,2016-2017,WA,98125,Regular School,High,No
530771001236,0.05,0.61,0.7,61905.0,15.07,0.72,2016-2017,WA,98118,Regular School,High,No
530771001239,0.04,0.92,0.94,95139.0,24.89,0.13,2016-2017,WA,98115,Regular School,High,No
530771001262,0.04,0.92,0.77,73058.0,19.91,0.33,2016-2017,WA,98116,Regular School,High,No
530771002349,0.06,0.87,0.88,88889.0,16.39,0.46,2016-2017,WA,98125,Regular School,High,No
530771002842,0.03,0.9,0.56,66636.0,24.57,0.19,2016-2017,WA,98109,Regular School,High,No
530774001279,0.14,0.64,0.65,47868.0,21.32,0.41,2016-2017,WA,98284,Regular School,High,No
530777001282,0.06,0.72,0.6,50245.0,20.69,0.29,2016-2017,WA,98942,Regular School,High,No
530783001289,0.11,0.57,0.55,31476.0,23.13,0.32,2016-2017,WA,98382,Regular School,High,No
530790001295,0.12,0.58,0.78,48500.0,22.18,0.48,2016-2017,WA,98584,Regular School,High,No
530792001315,0.11,0.67,0.74,62364.0,24.16,0.23,2016-2017,WA,98155,Regular School,High,No
530792001317,0.06,0.76,0.51,51719.0,23.96,0.22,2016-2017,WA,98133,Regular School,High,No
530802001328,0.07,0.67,0.66,56679.0,22.86,0.18,2016-2017,WA,98290,Regular School,High,No
530802003217,0.05,0.84,0.85,106570.0,23.21,0.09,2016-2017,WA,98296,Regular School,High,No
530804001330,0.1,0.76,0.7,77425.0,23.38,0.1,2016-2017,WA,98065,Regular School,High,No
530810001337,0.14,0.53,0.58,36707.0,19.69,0.54,2016-2017,WA,98586,Regular School,High,No
530813001341,0.09,0.56,0.43,38770.0,18.0,0.68,2016-2017,WA,98168,Regular School,High,No
530816001357,0.08,0.63,0.54,48967.0,21.06,0.29,2016-2017,WA,98366,Regular School,High,No
530819001878,0.08,0.84,0.75,64107.0,23.96,0.2,2016-2017,WA,98260,Regular School,High,No
530825001385,0.09,0.78,0.62,52009.0,22.01,0.34,2016-2017,WA,99223,Regular School,High,No
530825001386,0.1,0.55,0.56,38200.0,18.3,0.68,2016-2017,WA,99207,Regular School,High,No
530825001399,0.22,0.51,0.16,14494.0,21.67,0.45,2016-2017,WA,99205,Regular School,High,No
530825001407,0.04,0.68,0.74,38656.0,21.5,0.36,2016-2017,WA,99205,Regular School,High,No
530834001423,0.07,0.67,0.5,52767.0,22.45,0.2,2016-2017,WA,98292,Regular School,High,No
530846001807,0.1,0.69,0.58,57207.0,22.52,0.13,2016-2017,WA,98388,Regular School,High,No
530852001436,0.1,0.68,0.48,47262.0,20.86,0.43,2016-2017,WA,98648,Regular School,High,No
530855002168,0.12,0.62,0.83,56442.0,21.89,0.3,2016-2017,WA,98294,Regular School,High,No
530861001446,0.09,0.63,0.59,59325.0,21.98,0.24,2016-2017,WA,98390,Regular School,High,No
530861002998,0.06,0.56,0.8,76220.0,20.74,0.22,2016-2017,WA,98391,Regular School,High,No
530867001449,0.16,0.18,0.58,28624.0,15.42,0.92,2016-2017,WA,98944,Regular School,High,No
530870001466,0.09,0.67,0.75,50556.0,19.15,0.63,2016-2017,WA,98405,Regular School,High,No
530870001476,0.16,0.52,0.62,29583.0,17.76,0.69,2016-2017,WA,98418,Regular School,High,No
530870001488,0.1,0.61,0.68,62063.0,17.59,0.64,2016-2017,WA,98409,Regular School,High,No
530870001502,0.09,0.77,0.53,37396.0,22.47,0.32,2016-2017,WA,98403,Regular School,High,No
530870001513,0.06,0.67,0.71,62037.0,21.2,0.37,2016-2017,WA,98406,Regular School,High,No
530870002846,0.22,0.76,0.04,18816.0,21.81,0.24,2016-2017,WA,98402,Regular School,High,No
530876001519,0.05,0.75,0.83,105255.0,22.84,0.1,2016-2017,WA,98042,Regular School,High,No
530882001522,0.08,0.61,0.66,75556.0,20.37,0.4,2016-2017,WA,98589,Regular School,High,No
530891001527,0.09,0.56,0.73,55531.0,22.37,0.41,2016-2017,WA,98591,Regular School,High,No
530894001530,0.11,0.46,0.71,35427.0,19.57,0.52,2016-2017,WA,98855,Regular School,High,No
530897001534,0.09,0.24,0.67,27399.0,16.2,0.85,2016-2017,WA,98948,Regular School,High,No
530910001544,0.06,0.71,0.71,57336.0,22.79,0.24,2016-2017,WA,98501,Regular School,High,No
530910002602,0.08,0.63,0.52,50385.0,22.84,0.22,2016-2017,WA,98512,Regular School,High,No
530918001549,0.15,0.79,0.61,44073.0,22.84,0.27,2016-2017,WA,98466,Regular School,High,No
530927001557,0.11,0.62,0.41,40820.0,23.42,0.2,2016-2017,WA,98665,Regular School,High,No
530927001560,0.15,0.56,0.29,26703.0,17.52,0.67,2016-2017,WA,98661,Regular School,High,No
530927001569,0.15,0.56,0.25,38090.0,20.05,0.58,2016-2017,WA,98663,Regular School,High,No
530927002555,0.13,0.81,0.84,68167.0,22.06,0.24,2016-2017,WA,98685,Regular School,High,No
530930001591,0.06,0.84,0.75,66401.0,24.99,0.13,2016-2017,WA,98070,Regular School,High,No
530933001594,0.13,0.59,0.57,44500.0,21.5,0.41,2016-2017,WA,98612,Regular School,High,No
530936002070,0.09,0.22,0.73,43958.0,17.37,0.97,2016-2017,WA,99349,Regular School,High,No
530945001609,0.11,0.73,0.69,55123.0,22.28,0.4,2016-2017,WA,99362,Regular School,High,No
530948001617,0.13,0.18,0.53,32202.0,17.1,1.0,2016-2017,WA,98951,Regular School,High,No
530951001619,0.15,0.4,0.76,41894.0,16.42,0.62,2016-2017,WA,98857,Regular School,High,No
530954001624,0.09,0.71,0.89,77772.0,21.57,0.3,2016-2017,WA,98671,Regular School,High,No
530966001639,0.1,0.46,0.56,37036.0,22.01,0.46,2016-2017,WA,98801,Regular School,High,No
530969001648,0.09,0.67,0.59,43359.0,21.4,0.36,2016-2017,WA,99212,Regular School,High,No
530972001654,0.02,0.63,0.79,66536.0,21.81,0.27,2016-2017,WA,98908,Regular School,High,No
530978003153,0.12,0.54,0.89,66667.0,21.69,0.24,2016-2017,WA,98321,Regular School,High,No
530981001664,0.03,0.65,0.59,47960.0,22.59,0.35,2016-2017,WA,98672,Regular School,High,No
530984001668,0.05,0.51,0.74,42476.0,21.45,0.34,2016-2017,WA,99185,Regular School,High,No
530993001676,0.09,0.56,0.73,55531.0,20.64,0.57,2016-2017,WA,98596,Regular School,High,No
531005001682,0.12,0.63,0.62,62590.0,19.66,0.34,2016-2017,WA,98674,Regular School,High,No
531011001689,0.11,0.34,0.54,33598.0,18.76,0.74,2016-2017,WA,98902,Regular School,High,No
531011001690,0.07,0.64,0.6,42955.0,18.96,0.63,2016-2017,WA,98908,Regular School,High,No
531014001716,0.1,0.61,0.5,46278.0,20.81,0.31,2016-2017,WA,98597,Regular School,High,No
550001602378,0.03,0.53,0.81,48404.0,23.1,0.34,2016-2017,WI,54616,Regular School,High,No
550001700686,0.05,0.5,0.75,44676.0,21.8,0.27,2016-2017,WI,53817,Regular School,High,No
550005802763,0.03,0.58,0.58,43147.0,21.9,0.28,2016-2017,WI,54552,Regular School,High,No
550006000005,0.1,0.54,0.51,44663.0,21.0,0.6,2016-2017,WI,53910,Regular School,High,No
550006102807,0.06,0.56,0.72,41743.0,22.1,0.37,2016-2017,WI,54728,Regular School,High,No
550006602865,0.18,0.39,0.16,31818.0,16.8,0.93,2016-2017,WI,53216,Regular School,High,Yes
550015000016,0.1,0.49,0.68,39386.0,23.4,0.28,2016-2017,WI,54201,Regular School,High,No
550021000020,0.05,0.5,0.71,43112.0,20.8,0.44,2016-2017,WI,54611,Regular School,High,No
550027000026,0.06,0.68,0.78,51058.0,23.9,0.27,2016-2017,WI,54720,Regular School,High,No
550030000030,0.08,0.59,0.53,45176.0,21.7,0.3,2016-2017,WI,54001,Regular School,High,No
550033000033,0.08,0.62,0.78,62135.0,22.7,0.16,2016-2017,WI,54406,Regular School,High,No
550036000037,0.06,0.42,0.46,25716.0,21.8,0.36,2016-2017,WI,54409,Regular School,High,No
550039000047,0.05,0.66,0.69,56905.0,22.8,0.3,2016-2017,WI,54915,Regular School,High,No
550039000048,0.07,0.61,0.65,47031.0,23.0,0.39,2016-2017,WI,54914,Regular School,High,No
550039000597,0.01,0.82,0.75,84271.0,24.1,0.18,2016-2017,WI,54913,Regular School,High,No
550042000068,0.05,0.45,0.55,46285.0,22.1,0.31,2016-2017,WI,54612,Regular School,High,No
550051000073,0.03,0.77,0.46,41957.0,21.8,0.44,2016-2017,WI,54806,Regular School,High,No
550054000081,0.08,0.74,0.68,54375.0,24.0,0.18,2016-2017,WI,54304,Regular School,High,No
550057000087,0.06,0.42,0.9,58977.0,22.7,0.24,2016-2017,WI,54411,Regular School,High,No
550063000093,0.07,0.42,0.81,39195.0,23.1,0.36,2016-2017,WI,54722,Regular School,High,No
550072000094,0.05,0.63,0.77,59332.0,22.7,0.19,2016-2017,WI,54002,Regular School,High,No
550075000098,0.09,0.55,0.65,48242.0,20.9,0.39,2016-2017,WI,54810,Regular School,High,No
550081000103,0.11,0.51,0.47,38673.0,23.2,0.31,2016-2017,WI,53913,Regular School,High,No
550087000114,0.07,0.47,0.68,46832.0,19.2,0.43,2016-2017,WI,54812,Regular School,High,No
550096000123,0.07,0.56,0.78,52870.0,23.4,0.33,2016-2017,WI,53916,Regular School,High,No
550099000132,0.04,0.65,0.79,67200.0,23.9,0.17,2016-2017,WI,53508,Regular School,High,No
550105000146,0.14,0.36,0.49,32776.0,19.3,0.61,2016-2017,WI,53511,Regular School,High,No
550108000156,0.08,0.61,0.6,53460.0,20.6,0.28,2016-2017,WI,53511,Regular School,High,No
550114000162,0.1,0.45,0.61,40731.0,22.6,0.3,2016-2017,WI,54923,Regular School,High,No
550123000172,0.04,0.63,0.78,63892.0,22.2,0.16,2016-2017,WI,53560,Regular School,High,No
550126000175,0.05,0.56,0.42,42380.0,20.8,0.35,2016-2017,WI,54615,Regular School,High,No
550135000184,0.04,0.6,0.71,58852.0,22.9,0.21,2016-2017,WI,54724,Regular School,High,No
550147000189,0.05,0.5,0.79,53088.0,22.9,0.3,2016-2017,WI,54107,Regular School,High,No
550150000193,0.09,0.47,0.58,42240.0,22.9,0.38,2016-2017,WI,53805,Regular School,High,No
550159000202,0.09,0.47,0.74,49005.0,22.6,0.31,2016-2017,WI,54725,Regular School,High,No
550168000207,0.04,0.54,0.81,60585.0,23.6,0.2,2016-2017,WI,54110,Regular School,High,No
550174000212,0.05,0.54,0.71,45045.0,21.3,0.27,2016-2017,WI,53520,Regular School,High,No
550177000214,0.03,0.87,0.83,93199.0,25.3,0.09,2016-2017,WI,53005,Regular School,High,No
550177000215,0.09,0.88,0.89,78519.0,25.7,0.08,2016-2017,WI,53005,Regular School,High,No
550180000230,0.07,0.74,0.8,67420.0,20.1,0.39,2016-2017,WI,53223,Regular School,High,No
550183000235,0.1,0.47,0.67,38295.0,21.0,0.43,2016-2017,WI,54819,Regular School,High,No
550189000237,0.08,0.58,0.43,46735.0,22.2,0.25,2016-2017,WI,53105,Regular School,High,No
550204000248,0.07,0.47,0.77,48333.0,24.2,0.23,2016-2017,WI,54727,Regular School,High,No
550210000255,0.06,0.69,0.84,72909.0,24.3,0.18,2016-2017,WI,53523,Regular School,High,No
550213000257,0.08,0.55,0.56,37435.0,22.3,0.27,2016-2017,WI,54822,Regular School,High,No
550216000259,0.05,0.51,0.7,62161.0,22.6,0.16,2016-2017,WI,53010,Regular School,High,No
550243000267,0.05,0.61,0.87,60846.0,23.2,0.11,2016-2017,WI,53013,Regular School,High,No
550246000270,0.07,0.86,0.83,76061.0,25.5,0.06,2016-2017,WI,53012,Regular School,High,No
550252000279,0.06,0.48,0.66,55131.0,21.0,0.19,2016-2017,WI,53014,Regular School,High,No
550255000282,0.16,0.55,0.75,40673.0,23.0,0.29,2016-2017,WI,54729,Regular School,High,No
550261000292,0.11,0.48,0.61,46250.0,20.6,0.33,2016-2017,WI,54005,Regular School,High,No
550264000296,0.04,0.52,0.78,57953.0,22.2,0.22,2016-2017,WI,53525,Regular School,High,No
550267000302,0.08,0.47,0.68,45469.0,22.0,0.32,2016-2017,WI,54929,Regular School,High,No
550270000307,0.04,0.58,0.8,53056.0,24.0,0.23,2016-2017,WI,54629,Regular School,High,No
550273000309,0.05,0.42,0.69,42472.0,21.9,0.27,2016-2017,WI,54421,Regular School,High,No
550276000314,0.07,0.52,0.7,48514.0,21.0,0.25,2016-2017,WI,54112,Regular School,High,No
550279000316,0.06,0.64,0.68,57997.0,21.5,0.33,2016-2017,WI,54730,Regular School,High,No
550282000318,0.09,0.69,0.85,56799.0,22.9,0.14,2016-2017,WI,53925,Regular School,High,No
550288000324,0.06,0.52,0.77,51377.0,23.3,0.36,2016-2017,WI,54732,Regular School,High,No
550291000327,0.13,0.49,0.55,39730.0,19.7,0.32,2016-2017,WI,54520,Regular School,High,No
550297000330,0.08,0.58,0.66,40926.0,23.6,0.35,2016-2017,WI,54114,Regular School,High,No
550303000333,0.04,0.57,0.77,53571.0,22.4,0.14,2016-2017,WI,53807,Regular School,High,No
550306000336,0.12,0.45,0.66,38314.0,20.6,0.44,2016-2017,WI,53110,Regular School,High,No
550309000344,0.06,0.55,0.52,46285.0,21.1,0.41,2016-2017,WI,54829,Regular School,High,No
550315000348,0.03,0.52,0.72,48517.0,23.5,0.2,2016-2017,WI,53530,Regular School,High,No
550318000355,0.03,0.73,0.79,71615.0,23.0,0.17,2016-2017,WI,53532,Regular School,High,No
550321000361,0.04,0.78,0.75,66391.0,24.8,0.12,2016-2017,WI,54115,Regular School,High,No
550324000365,0.06,0.6,0.89,45987.0,21.1,0.27,2016-2017,WI,54624,Regular School,High,No
550327000371,0.06,0.69,0.84,72909.0,22.6,0.2,2016-2017,WI,53531,Regular School,High,No
550351000376,0.04,0.89,0.77,106938.0,23.8,0.08,2016-2017,WI,53183,Regular School,High,No
550351002861,0.04,0.89,0.77,106938.0,24.0,0.09,2016-2017,WI,53183,Regular School,High,Yes
550364000386,0.06,0.54,0.73,53256.0,20.7,0.47,2016-2017,WI,53115,Regular School,High,No
550366000388,0.04,0.52,0.73,65294.0,23.0,0.15,2016-2017,WI,54208,Regular School,High,No
550369000392,0.01,0.7,0.78,45231.0,23.8,0.21,2016-2017,WI,53533,Regular School,High,No
550381000396,0.07,0.66,0.77,45469.0,22.9,0.4,2016-2017,WI,54832,Regular School,High,No
550386000406,0.08,0.57,0.58,39937.0,23.4,0.29,2016-2017,WI,54521,Regular School,High,No
550402000410,0.06,0.61,0.84,72442.0,23.2,0.19,2016-2017,WI,53120,Regular School,High,No
550405000429,0.04,0.82,0.38,43700.0,22.5,0.21,2016-2017,WI,54701,Regular School,High,No
550405000431,0.03,0.76,0.8,54213.0,20.4,0.36,2016-2017,WI,54703,Regular School,High,No
550408000441,0.05,0.53,0.81,59909.0,21.8,0.18,2016-2017,WI,54426,Regular School,High,No
550411000443,0.06,0.63,0.63,46875.0,22.2,0.3,2016-2017,WI,53534,Regular School,High,No
550420000450,0.04,0.55,0.75,50046.0,23.3,0.27,2016-2017,WI,54770,Regular School,High,No
550423000453,0.04,0.73,0.73,57991.0,23.7,0.24,2016-2017,WI,54739,Regular School,High,No
550426000456,0.05,0.6,0.74,58787.0,21.7,0.0,2016-2017,WI,53020,Regular School,High,No
550429000459,0.08,0.61,0.7,51944.0,22.1,0.23,2016-2017,WI,53121,Regular School,High,No
550432000464,0.06,0.54,0.69,58566.0,21.8,0.16,2016-2017,WI,54011,Regular School,High,No
550438000474,0.11,0.43,0.69,48373.0,20.0,0.29,2016-2017,WI,53929,Regular School,High,No
550444000478,0.04,0.63,0.76,62820.0,22.4,0.22,2016-2017,WI,53536,Regular School,High,No
550450000481,0.04,0.64,0.81,61450.0,23.4,0.2,2016-2017,WI,54742,Regular School,High,No
550459000486,0.04,0.64,0.8,47404.0,22.9,0.27,2016-2017,WI,53809,Regular School,High,No
550465000490,0.08,0.56,0.79,37298.0,20.9,0.3,2016-2017,WI,54121,Regular School,High,No
550468000498,0.05,0.68,0.71,57554.0,22.5,0.32,2016-2017,WI,54935,Regular School,High,No
550474000510,0.05,0.69,0.57,55404.0,22.9,0.23,2016-2017,WI,53538,Regular School,High,No
550483000522,0.05,0.76,0.87,89917.0,23.6,0.13,2016-2017,WI,53132,Regular School,High,No
550489000530,0.04,0.62,0.81,63352.0,21.6,0.16,2016-2017,WI,53021,Regular School,High,No
550492000533,0.04,0.64,0.9,76225.0,22.5,0.1,2016-2017,WI,54130,Regular School,High,No
550496000536,0.05,0.61,0.66,55278.0,22.4,0.15,2016-2017,WI,54630,Regular School,High,No
550498000543,0.08,0.49,0.77,43333.0,21.4,0.4,2016-2017,WI,54655,Regular School,High,No
550516000557,0.07,0.63,0.65,72375.0,23.7,0.13,2016-2017,WI,53022,Regular School,High,No
550522000561,0.08,0.72,0.7,48385.0,22.9,0.16,2016-2017,WI,54212,Regular School,High,No
550525000564,0.08,0.43,0.66,42625.0,19.4,0.27,2016-2017,WI,54124,Regular School,High,No
550528000568,0.05,0.38,0.79,40074.0,23.1,0.46,2016-2017,WI,54433,Regular School,High,No
550549000584,0.04,0.81,0.85,57798.0,24.0,0.18,2016-2017,WI,53217,Regular School,High,No
550552000587,0.07,0.54,0.73,59485.0,23.4,0.21,2016-2017,WI,54013,Regular School,High,No
550561002248,0.03,0.8,0.81,85592.0,24.2,0.12,2016-2017,WI,53024,Regular School,High,No
550567000602,0.14,0.5,0.6,36795.0,23.5,0.33,2016-2017,WI,54840,Regular School,High,No
550582000618,0.09,0.31,0.63,26724.0,20.8,0.62,2016-2017,WI,54301,Regular School,High,No
550582000636,0.07,0.68,0.83,50855.0,21.7,0.4,2016-2017,WI,54302,Regular School,High,No
550582000638,0.05,0.73,0.68,52458.0,22.4,0.34,2016-2017,WI,54304,Regular School,High,No
550582000644,0.22,0.49,0.64,42900.0,20.9,0.63,2016-2017,WI,54303,Regular School,High,No
550591002254,0.07,0.73,0.78,49879.0,24.4,0.15,2016-2017,WI,53129,Regular School,High,No
550594000653,0.09,0.55,0.44,38796.0,21.9,0.34,2016-2017,WI,53220,Regular School,High,No
550597000657,0.05,0.45,0.73,43065.0,23.5,0.29,2016-2017,WI,54437,Regular School,High,No
550600000661,0.06,0.71,0.86,51250.0,22.2,0.19,2016-2017,WI,53228,Regular School,High,No
550603000664,0.08,0.63,0.65,58309.0,24.5,0.12,2016-2017,WI,53089,Regular School,High,No
550606000672,0.06,0.7,0.77,72094.0,23.3,0.17,2016-2017,WI,54015,Regular School,High,No
550612000677,0.05,0.59,0.69,51226.0,23.4,0.19,2016-2017,WI,53027,Regular School,High,No
550618000678,0.07,0.77,0.79,55045.0,25.1,0.07,2016-2017,WI,53029,Regular School,High,No
550627000690,0.07,0.75,0.67,39710.0,22.4,0.46,2016-2017,WI,54843,Regular School,High,No
550630000696,0.04,0.57,0.77,53571.0,23.1,0.21,2016-2017,WI,53811,Regular School,High,No
550645000701,0.03,0.46,0.75,57383.0,20.7,0.09,2016-2017,WI,54129,Regular School,High,No
550654000706,0.07,0.7,0.85,65438.0,22.7,0.2,2016-2017,WI,54636,Regular School,High,No
550657000712,0.07,0.54,0.71,58750.0,21.4,0.2,2016-2017,WI,53032,Regular School,High,No
550660000715,0.05,0.61,0.96,87679.0,23.0,0.12,2016-2017,WI,54944,Regular School,High,No
550663000716,0.05,0.67,0.73,58547.0,23.9,0.14,2016-2017,WI,54313,Regular School,High,No
550666000721,0.04,0.53,0.86,66875.0,22.9,0.09,2016-2017,WI,53083,Regular School,High,No
550669000729,0.04,0.8,0.8,74779.0,24.4,0.09,2016-2017,WI,54016,Regular School,High,No
550681000740,0.07,0.49,0.62,40610.0,21.7,0.26,2016-2017,WI,54747,Regular School,High,No
550684000742,0.07,0.6,0.8,53433.0,22.5,0.22,2016-2017,WI,54945,Regular School,High,No
550687000745,0.05,0.56,0.78,51763.0,21.4,0.21,2016-2017,WI,53554,Regular School,High,No
550702000757,0.06,0.72,0.72,59191.0,22.2,0.31,2016-2017,WI,53545,Regular School,High,No
550702000770,0.2,0.43,0.39,37019.0,21.3,0.41,2016-2017,WI,53548,Regular School,High,No
550705000778,0.06,0.47,0.64,46083.0,22.1,0.29,2016-2017,WI,53549,Regular School,High,No
550726000787,0.05,0.55,0.71,51150.0,21.3,0.24,2016-2017,WI,53039,Regular School,High,No
550729000793,0.04,0.57,0.71,56280.0,21.8,0.18,2016-2017,WI,54130,Regular School,High,No
550732000801,0.18,0.53,0.52,37155.0,20.5,0.43,2016-2017,WI,53144,Regular School,High,No
550732000828,0.1,0.59,0.58,48625.0,22.6,0.33,2016-2017,WI,53143,Regular School,High,No
550732001461,0.1,0.64,0.59,62679.0,20.4,0.38,2016-2017,WI,53144,Regular School,High,No
550738000837,0.03,0.64,0.67,60213.0,21.9,0.18,2016-2017,WI,53040,Regular School,High,No
550741000841,0.04,0.5,0.89,51414.0,22.1,0.14,2016-2017,WI,54216,Regular School,High,No
550744000844,0.05,0.55,0.82,54612.0,22.1,0.16,2016-2017,WI,53042,Regular School,High,No
550747000850,0.06,0.55,0.66,46030.0,22.8,0.11,2016-2017,WI,54136,Regular School,High,No
550750000853,0.04,0.72,0.82,74892.0,24.2,0.0,2016-2017,WI,53044,Regular School,High,No
550753000854,0.05,0.72,0.76,48400.0,22.4,0.33,2016-2017,WI,54601,Regular School,High,No
550753000865,0.1,0.57,0.47,30869.0,22.5,0.38,2016-2017,WI,54603,Regular School,High,No
550759000877,0.08,0.53,0.3,36136.0,22.5,0.37,2016-2017,WI,54848,Regular School,High,No
550765000884,0.09,0.61,0.73,47479.0,22.6,0.36,2016-2017,WI,53147,Regular School,High,No
550771000887,0.05,0.7,0.78,58669.0,23.2,0.17,2016-2017,WI,53551,Regular School,High,No
550777000891,0.03,0.59,0.78,46288.0,22.7,0.17,2016-2017,WI,53813,Regular School,High,No
550816000901,0.06,0.6,0.66,57870.0,22.2,0.21,2016-2017,WI,54140,Regular School,High,No
550819000905,0.03,0.74,0.78,66506.0,22.9,0.17,2016-2017,WI,53555,Regular School,High,No
550822000908,0.05,0.51,0.71,54946.0,22.1,0.16,2016-2017,WI,53048,Regular School,High,No
550825000912,0.05,0.38,0.85,47170.0,20.9,0.29,2016-2017,WI,54446,Regular School,High,No
550828000915,0.09,0.55,0.65,48242.0,22.0,0.31,2016-2017,WI,54853,Regular School,High,No
550834000918,0.04,0.57,0.8,61786.0,22.8,0.13,2016-2017,WI,54217,Regular School,High,No
550852000925,0.08,0.79,0.5,38995.0,20.7,0.51,2016-2017,WI,53704,Regular School,High,No
550852000937,0.05,0.89,0.95,83804.0,23.8,0.33,2016-2017,WI,53717,Regular School,High,No
550852000941,0.05,0.77,0.72,50968.0,19.9,0.47,2016-2017,WI,53716,Regular School,High,No
550852000967,0.03,0.99,0.92,39855.0,24.7,0.31,2016-2017,WI,53726,Regular School,High,No
550855000968,0.05,0.5,0.78,61861.0,20.9,0.28,2016-2017,WI,54949,Regular School,High,No
550861000976,0.1,0.56,0.73,40859.0,21.5,0.31,2016-2017,WI,54220,Regular School,High,No
550864000987,0.07,0.68,0.76,57253.0,23.2,0.3,2016-2017,WI,54854,Regular School,High,No
550867000992,0.05,0.53,0.81,59909.0,24.3,0.1,2016-2017,WI,54448,Regular School,High,No
550870000995,0.07,0.62,0.76,27208.0,21.8,0.37,2016-2017,WI,54143,Regular School,High,No
550873001005,0.13,0.48,0.59,38091.0,22.9,0.36,2016-2017,WI,54950,Regular School,High,No
550876001011,0.08,0.43,0.82,48125.0,21.9,0.24,2016-2017,WI,53946,Regular School,High,No
550879001013,0.07,0.6,0.56,62279.0,22.0,0.28,2016-2017,WI,53559,Regular School,High,No
550882001021,0.07,0.54,0.61,37060.0,24.8,0.21,2016-2017,WI,54449,Regular School,High,No
550885001025,0.04,0.46,0.5,37830.0,22.8,0.36,2016-2017,WI,53948,Regular School,High,No
550888001030,0.08,0.5,0.59,52500.0,21.2,0.21,2016-2017,WI,53050,Regular School,High,No
550891001035,0.02,0.83,0.81,68818.0,24.9,0.13,2016-2017,WI,53558,Regular School,High,No
550894001043,0.09,0.58,0.76,40075.0,23.1,0.28,2016-2017,WI,54451,Regular School,High,No
550900001051,0.06,0.58,0.77,55901.0,21.5,0.28,2016-2017,WI,54642,Regular School,High,No
550903001059,0.05,0.64,0.57,43304.0,21.0,0.43,2016-2017,WI,54952,Regular School,High,No
550906002338,0.01,0.68,0.73,68299.0,23.5,0.16,2016-2017,WI,53051,Regular School,High,No
550907001070,0.13,0.53,0.33,28315.0,18.0,0.65,2016-2017,WI,54135,Regular School,High,No
550909001079,0.07,0.68,0.59,45057.0,22.5,0.3,2016-2017,WI,54751,Regular School,High,No
550913001085,0.05,0.83,0.62,54241.0,25.9,0.06,2016-2017,WI,53092,Regular School,High,No
550921001099,0.06,0.57,0.6,34694.0,22.3,0.32,2016-2017,WI,54452,Regular School,High,No
550951001107,0.09,0.73,0.56,46136.0,25.3,0.13,2016-2017,WI,53562,Regular School,High,No
550957001118,0.08,0.6,0.76,58063.0,22.1,0.2,2016-2017,WI,53563,Regular School,High,No
550960000670,0.02,0.53,0.81,50179.0,13.2,0.8,2016-2017,WI,53233,Regular School,High,No
550960001127,0.05,0.83,0.83,70370.0,15.4,0.88,2016-2017,WI,53207,Regular School,High,No
550960001180,0.09,0.53,0.67,45044.0,15.6,0.75,2016-2017,WI,53220,Regular School,High,No
550960001199,0.25,0.52,0.15,30411.0,19.8,0.46,2016-2017,WI,53209,Regular School,High,No
550960001218,0.08,0.62,0.32,25227.0,14.6,0.86,2016-2017,WI,53204,Regular School,High,No
550960001235,0.09,0.49,0.73,31817.0,14.1,0.84,2016-2017,WI,53215,Regular School,High,No
550960001237,0.09,0.89,0.95,24655.0,16.5,0.66,2016-2017,WI,53211,Regular School,High,No
550960001247,0.2,0.23,0.5,22708.0,14.4,0.86,2016-2017,WI,53204,Regular School,High,No
550960002272,0.14,0.71,0.49,59423.0,14.7,0.81,2016-2017,WI,53224,Regular School,High,No
550960002339,0.11,0.6,0.18,17361.0,17.2,0.63,2016-2017,WI,53233,Regular School,High,No
550960002603,0.33,0.5,0.35,13325.0,16.6,0.73,2016-2017,WI,53205,Regular School,High,Yes
550960002608,0.12,0.55,0.34,33684.0,14.1,0.86,2016-2017,WI,53210,Regular School,High,No
550960002700,0.24,0.38,0.34,40016.0,14.4,0.84,2016-2017,WI,53218,Regular School,High,No
550960002730,0.21,0.29,0.02,28295.0,14.0,0.88,2016-2017,WI,53206,Regular School,High,No
550960002755,0.12,0.24,0.64,34925.0,19.2,0.83,2016-2017,WI,53215,Regular School,High,Yes
550960002782,0.05,0.6,0.55,42212.0,16.9,0.65,2016-2017,WI,53215,Regular School,High,No
550960002822,0.02,0.86,0.78,79643.0,16.3,0.69,2016-2017,WI,53204,Regular School,High,Yes
550960003342,0.1,0.67,0.89,57893.0,19.6,0.57,2016-2017,WI,53221,Regular School,High,No
550960003370,0.17,0.48,0.41,33893.0,12.8,0.81,2016-2017,WI,53223,Regular School,High,No
550963001274,0.06,0.71,0.56,38684.0,23.1,0.38,2016-2017,WI,54548,Regular School,High,No
550966001276,0.04,0.67,0.76,57250.0,21.6,0.16,2016-2017,WI,53565,Regular School,High,No
550975001283,0.06,0.56,0.88,60000.0,22.8,0.15,2016-2017,WI,54228,Regular School,High,No
550978001287,0.06,0.57,0.45,41161.0,24.4,0.22,2016-2017,WI,54755,Regular School,High,No
550981001291,0.08,0.72,0.75,56008.0,22.8,0.16,2016-2017,WI,53716,Regular School,High,No
550984001298,0.09,0.48,0.55,42378.0,22.7,0.28,2016-2017,WI,53566,Regular School,High,No
550996001308,0.06,0.57,0.69,54394.0,22.7,0.22,2016-2017,WI,54455,Regular School,High,No
550999001312,0.05,0.73,0.77,64141.0,24.4,0.11,2016-2017,WI,53572,Regular School,High,No
551006001319,0.02,0.67,0.81,71316.0,23.4,0.1,2016-2017,WI,53149,Regular School,High,No
551014001328,0.07,0.45,0.68,48125.0,20.5,0.31,2016-2017,WI,53573,Regular School,High,No
551017001335,0.03,0.7,0.8,84464.0,23.2,0.11,2016-2017,WI,53150,Regular School,High,No
551032001348,0.03,0.59,0.4,45708.0,24.2,0.23,2016-2017,WI,54956,Regular School,High,No
551035001357,0.08,0.53,0.8,39979.0,21.4,0.32,2016-2017,WI,54456,Regular School,High,No
551038001360,0.1,0.57,0.65,43668.0,21.4,0.27,2016-2017,WI,54457,Regular School,High,No
551047001366,0.05,0.81,0.97,92356.0,24.7,0.07,2016-2017,WI,53151,Regular School,High,No
551047001372,0.02,0.79,0.88,66087.0,23.3,0.15,2016-2017,WI,53146,Regular School,High,No
551050001376,0.03,0.64,0.85,71719.0,21.7,0.19,2016-2017,WI,53574,Regular School,High,No
551053001379,0.06,0.58,0.83,49621.0,22.6,0.19,2016-2017,WI,53061,Regular School,High,No
551056001382,0.07,0.53,0.7,50529.0,20.8,0.41,2016-2017,WI,53950,Regular School,High,No
551059001384,0.09,0.44,0.71,48417.0,21.6,0.19,2016-2017,WI,54961,Regular School,High,No
551062001390,0.1,0.73,0.76,57135.0,23.3,0.26,2016-2017,WI,54017,Regular School,High,No
551074001399,0.07,0.5,0.67,47011.0,19.8,0.31,2016-2017,WI,54937,Regular School,High,No
551077001402,0.06,0.45,0.74,49792.0,19.0,0.4,2016-2017,WI,54651,Regular School,High,No
551083001411,0.05,0.69,0.76,66800.0,21.7,0.23,2016-2017,WI,53154,Regular School,High,No
551086001415,0.06,0.6,0.72,57500.0,20.9,0.11,2016-2017,WI,53065,Regular School,High,No
551089001421,0.06,0.67,0.55,56318.0,23.0,0.13,2016-2017,WI,53066,Regular School,High,No
551092001428,0.08,0.47,0.79,51071.0,22.0,0.37,2016-2017,WI,54153,Regular School,High,No
551095001435,0.06,0.55,0.66,42338.0,23.6,0.23,2016-2017,WI,54154,Regular School,High,No
551098001441,0.05,0.56,0.82,59917.0,22.2,0.21,2016-2017,WI,54963,Regular School,High,No
551101001447,0.06,0.6,0.67,45745.0,23.2,0.2,2016-2017,WI,54650,Regular School,High,No
551107001466,0.02,0.75,0.83,74614.0,22.5,0.11,2016-2017,WI,53070,Regular School,High,No
551110001470,0.05,0.78,0.7,67868.0,23.8,0.13,2016-2017,WI,53575,Regular School,High,No
551113001476,0.07,0.57,0.68,51875.0,22.1,0.25,2016-2017,WI,53576,Regular School,High,No
551116001480,0.06,0.63,0.74,58634.0,21.8,0.19,2016-2017,WI,54020,Regular School,High,No
551119001495,0.06,0.53,0.46,45080.0,21.5,0.4,2016-2017,WI,54901,Regular School,High,No
551119001496,0.06,0.6,0.69,40614.0,23.4,0.22,2016-2017,WI,54902,Regular School,High,No
551122001508,0.04,0.58,0.76,50792.0,21.6,0.22,2016-2017,WI,54758,Regular School,High,No
551131001510,0.08,0.38,0.82,42313.0,22.4,0.36,2016-2017,WI,54460,Regular School,High,No
551135002274,0.08,0.54,0.76,53598.0,22.7,0.19,2016-2017,WI,53156,Regular School,High,No
551137001518,0.07,0.56,0.76,60293.0,21.7,0.29,2016-2017,WI,53954,Regular School,High,No
551161001534,0.11,0.46,0.74,62464.0,23.7,0.27,2016-2017,WI,54157,Regular School,High,No
551164001537,0.04,0.79,0.8,77202.0,24.5,0.1,2016-2017,WI,53072,Regular School,High,No
551173001544,0.1,0.59,0.6,40583.0,22.4,0.33,2016-2017,WI,54555,Regular School,High,No
551179001547,0.04,0.48,0.79,47813.0,20.2,0.19,2016-2017,WI,54466,Regular School,High,No
551182001548,0.1,0.47,0.8,43250.0,19.6,0.42,2016-2017,WI,54966,Regular School,High,No
551185001553,0.07,0.64,0.56,38075.0,23.5,0.2,2016-2017,WI,53818,Regular School,High,No
551194001562,0.08,0.69,0.67,51250.0,23.8,0.15,2016-2017,WI,53073,Regular School,High,No
551197001564,0.05,0.58,0.75,39750.0,21.9,0.28,2016-2017,WI,54469,Regular School,High,No
551200001568,0.08,0.64,0.39,45598.0,23.7,0.16,2016-2017,WI,53074,Regular School,High,No
551206002284,0.05,0.6,0.57,45085.0,22.6,0.29,2016-2017,WI,53901,Regular School,High,No
551212001580,0.06,0.67,0.62,61205.0,21.9,0.17,2016-2017,WI,53955,Regular School,High,No
551215001584,0.07,0.54,0.56,40147.0,21.3,0.3,2016-2017,WI,53821,Regular School,High,No
551221001589,0.07,0.53,0.7,41319.0,21.1,0.25,2016-2017,WI,54556,Regular School,High,No
551224001592,0.05,0.7,0.84,82364.0,22.2,0.16,2016-2017,WI,54021,Regular School,High,No
551233001600,0.05,0.67,0.77,58487.0,24.1,0.14,2016-2017,WI,54162,Regular School,High,No
551236001620,0.16,0.5,0.57,42864.0,19.0,0.56,2016-2017,WI,53404,Regular School,High,No
551236001621,0.12,0.78,0.83,52500.0,20.6,0.5,2016-2017,WI,53406,Regular School,High,No
551236001635,0.13,0.28,0.42,25956.0,19.8,0.59,2016-2017,WI,53403,Regular School,High,No
551242001651,0.04,0.52,0.73,51705.0,21.8,0.2,2016-2017,WI,53956,Regular School,High,No
551245001655,0.07,0.58,0.72,62713.0,22.4,0.18,2016-2017,WI,53075,Regular School,High,No
551266001664,0.04,0.6,0.87,48141.0,21.6,0.27,2016-2017,WI,53959,Regular School,High,No
551269001670,0.06,0.48,0.78,58092.0,23.4,0.19,2016-2017,WI,54230,Regular School,High,No
551272001682,0.07,0.64,0.73,36120.0,22.3,0.31,2016-2017,WI,54501,Regular School,High,No
551278001687,0.06,0.41,0.64,45262.0,21.6,0.43,2016-2017,WI,54470,Regular School,High,No
551281001699,0.08,0.55,0.56,37435.0,23.3,0.3,2016-2017,WI,54868,Regular School,High,No
551296001707,0.06,0.75,0.86,50859.0,22.0,0.38,2016-2017,WI,53581,Regular School,High,No
551302001718,0.04,0.67,0.66,46887.0,23.6,0.21,2016-2017,WI,54971,Regular School,High,No
551305001724,0.05,0.77,0.64,40238.0,23.2,0.11,2016-2017,WI,54022,Regular School,High,No
551310001729,0.05,0.6,0.85,67391.0,23.2,0.12,2016-2017,WI,54974,Regular School,High,No
551314001733,0.05,0.51,0.79,57875.0,21.1,0.15,2016-2017,WI,54473,Regular School,High,No
551317001734,0.08,0.62,0.67,47847.0,22.8,0.24,2016-2017,WI,54476,Regular School,High,No
551323001746,0.1,0.61,0.61,45956.0,22.8,0.28,2016-2017,WI,54024,Regular School,High,No
551326001748,0.1,0.72,0.86,46471.0,20.0,0.35,2016-2017,WI,53235,Regular School,High,No
551329001751,0.06,0.54,0.61,67555.0,23.2,0.2,2016-2017,WI,53168,Regular School,High,No
551341001759,0.07,0.6,0.71,50784.0,23.7,0.22,2016-2017,WI,53578,Regular School,High,No
551350001768,0.08,0.59,0.74,57328.0,23.3,0.26,2016-2017,WI,54235,Regular School,High,No
551353001773,0.03,0.55,0.68,51667.0,22.1,0.22,2016-2017,WI,54165,Regular School,High,No
551362001780,0.07,0.54,0.44,41033.0,21.6,0.34,2016-2017,WI,54166,Regular School,High,No
551365001794,0.08,0.59,0.54,45953.0,22.7,0.29,2016-2017,WI,53083,Regular School,High,No
551365001797,0.1,0.55,0.69,48877.0,18.9,0.32,2016-2017,WI,53081,Regular School,High,No
551365002695,0.14,0.38,0.5,33631.0,18.0,0.34,2016-2017,WI,53081,Regular School,High,Yes
551365002879,0.14,0.38,0.5,33631.0,14.5,0.65,2016-2017,WI,53081,Regular School,High,Yes
551368001802,0.08,0.66,0.76,55417.0,23.2,0.19,2016-2017,WI,53085,Regular School,High,No
551371001805,0.06,0.63,0.75,47026.0,22.3,0.39,2016-2017,WI,54871,Regular School,High,No
551377001808,0.07,0.51,0.73,62159.0,21.9,0.24,2016-2017,WI,54170,Regular School,High,No
551380001811,0.05,0.9,0.6,33488.0,24.9,0.16,2016-2017,WI,53211,Regular School,High,No
551395001821,0.07,0.63,0.76,66905.0,23.9,0.09,2016-2017,WI,53086,Regular School,High,No
551401001825,0.05,0.65,0.79,72137.0,21.8,0.21,2016-2017,WI,54025,Regular School,High,No
551404001832,0.07,0.59,0.62,46835.0,21.9,0.35,2016-2017,WI,53172,Regular School,High,No
551413001834,0.05,0.52,0.75,55885.0,22.6,0.22,2016-2017,WI,54204,Regular School,High,No
551416001843,0.07,0.61,0.52,39418.0,22.8,0.3,2016-2017,WI,54656,Regular School,High,No
551422001848,0.06,0.63,0.75,47026.0,22.1,0.36,2016-2017,WI,54801,Regular School,High,No
551425001855,0.03,0.59,0.67,56714.0,23.2,0.22,2016-2017,WI,53588,Regular School,High,No
551434001863,0.06,0.55,0.74,48969.0,24.2,0.22,2016-2017,WI,54767,Regular School,High,No
551443001867,0.06,0.37,0.81,43468.0,22.2,0.29,2016-2017,WI,54768,Regular School,High,No
551449001880,0.06,0.64,0.61,29527.0,22.9,0.25,2016-2017,WI,54481,Regular School,High,No
551455001886,0.02,0.79,0.71,63005.0,23.6,0.17,2016-2017,WI,53589,Regular School,High,No
551458001891,0.03,0.56,0.74,60257.0,23.5,0.17,2016-2017,WI,54484,Regular School,High,No
551461001894,0.07,0.64,0.57,46393.0,24.0,0.22,2016-2017,WI,54235,Regular School,High,No
551464001902,0.1,0.61,0.38,42024.0,23.1,0.22,2016-2017,WI,53590,Regular School,High,No
551467001918,0.09,0.75,0.7,46389.0,22.7,0.35,2016-2017,WI,54880,Regular School,High,No
551470001922,0.07,0.43,0.82,41801.0,21.4,0.25,2016-2017,WI,54174,Regular School,High,No
551482001926,0.06,0.37,0.81,43468.0,23.4,0.32,2016-2017,WI,54771,Regular School,High,No
551485001929,0.05,0.74,0.94,54688.0,22.4,0.32,2016-2017,WI,54562,Regular School,High,No
551491001939,0.04,0.59,0.72,50168.0,21.6,0.28,2016-2017,WI,54660,Regular School,High,No
551494001947,0.09,0.56,0.66,34133.0,22.7,0.3,2016-2017,WI,54487,Regular School,High,No
551497001951,0.03,0.39,0.85,40980.0,21.8,0.43,2016-2017,WI,54563,Regular School,High,No
551512001962,0.11,0.57,0.7,37371.0,21.8,0.36,2016-2017,WI,54241,Regular School,High,No
551515001963,0.09,0.61,0.67,59821.0,21.9,0.13,2016-2017,WI,53182,Regular School,High,No
551521001967,0.05,0.55,0.84,60332.0,21.8,0.18,2016-2017,WI,54245,Regular School,High,No
551533001972,0.08,0.87,0.75,79869.0,23.8,0.18,2016-2017,WI,53593,Regular School,High,No
551536001976,0.04,0.63,0.6,38994.0,22.8,0.31,2016-2017,WI,54665,Regular School,High,No
551539001979,0.11,0.45,0.67,43292.0,18.8,0.42,2016-2017,WI,54566,Regular School,High,No
551548001982,0.09,0.72,0.68,61250.0,21.5,0.28,2016-2017,WI,53184,Regular School,High,No
551554001985,0.03,0.77,0.46,41957.0,22.3,0.21,2016-2017,WI,54891,Regular School,High,No
551560001988,0.04,0.65,0.74,78656.0,23.5,0.11,2016-2017,WI,53185,Regular School,High,No
551572001995,0.07,0.6,0.56,62279.0,22.7,0.19,2016-2017,WI,53594,Regular School,High,No
551575002002,0.16,0.68,0.85,60941.0,22.2,0.31,2016-2017,WI,53098,Regular School,High,No
551578000528,0.07,0.83,0.8,88611.0,23.2,0.15,2016-2017,WI,53189,Regular School,High,No
551578002019,0.03,0.74,0.91,65516.0,22.4,0.27,2016-2017,WI,53188,Regular School,High,No
551578002025,0.04,0.73,0.79,69698.0,22.3,0.4,2016-2017,WI,53186,Regular School,High,No
551578003334,0.04,0.73,0.79,69698.0,25.8,0.28,2016-2017,WI,53186,Regular School,High,Yes
551581002030,0.02,0.84,0.83,91058.0,25.1,0.07,2016-2017,WI,53597,Regular School,High,No
551584002035,0.08,0.51,0.73,45720.0,22.9,0.3,2016-2017,WI,54981,Regular School,High,No
551587002045,0.06,0.45,0.68,41587.0,20.7,0.29,2016-2017,WI,53963,Regular School,High,No
551590002063,0.07,0.72,0.72,61753.0,22.4,0.36,2016-2017,WI,54403,Regular School,High,No
551590002064,0.1,0.62,0.38,37932.0,21.9,0.34,2016-2017,WI,54401,Regular School,High,No
551593002068,0.12,0.45,0.62,36675.0,19.1,0.32,2016-2017,WI,54177,Regular School,High,No
551596002074,0.07,0.51,0.62,40592.0,20.9,0.5,2016-2017,WI,54982,Regular School,High,No
551599002077,0.02,0.92,0.8,95208.0,24.1,0.16,2016-2017,WI,53213,Regular School,High,No
551599002091,0.03,0.8,0.72,62150.0,23.3,0.26,2016-2017,WI,53222,Regular School,High,No
551623002099,0.12,0.48,0.66,44349.0,21.5,0.57,2016-2017,WI,54893,Regular School,High,No
551626002101,0.05,0.63,0.71,42404.0,18.2,0.6,2016-2017,WI,53227,Regular School,High,No
551626002117,0.09,0.57,0.51,37119.0,21.4,0.35,2016-2017,WI,53227,Regular School,High,No
551629002128,0.07,0.67,0.8,51026.0,21.7,0.23,2016-2017,WI,53095,Regular School,High,No
551629002135,0.07,0.67,0.8,51026.0,21.6,0.27,2016-2017,WI,53095,Regular School,High,No
551632002138,0.07,0.68,0.62,42500.0,24.2,0.19,2016-2017,WI,54115,Regular School,High,No
551635002141,0.04,0.69,0.72,53450.0,22.3,0.18,2016-2017,WI,54669,Regular School,High,No
551641002146,0.03,0.62,0.61,54207.0,21.0,0.21,2016-2017,WI,54667,Regular School,High,No
551644002151,0.08,0.44,0.48,50020.0,20.6,0.37,2016-2017,WI,53964,Regular School,High,No
551650002159,0.07,0.5,0.49,44135.0,22.9,0.25,2016-2017,WI,54983,Regular School,High,No
551662002170,0.07,0.94,0.9,135240.0,25.8,0.0,2016-2017,WI,53217,Regular School,High,No
551665002176,0.04,0.5,0.68,48795.0,22.7,0.31,2016-2017,WI,54773,Regular School,High,No
551668002182,0.08,0.68,0.56,41490.0,23.5,0.32,2016-2017,WI,53190,Regular School,High,No
551674002187,0.09,0.78,0.57,67972.0,24.1,0.18,2016-2017,WI,53191,Regular School,High,No
551677002188,0.11,0.53,0.76,54503.0,22.4,0.27,2016-2017,WI,53192,Regular School,High,No
551683002191,0.06,0.66,0.83,59781.0,24.0,0.13,2016-2017,WI,54986,Regular School,High,No
551704002200,0.03,0.58,0.57,45981.0,21.9,0.37,2016-2017,WI,53965,Regular School,High,No
551707002209,0.09,0.69,0.43,41667.0,22.2,0.34,2016-2017,WI,54494,Regular School,High,No
551710002222,0.07,0.44,0.67,42396.0,20.8,0.25,2016-2017,WI,54499,Regular School,High,No
551719002229,0.04,0.64,0.72,74223.0,23.0,0.16,2016-2017,WI,54180,Regular School,High,No
560073000001,0.1,0.68,0.28,26882.0,20.5,0.12,2016-2017,WY,82072,Regular School,High,No
560103000026,0.05,0.54,0.71,62292.0,18.3,0.17,2016-2017,WY,82301,Regular School,High,No
560126000041,0.04,0.58,0.7,70231.0,20.2,0.11,2016-2017,WY,83113,Regular School,High,No
560142000046,0.04,0.63,0.82,53897.0,19.0,0.23,2016-2017,WY,82420,Regular School,High,No
560146000054,0.04,0.63,0.82,53897.0,20.9,0.18,2016-2017,WY,82431,Regular School,High,No
560147000057,0.07,0.53,0.71,68457.0,19.4,0.18,2016-2017,WY,82716,Regular School,High,No
560147000429,0.03,0.61,0.82,89552.0,19.8,0.16,2016-2017,WY,82732,Regular School,High,No
560198000090,0.07,0.84,0.85,64857.0,21.6,0.12,2016-2017,WY,82009,Regular School,High,No
560198000091,0.03,0.57,0.62,45385.0,20.2,0.19,2016-2017,WY,82001,Regular School,High,No
560198000448,0.03,0.56,0.61,59263.0,18.4,0.45,2016-2017,WY,82007,Regular School,High,No
560207000121,0.02,0.64,0.74,51583.0,20.3,0.15,2016-2017,WY,82414,Regular School,High,No
560214000127,0.05,0.52,0.49,54535.0,19.5,0.15,2016-2017,WY,82633,Regular School,High,No
560215000137,0.1,0.64,0.84,62404.0,19.7,0.23,2016-2017,WY,82637,Regular School,High,No
560237000405,0.04,0.68,0.92,51759.0,20.2,0.15,2016-2017,WY,82729,Regular School,High,No
560276000152,0.07,0.5,0.67,37726.0,18.8,0.24,2016-2017,WY,82931,Regular School,High,No
560287000163,0.18,0.56,0.6,47708.0,20.3,0.16,2016-2017,WY,82520,Regular School,High,No
560299000168,0.1,0.58,0.71,45219.0,19.0,0.29,2016-2017,WY,82240,Regular School,High,No
560317000174,0.04,0.55,0.75,50161.0,18.6,0.31,2016-2017,WY,82426,Regular School,High,No
560331000180,0.02,0.63,0.68,41207.0,20.0,0.31,2016-2017,WY,82443,Regular School,High,No
560377000187,0.02,0.64,0.7,54732.0,21.0,0.18,2016-2017,WY,82834,Regular School,High,No
560406000202,0.08,0.68,0.85,66327.0,21.7,0.19,2016-2017,WY,83110,Regular School,High,No
560412000209,0.06,0.63,0.81,66783.0,21.6,0.21,2016-2017,WY,82053,Regular School,High,No
560423000214,0.03,0.69,0.83,39567.0,20.0,0.06,2016-2017,WY,82225,Regular School,High,No
560426000222,0.05,0.59,0.78,68672.0,19.8,0.17,2016-2017,WY,82937,Regular School,High,No
560445000441,0.18,0.56,0.6,47708.0,14.9,0.56,2016-2017,WY,82520,Regular School,High,No
560450000227,0.05,0.59,0.78,68672.0,20.4,0.15,2016-2017,WY,82939,Regular School,High,No
560451000229,0.06,0.67,0.8,61786.0,18.6,0.25,2016-2017,WY,82609,Regular School,High,No
560451000231,0.04,0.74,0.55,52558.0,20.1,0.22,2016-2017,WY,82601,Regular School,High,No
560483000263,0.03,0.64,0.68,45208.0,18.7,0.21,2016-2017,WY,82701,Regular School,High,No
560486000267,0.05,0.71,0.85,83750.0,22.9,0.08,2016-2017,WY,82941,Regular School,High,No
560509000273,0.03,0.68,0.52,36091.0,19.9,0.0,2016-2017,WY,82201,Regular School,High,No
560516000278,0.03,0.65,0.57,47364.0,22.5,0.19,2016-2017,WY,82435,Regular School,High,No
560522000286,0.12,0.65,0.63,49978.0,19.0,0.27,2016-2017,WY,82501,Regular School,High,No
560530200294,0.03,0.59,0.72,64891.0,18.5,0.23,2016-2017,WY,82901,Regular School,High,No
560569000311,0.07,0.63,0.81,44603.0,22.3,0.08,2016-2017,WY,82833,Regular School,High,No
560569500360,0.04,0.76,0.78,44896.0,21.5,0.18,2016-2017,WY,82801,Regular School,High,No
560576200324,0.06,0.67,0.88,92134.0,19.7,0.11,2016-2017,WY,82935,Regular School,High,No
560583000335,0.03,0.74,0.82,73849.0,21.8,0.16,2016-2017,WY,83001,Regular School,High,No
